timestamp,temperature,relative_humidity,wind_speed,solar_radiation,location,latitude,longitude,population_density,elderly_population,outdoor_worker_population
2025-05-01 00:00,28.0,79.15759,10.765445,0.0,Ainavolu,16.48505973815918,80.4857177734375,380,MEDIUM,HIGH
2025-05-01 01:00,27.9,83.77647,10.9859,0.0,Ainavolu,16.48505973815918,80.4857177734375,380,MEDIUM,HIGH
2025-05-01 02:00,27.65,87.838806,10.948973,0.0,Ainavolu,16.48505973815918,80.4857177734375,380,MEDIUM,HIGH
2025-05-01 03:00,27.65,89.152214,10.385547,0.0,Ainavolu,16.48505973815918,80.4857177734375,380,MEDIUM,HIGH
2025-05-01 04:00,27.7,89.42062,7.7650757,0.0,Ainavolu,16.48505973815918,80.4857177734375,380,MEDIUM,HIGH
2025-05-01 05:00,27.75,89.15977,7.5685663,0.0,Ainavolu,16.48505973815918,80.4857177734375,380,MEDIUM,HIGH
2025-05-01 06:00,28.45,81.86471,9.266067,26.0,Ainavolu,16.48505973815918,80.4857177734375,380,MEDIUM,HIGH
2025-05-01 07:00,30.1,73.10197,12.979984,171.0,Ainavolu,16.48505973815918,80.4857177734375,380,MEDIUM,HIGH
2025-05-01 08:00,31.9,63.641243,11.792404,345.0,Ainavolu,16.48505973815918,80.4857177734375,380,MEDIUM,HIGH
2025-05-01 09:00,33.9,53.86934,10.805999,562.0,Ainavolu,16.48505973815918,80.4857177734375,380,MEDIUM,HIGH
2025-05-01 10:00,35.8,45.35144,9.179999,723.0,Ainavolu,16.48505973815918,80.4857177734375,380,MEDIUM,HIGH
2025-05-01 11:00,37.25,40.87707,9.016185,797.0,Ainavolu,16.48505973815918,80.4857177734375,380,MEDIUM,HIGH
2025-05-01 12:00,38.3,38.258392,9.0,873.0,Ainavolu,16.48505973815918,80.4857177734375,380,MEDIUM,HIGH
2025-05-01 13:00,39.35,35.60352,8.821836,841.0,Ainavolu,16.48505973815918,80.4857177734375,380,MEDIUM,HIGH
2025-05-01 14:00,35.55,48.71009,18.272436,759.0,Ainavolu,16.48505973815918,80.4857177734375,380,MEDIUM,HIGH
2025-05-01 15:00,36.2,44.771294,10.837435,443.0,Ainavolu,16.48505973815918,80.4857177734375,380,MEDIUM,HIGH
2025-05-01 16:00,35.2,47.308975,12.632101,363.0,Ainavolu,16.48505973815918,80.4857177734375,380,MEDIUM,HIGH
2025-05-01 17:00,35.7,44.638924,10.730778,176.0,Ainavolu,16.48505973815918,80.4857177734375,380,MEDIUM,HIGH
2025-05-01 18:00,34.5,41.40311,15.955151,45.0,Ainavolu,16.48505973815918,80.4857177734375,380,MEDIUM,HIGH
2025-05-01 19:00,32.85,49.2079,14.241629,0.0,Ainavolu,16.48505973815918,80.4857177734375,380,MEDIUM,HIGH
2025-05-01 20:00,31.9,58.665245,13.690653,0.0,Ainavolu,16.48505973815918,80.4857177734375,380,MEDIUM,HIGH
2025-05-01 21:00,30.95,68.59746,12.744457,0.0,Ainavolu,16.48505973815918,80.4857177734375,380,MEDIUM,HIGH
2025-05-01 22:00,30.05,75.53062,11.837651,0.0,Ainavolu,16.48505973815918,80.4857177734375,380,MEDIUM,HIGH
2025-05-01 23:00,29.4,81.014275,11.666721,0.0,Ainavolu,16.48505973815918,80.4857177734375,380,MEDIUM,HIGH
2025-05-02 00:00,28.9,84.8848,11.453715,0.0,Ainavolu,16.48505973815918,80.4857177734375,380,MEDIUM,HIGH
2025-05-02 01:00,28.55,86.881996,9.801326,0.0,Ainavolu,16.48505973815918,80.4857177734375,380,MEDIUM,HIGH
2025-05-02 02:00,28.25,88.410614,10.464797,0.0,Ainavolu,16.48505973815918,80.4857177734375,380,MEDIUM,HIGH
2025-05-02 03:00,28.0,89.70764,11.052058,0.0,Ainavolu,16.48505973815918,80.4857177734375,380,MEDIUM,HIGH
2025-05-02 04:00,27.75,91.565636,10.009036,0.0,Ainavolu,16.48505973815918,80.4857177734375,380,MEDIUM,HIGH
2025-05-02 05:00,27.55,93.46656,8.643749,0.0,Ainavolu,16.48505973815918,80.4857177734375,380,MEDIUM,HIGH
2025-05-02 06:00,28.1,88.1373,8.574123,27.0,Ainavolu,16.48505973815918,80.4857177734375,380,MEDIUM,HIGH
2025-05-02 07:00,30.0,76.88217,10.783487,161.0,Ainavolu,16.48505973815918,80.4857177734375,380,MEDIUM,HIGH
2025-05-02 08:00,32.4,62.989002,12.6462,383.0,Ainavolu,16.48505973815918,80.4857177734375,380,MEDIUM,HIGH
2025-05-02 09:00,33.95,55.19693,10.239453,545.0,Ainavolu,16.48505973815918,80.4857177734375,380,MEDIUM,HIGH
2025-05-02 10:00,35.4,49.413048,7.519175,694.0,Ainavolu,16.48505973815918,80.4857177734375,380,MEDIUM,HIGH
2025-05-02 11:00,35.1,49.937023,7.5685663,777.0,Ainavolu,16.48505973815918,80.4857177734375,380,MEDIUM,HIGH
2025-05-02 12:00,34.7,53.741413,8.155807,614.0,Ainavolu,16.48505973815918,80.4857177734375,380,MEDIUM,HIGH
2025-05-02 13:00,35.75,47.30859,11.778658,611.0,Ainavolu,16.48505973815918,80.4857177734375,380,MEDIUM,HIGH
2025-05-02 14:00,36.1,46.26546,14.88242,765.0,Ainavolu,16.48505973815918,80.4857177734375,380,MEDIUM,HIGH
2025-05-02 15:00,35.7,44.91227,9.387651,412.0,Ainavolu,16.48505973815918,80.4857177734375,380,MEDIUM,HIGH
2025-05-02 16:00,35.7,42.504116,9.826088,380.0,Ainavolu,16.48505973815918,80.4857177734375,380,MEDIUM,HIGH
2025-05-02 17:00,35.45,42.567814,10.484902,184.0,Ainavolu,16.48505973815918,80.4857177734375,380,MEDIUM,HIGH
2025-05-02 18:00,34.4,44.980713,14.447172,39.0,Ainavolu,16.48505973815918,80.4857177734375,380,MEDIUM,HIGH
2025-05-02 19:00,32.8,55.926807,15.893093,0.0,Ainavolu,16.48505973815918,80.4857177734375,380,MEDIUM,HIGH
2025-05-02 20:00,31.6,64.53965,16.341383,0.0,Ainavolu,16.48505973815918,80.4857177734375,380,MEDIUM,HIGH
2025-05-02 21:00,30.7,71.267166,14.761098,0.0,Ainavolu,16.48505973815918,80.4857177734375,380,MEDIUM,HIGH
2025-05-02 22:00,30.15,75.771164,12.801531,0.0,Ainavolu,16.48505973815918,80.4857177734375,380,MEDIUM,HIGH
2025-05-02 23:00,29.8,78.00271,10.436895,0.0,Ainavolu,16.48505973815918,80.4857177734375,380,MEDIUM,HIGH
2025-05-03 00:00,29.4,81.73733,11.165805,0.0,Ainavolu,16.48505973815918,80.4857177734375,380,MEDIUM,HIGH
2025-05-03 01:00,29.1,85.15633,11.063778,0.0,Ainavolu,16.48505973815918,80.4857177734375,380,MEDIUM,HIGH
2025-05-03 02:00,29.0,86.41176,11.440979,0.0,Ainavolu,16.48505973815918,80.4857177734375,380,MEDIUM,HIGH
2025-05-03 03:00,28.95,86.662254,10.934166,0.0,Ainavolu,16.48505973815918,80.4857177734375,380,MEDIUM,HIGH
2025-05-03 04:00,28.8,87.16129,9.734987,0.0,Ainavolu,16.48505973815918,80.4857177734375,380,MEDIUM,HIGH
2025-05-03 05:00,28.7,87.92705,8.996398,0.0,Ainavolu,16.48505973815918,80.4857177734375,380,MEDIUM,HIGH
2025-05-03 06:00,29.7,83.479774,10.2742,27.0,Ainavolu,16.48505973815918,80.4857177734375,380,MEDIUM,HIGH
2025-05-03 07:00,31.3,73.52145,11.734564,186.0,Ainavolu,16.48505973815918,80.4857177734375,380,MEDIUM,HIGH
2025-05-03 08:00,33.15,62.774475,11.91948,388.0,Ainavolu,16.48505973815918,80.4857177734375,380,MEDIUM,HIGH
2025-05-03 09:00,35.2,52.58734,12.535549,585.0,Ainavolu,16.48505973815918,80.4857177734375,380,MEDIUM,HIGH
2025-05-03 10:00,36.85,45.3527,12.632101,710.0,Ainavolu,16.48505973815918,80.4857177734375,380,MEDIUM,HIGH
2025-05-03 11:00,37.6,41.72597,8.783189,819.0,Ainavolu,16.48505973815918,80.4857177734375,380,MEDIUM,HIGH
2025-05-03 12:00,38.3,37.792877,2.5772078,804.0,Ainavolu,16.48505973815918,80.4857177734375,380,MEDIUM,HIGH
2025-05-03 13:00,38.5,35.923424,1.0948973,750.0,Ainavolu,16.48505973815918,80.4857177734375,380,MEDIUM,HIGH
2025-05-03 14:00,30.3,67.85775,22.450264,637.0,Ainavolu,16.48505973815918,80.4857177734375,380,MEDIUM,HIGH
2025-05-03 15:00,32.2,59.448788,7.0038276,401.0,Ainavolu,16.48505973815918,80.4857177734375,380,MEDIUM,HIGH
2025-05-03 16:00,33.4,54.237194,9.708326,336.0,Ainavolu,16.48505973815918,80.4857177734375,380,MEDIUM,HIGH
2025-05-03 17:00,33.65,53.16005,7.995323,207.0,Ainavolu,16.48505973815918,80.4857177734375,380,MEDIUM,HIGH
2025-05-03 18:00,34.3,44.677944,10.172787,40.0,Ainavolu,16.48505973815918,80.4857177734375,380,MEDIUM,HIGH
2025-05-03 19:00,33.9,49.62995,13.552696,0.0,Ainavolu,16.48505973815918,80.4857177734375,380,MEDIUM,HIGH
2025-05-03 20:00,32.75,62.6884,10.601679,0.0,Ainavolu,16.48505973815918,80.4857177734375,380,MEDIUM,HIGH
2025-05-03 21:00,31.75,67.33128,10.441551,0.0,Ainavolu,16.48505973815918,80.4857177734375,380,MEDIUM,HIGH
2025-05-03 22:00,30.95,73.0283,12.108261,0.0,Ainavolu,16.48505973815918,80.4857177734375,380,MEDIUM,HIGH
2025-05-03 23:00,30.15,79.215904,13.239486,0.0,Ainavolu,16.48505973815918,80.4857177734375,380,MEDIUM,HIGH
2025-05-04 00:00,29.5,84.69655,13.729647,0.0,Ainavolu,16.48505973815918,80.4857177734375,380,MEDIUM,HIGH
2025-05-04 01:00,29.2,87.96875,10.234705,0.0,Ainavolu,16.48505973815918,80.4857177734375,380,MEDIUM,HIGH
2025-05-04 02:00,29.0,88.99226,8.856658,0.0,Ainavolu,16.48505973815918,80.4857177734375,380,MEDIUM,HIGH
2025-05-04 03:00,28.85,89.50538,7.7420926,0.0,Ainavolu,16.48505973815918,80.4857177734375,380,MEDIUM,HIGH
2025-05-04 04:00,28.65,90.815895,7.748368,0.0,Ainavolu,16.48505973815918,80.4857177734375,380,MEDIUM,HIGH
2025-05-04 05:00,28.45,92.14702,8.39078,0.0,Ainavolu,16.48505973815918,80.4857177734375,380,MEDIUM,HIGH
2025-05-04 06:00,29.15,88.482834,8.161764,22.0,Ainavolu,16.48505973815918,80.4857177734375,380,MEDIUM,HIGH
2025-05-04 07:00,30.45,81.14597,12.124307,131.0,Ainavolu,16.48505973815918,80.4857177734375,380,MEDIUM,HIGH
2025-05-04 08:00,29.0,80.24464,12.881008,284.0,Ainavolu,16.48505973815918,80.4857177734375,380,MEDIUM,HIGH
2025-05-04 09:00,29.9,74.389755,11.1090765,384.0,Ainavolu,16.48505973815918,80.4857177734375,380,MEDIUM,HIGH
2025-05-04 10:00,33.45,57.622356,12.599998,670.0,Ainavolu,16.48505973815918,80.4857177734375,380,MEDIUM,HIGH
2025-05-04 11:00,35.25,50.734974,12.514855,856.0,Ainavolu,16.48505973815918,80.4857177734375,380,MEDIUM,HIGH
2025-05-04 12:00,36.5,45.951286,11.457958,878.0,Ainavolu,16.48505973815918,80.4857177734375,380,MEDIUM,HIGH
2025-05-04 13:00,37.4,41.54577,7.674842,847.0,Ainavolu,16.48505973815918,80.4857177734375,380,MEDIUM,HIGH
2025-05-04 14:00,37.65,40.24145,7.2403865,675.0,Ainavolu,16.48505973815918,80.4857177734375,380,MEDIUM,HIGH
2025-05-04 15:00,37.95,38.516453,6.763786,566.0,Ainavolu,16.48505973815918,80.4857177734375,380,MEDIUM,HIGH
2025-05-04 16:00,37.05,40.326435,8.538149,403.0,Ainavolu,16.48505973815918,80.4857177734375,380,MEDIUM,HIGH
2025-05-04 17:00,35.4,43.213737,3.7971036,136.0,Ainavolu,16.48505973815918,80.4857177734375,380,MEDIUM,HIGH
2025-05-04 18:00,30.3,60.658325,4.278551,46.0,Ainavolu,16.48505973815918,80.4857177734375,380,MEDIUM,HIGH
2025-05-04 19:00,29.9,62.25726,1.7076298,0.0,Ainavolu,16.48505973815918,80.4857177734375,380,MEDIUM,HIGH
2025-05-04 20:00,29.75,62.796844,4.7928696,0.0,Ainavolu,16.48505973815918,80.4857177734375,380,MEDIUM,HIGH
2025-05-04 21:00,29.3,65.03985,5.2939587,0.0,Ainavolu,16.48505973815918,80.4857177734375,380,MEDIUM,HIGH
2025-05-04 22:00,28.95,66.97896,3.9844694,0.0,Ainavolu,16.48505973815918,80.4857177734375,380,MEDIUM,HIGH
2025-05-04 23:00,28.1,72.76021,9.913082,0.0,Ainavolu,16.48505973815918,80.4857177734375,380,MEDIUM,HIGH
2025-05-05 00:00,26.85,84.92637,11.282711,0.0,Ainavolu,16.48505973815918,80.4857177734375,380,MEDIUM,HIGH
2025-05-05 01:00,26.3,90.66221,11.384199,0.0,Ainavolu,16.48505973815918,80.4857177734375,380,MEDIUM,HIGH
2025-05-05 02:00,26.2,90.92709,6.849467,0.0,Ainavolu,16.48505973815918,80.4857177734375,380,MEDIUM,HIGH
2025-05-05 03:00,26.2,90.65555,4.7657523,0.0,Ainavolu,16.48505973815918,80.4857177734375,380,MEDIUM,HIGH
2025-05-05 04:00,26.5,88.79833,7.1321807,0.0,Ainavolu,16.48505973815918,80.4857177734375,380,MEDIUM,HIGH
2025-05-05 05:00,26.55,88.27243,8.459999,0.0,Ainavolu,16.48505973815918,80.4857177734375,380,MEDIUM,HIGH
2025-05-05 06:00,27.25,84.46044,8.856658,30.0,Ainavolu,16.48505973815918,80.4857177734375,380,MEDIUM,HIGH
2025-05-05 07:00,29.0,76.27418,13.878688,190.0,Ainavolu,16.48505973815918,80.4857177734375,380,MEDIUM,HIGH
2025-05-05 08:00,31.1,65.01974,10.464797,365.0,Ainavolu,16.48505973815918,80.4857177734375,380,MEDIUM,HIGH
2025-05-05 09:00,33.15,54.836956,5.6492476,609.0,Ainavolu,16.48505973815918,80.4857177734375,380,MEDIUM,HIGH
2025-05-05 10:00,35.05,46.554844,2.0124612,790.0,Ainavolu,16.48505973815918,80.4857177734375,380,MEDIUM,HIGH
2025-05-05 11:00,36.95,38.960144,5.95906,903.0,Ainavolu,16.48505973815918,80.4857177734375,380,MEDIUM,HIGH
2025-05-05 12:00,38.25,34.33687,8.2584505,932.0,Ainavolu,16.48505973815918,80.4857177734375,380,MEDIUM,HIGH
2025-05-05 13:00,38.95,31.556541,7.519175,883.0,Ainavolu,16.48505973815918,80.4857177734375,380,MEDIUM,HIGH
2025-05-05 14:00,39.45,28.405155,6.601363,728.0,Ainavolu,16.48505973815918,80.4857177734375,380,MEDIUM,HIGH
2025-05-05 15:00,39.35,28.111694,8.139901,581.0,Ainavolu,16.48505973815918,80.4857177734375,380,MEDIUM,HIGH
2025-05-05 16:00,39.05,28.299675,11.161451,407.0,Ainavolu,16.48505973815918,80.4857177734375,380,MEDIUM,HIGH
2025-05-05 17:00,36.15,41.33702,20.118975,195.0,Ainavolu,16.48505973815918,80.4857177734375,380,MEDIUM,HIGH
2025-05-05 18:00,33.7,50.80369,17.630814,37.0,Ainavolu,16.48505973815918,80.4857177734375,380,MEDIUM,HIGH
2025-05-05 19:00,32.1,54.914932,15.807239,0.0,Ainavolu,16.48505973815918,80.4857177734375,380,MEDIUM,HIGH
2025-05-05 20:00,31.35,57.477325,12.791403,0.0,Ainavolu,16.48505973815918,80.4857177734375,380,MEDIUM,HIGH
2025-05-05 21:00,30.3,63.68497,12.37819,0.0,Ainavolu,16.48505973815918,80.4857177734375,380,MEDIUM,HIGH
2025-05-05 22:00,29.45,69.76962,10.717182,0.0,Ainavolu,16.48505973815918,80.4857177734375,380,MEDIUM,HIGH
2025-05-05 23:00,28.7,75.54454,10.883676,0.0,Ainavolu,16.48505973815918,80.4857177734375,380,MEDIUM,HIGH
2025-05-06 00:00,28.2,79.66112,11.183201,0.0,Ainavolu,16.48505973815918,80.4857177734375,380,MEDIUM,HIGH
2025-05-06 01:00,27.95,82.048874,11.39842,0.0,Ainavolu,16.48505973815918,80.4857177734375,380,MEDIUM,HIGH
2025-05-06 02:00,27.75,85.01896,10.472536,0.0,Ainavolu,16.48505973815918,80.4857177734375,380,MEDIUM,HIGH
2025-05-06 03:00,27.7,88.104225,8.775807,0.0,Ainavolu,16.48505973815918,80.4857177734375,380,MEDIUM,HIGH
2025-05-06 04:00,27.9,89.17118,7.42159,0.0,Ainavolu,16.48505973815918,80.4857177734375,380,MEDIUM,HIGH
2025-05-06 05:00,28.0,88.915276,4.6800003,0.0,Ainavolu,16.48505973815918,80.4857177734375,380,MEDIUM,HIGH
2025-05-06 06:00,29.0,81.44629,6.502461,22.0,Ainavolu,16.48505973815918,80.4857177734375,380,MEDIUM,HIGH
2025-05-06 07:00,30.15,74.43042,7.748368,131.0,Ainavolu,16.48505973815918,80.4857177734375,380,MEDIUM,HIGH
2025-05-06 08:00,32.05,62.72523,7.6642804,305.0,Ainavolu,16.48505973815918,80.4857177734375,380,MEDIUM,HIGH
2025-05-06 09:00,34.9,47.230713,9.979859,593.0,Ainavolu,16.48505973815918,80.4857177734375,380,MEDIUM,HIGH
2025-05-06 10:00,37.25,35.91821,8.649369,776.0,Ainavolu,16.48505973815918,80.4857177734375,380,MEDIUM,HIGH
2025-05-06 11:00,38.7,30.519196,4.514377,883.0,Ainavolu,16.48505973815918,80.4857177734375,380,MEDIUM,HIGH
2025-05-06 12:00,40.05,27.855053,1.5484185,908.0,Ainavolu,16.48505973815918,80.4857177734375,380,MEDIUM,HIGH
2025-05-06 13:00,39.95,27.136223,1.08,792.0,Ainavolu,16.48505973815918,80.4857177734375,380,MEDIUM,HIGH
2025-05-06 14:00,33.8,43.72428,25.097578,654.0,Ainavolu,16.48505973815918,80.4857177734375,380,MEDIUM,HIGH
2025-05-06 15:00,34.5,40.89129,8.863972,457.0,Ainavolu,16.48505973815918,80.4857177734375,380,MEDIUM,HIGH
2025-05-06 16:00,35.45,38.194523,14.404499,387.0,Ainavolu,16.48505973815918,80.4857177734375,380,MEDIUM,HIGH
2025-05-06 17:00,35.45,36.330284,6.28713,211.0,Ainavolu,16.48505973815918,80.4857177734375,380,MEDIUM,HIGH
2025-05-06 18:00,33.45,48.76134,8.181589,43.0,Ainavolu,16.48505973815918,80.4857177734375,380,MEDIUM,HIGH
2025-05-06 19:00,32.05,58.168972,9.396275,0.0,Ainavolu,16.48505973815918,80.4857177734375,380,MEDIUM,HIGH
2025-05-06 20:00,31.55,60.388176,6.8423676,0.0,Ainavolu,16.48505973815918,80.4857177734375,380,MEDIUM,HIGH
2025-05-06 21:00,30.6,66.30131,11.238113,0.0,Ainavolu,16.48505973815918,80.4857177734375,380,MEDIUM,HIGH
2025-05-06 22:00,29.75,78.46005,10.132897,0.0,Ainavolu,16.48505973815918,80.4857177734375,380,MEDIUM,HIGH
2025-05-06 23:00,29.25,83.18337,10.1902895,0.0,Ainavolu,16.48505973815918,80.4857177734375,380,MEDIUM,HIGH
2025-05-07 00:00,28.8,85.8843,10.717182,0.0,Ainavolu,16.48505973815918,80.4857177734375,380,MEDIUM,HIGH
2025-05-07 01:00,28.55,86.62554,10.589448,0.0,Ainavolu,16.48505973815918,80.4857177734375,380,MEDIUM,HIGH
2025-05-07 02:00,28.25,88.410614,9.761578,0.0,Ainavolu,16.48505973815918,80.4857177734375,380,MEDIUM,HIGH
2025-05-07 03:00,28.05,90.509544,9.194106,0.0,Ainavolu,16.48505973815918,80.4857177734375,380,MEDIUM,HIGH
2025-05-07 04:00,27.9,92.38823,8.709098,0.0,Ainavolu,16.48505973815918,80.4857177734375,380,MEDIUM,HIGH
2025-05-07 05:00,27.8,94.03023,6.698806,0.0,Ainavolu,16.48505973815918,80.4857177734375,380,MEDIUM,HIGH
2025-05-07 06:00,28.75,86.643875,9.144637,19.0,Ainavolu,16.48505973815918,80.4857177734375,380,MEDIUM,HIGH
2025-05-07 07:00,30.0,79.19546,6.297428,138.0,Ainavolu,16.48505973815918,80.4857177734375,380,MEDIUM,HIGH
2025-05-07 08:00,31.8,67.3411,8.528657,336.0,Ainavolu,16.48505973815918,80.4857177734375,380,MEDIUM,HIGH
2025-05-07 09:00,31.45,62.21884,2.4482648,520.0,Ainavolu,16.48505973815918,80.4857177734375,380,MEDIUM,HIGH
2025-05-07 10:00,33.7,54.31058,2.8001428,749.0,Ainavolu,16.48505973815918,80.4857177734375,380,MEDIUM,HIGH
2025-05-07 11:00,35.4,48.671444,5.4149795,847.0,Ainavolu,16.48505973815918,80.4857177734375,380,MEDIUM,HIGH
2025-05-07 12:00,36.6,44.60549,6.330782,885.0,Ainavolu,16.48505973815918,80.4857177734375,380,MEDIUM,HIGH
2025-05-07 13:00,37.2,40.61455,5.8048253,824.0,Ainavolu,16.48505973815918,80.4857177734375,380,MEDIUM,HIGH
2025-05-07 14:00,37.6,37.952553,7.5170207,728.0,Ainavolu,16.48505973815918,80.4857177734375,380,MEDIUM,HIGH
2025-05-07 15:00,37.95,35.225628,9.743305,544.0,Ainavolu,16.48505973815918,80.4857177734375,380,MEDIUM,HIGH
2025-05-07 16:00,29.85,65.55071,2.6758924,290.0,Ainavolu,16.48505973815918,80.4857177734375,380,MEDIUM,HIGH
2025-05-07 17:00,31.3,60.331764,4.514377,176.0,Ainavolu,16.48505973815918,80.4857177734375,380,MEDIUM,HIGH
2025-05-07 18:00,29.65,63.15952,12.976239,40.0,Ainavolu,16.48505973815918,80.4857177734375,380,MEDIUM,HIGH
2025-05-07 19:00,29.65,67.1185,6.391901,0.0,Ainavolu,16.48505973815918,80.4857177734375,380,MEDIUM,HIGH
2025-05-07 20:00,29.75,67.750275,6.544677,0.0,Ainavolu,16.48505973815918,80.4857177734375,380,MEDIUM,HIGH
2025-05-07 21:00,29.6,68.13185,9.4238205,0.0,Ainavolu,16.48505973815918,80.4857177734375,380,MEDIUM,HIGH
2025-05-07 22:00,29.4,70.182655,7.6579366,0.0,Ainavolu,16.48505973815918,80.4857177734375,380,MEDIUM,HIGH
2025-05-07 23:00,29.1,76.97702,7.8149853,0.0,Ainavolu,16.48505973815918,80.4857177734375,380,MEDIUM,HIGH
2025-05-08 00:00,28.75,82.88024,8.596766,0.0,Ainavolu,16.48505973815918,80.4857177734375,380,MEDIUM,HIGH
2025-05-08 01:00,28.45,85.8504,8.383054,0.0,Ainavolu,16.48505973815918,80.4857177734375,380,MEDIUM,HIGH
2025-05-08 02:00,28.1,87.87672,8.37532,0.0,Ainavolu,16.48505973815918,80.4857177734375,380,MEDIUM,HIGH
2025-05-08 03:00,27.85,89.69681,7.8149853,0.0,Ainavolu,16.48505973815918,80.4857177734375,380,MEDIUM,HIGH
2025-05-08 04:00,27.7,90.4861,8.131936,0.0,Ainavolu,16.48505973815918,80.4857177734375,380,MEDIUM,HIGH
2025-05-08 05:00,27.45,92.09105,6.989936,0.0,Ainavolu,16.48505973815918,80.4857177734375,380,MEDIUM,HIGH
2025-05-08 06:00,29.25,80.99533,7.69592,27.0,Ainavolu,16.48505973815918,80.4857177734375,380,MEDIUM,HIGH
2025-05-08 07:00,30.65,72.76062,6.8423676,169.0,Ainavolu,16.48505973815918,80.4857177734375,380,MEDIUM,HIGH
2025-05-08 08:00,32.7,59.7422,4.379589,383.0,Ainavolu,16.48505973815918,80.4857177734375,380,MEDIUM,HIGH
2025-05-08 09:00,34.7,49.683945,5.994297,602.0,Ainavolu,16.48505973815918,80.4857177734375,380,MEDIUM,HIGH
2025-05-08 10:00,36.15,43.813465,3.06,749.0,Ainavolu,16.48505973815918,80.4857177734375,380,MEDIUM,HIGH
2025-05-08 11:00,37.15,39.98418,3.381893,840.0,Ainavolu,16.48505973815918,80.4857177734375,380,MEDIUM,HIGH
2025-05-08 12:00,38.1,35.5948,4.514377,849.0,Ainavolu,16.48505973815918,80.4857177734375,380,MEDIUM,HIGH
2025-05-08 13:00,38.05,34.38942,6.698806,453.0,Ainavolu,16.48505973815918,80.4857177734375,380,MEDIUM,HIGH
2025-05-08 14:00,27.45,79.08177,28.055182,218.0,Ainavolu,16.48505973815918,80.4857177734375,380,MEDIUM,HIGH
2025-05-08 15:00,29.2,72.076126,4.1085763,296.0,Ainavolu,16.48505973815918,80.4857177734375,380,MEDIUM,HIGH
2025-05-08 16:00,31.15,57.95849,6.5248446,323.0,Ainavolu,16.48505973815918,80.4857177734375,380,MEDIUM,HIGH
2025-05-08 17:00,30.85,63.417477,10.787993,173.0,Ainavolu,16.48505973815918,80.4857177734375,380,MEDIUM,HIGH
2025-05-08 18:00,30.5,59.4203,7.491114,46.0,Ainavolu,16.48505973815918,80.4857177734375,380,MEDIUM,HIGH
2025-05-08 19:00,30.15,58.97709,5.9644947,0.0,Ainavolu,16.48505973815918,80.4857177734375,380,MEDIUM,HIGH
2025-05-08 20:00,29.65,62.58369,3.4949677,0.0,Ainavolu,16.48505973815918,80.4857177734375,380,MEDIUM,HIGH
2025-05-08 21:00,29.0,66.5823,3.572898,0.0,Ainavolu,16.48505973815918,80.4857177734375,380,MEDIUM,HIGH
2025-05-08 22:00,29.15,67.63252,6.8919086,0.0,Ainavolu,16.48505973815918,80.4857177734375,380,MEDIUM,HIGH
2025-05-08 23:00,28.7,70.47919,4.6938257,0.0,Ainavolu,16.48505973815918,80.4857177734375,380,MEDIUM,HIGH
2025-05-09 00:00,28.2,72.77744,6.452441,0.0,Ainavolu,16.48505973815918,80.4857177734375,380,MEDIUM,HIGH
2025-05-09 01:00,28.15,72.76882,8.490582,0.0,Ainavolu,16.48505973815918,80.4857177734375,380,MEDIUM,HIGH
2025-05-09 02:00,27.45,76.961365,3.710795,0.0,Ainavolu,16.48505973815918,80.4857177734375,380,MEDIUM,HIGH
2025-05-09 03:00,27.2,80.491104,3.143565,0.0,Ainavolu,16.48505973815918,80.4857177734375,380,MEDIUM,HIGH
2025-05-09 04:00,27.15,84.70327,0.742159,0.0,Ainavolu,16.48505973815918,80.4857177734375,380,MEDIUM,HIGH
2025-05-09 05:00,27.05,85.97064,0.8049845,0.0,Ainavolu,16.48505973815918,80.4857177734375,380,MEDIUM,HIGH
2025-05-09 06:00,27.6,78.8646,1.8089776,22.0,Ainavolu,16.48505973815918,80.4857177734375,380,MEDIUM,HIGH
2025-05-09 07:00,29.3,74.96259,3.9966488,190.0,Ainavolu,16.48505973815918,80.4857177734375,380,MEDIUM,HIGH
2025-05-09 08:00,31.2,66.62154,5.8631387,404.0,Ainavolu,16.48505973815918,80.4857177734375,380,MEDIUM,HIGH
2025-05-09 09:00,32.85,55.432617,6.379216,482.0,Ainavolu,16.48505973815918,80.4857177734375,380,MEDIUM,HIGH
2025-05-09 10:00,34.95,45.12667,4.846648,783.0,Ainavolu,16.48505973815918,80.4857177734375,380,MEDIUM,HIGH
2025-05-09 11:00,36.3,39.388283,3.4623692,885.0,Ainavolu,16.48505973815918,80.4857177734375,380,MEDIUM,HIGH
2025-05-09 12:00,37.0,36.524784,1.9134263,807.0,Ainavolu,16.48505973815918,80.4857177734375,380,MEDIUM,HIGH
2025-05-09 13:00,37.8,34.535862,0.71999997,849.0,Ainavolu,16.48505973815918,80.4857177734375,380,MEDIUM,HIGH
2025-05-09 14:00,38.1,33.76772,4.445672,753.0,Ainavolu,16.48505973815918,80.4857177734375,380,MEDIUM,HIGH
2025-05-09 15:00,37.85,34.016453,8.3520775,598.0,Ainavolu,16.48505973815918,80.4857177734375,380,MEDIUM,HIGH
2025-05-09 16:00,36.0,36.82352,2.1068459,361.0,Ainavolu,16.48505973815918,80.4857177734375,380,MEDIUM,HIGH
2025-05-09 17:00,35.25,41.863506,9.614426,170.0,Ainavolu,16.48505973815918,80.4857177734375,380,MEDIUM,HIGH
2025-05-09 18:00,32.9,56.1204,14.145756,45.0,Ainavolu,16.48505973815918,80.4857177734375,380,MEDIUM,HIGH
2025-05-09 19:00,31.8,63.42927,11.952054,0.0,Ainavolu,16.48505973815918,80.4857177734375,380,MEDIUM,HIGH
2025-05-09 20:00,31.15,65.81667,12.870944,0.0,Ainavolu,16.48505973815918,80.4857177734375,380,MEDIUM,HIGH
2025-05-09 21:00,30.45,68.50176,11.599879,0.0,Ainavolu,16.48505973815918,80.4857177734375,380,MEDIUM,HIGH
2025-05-09 22:00,29.8,71.74934,9.984729,0.0,Ainavolu,16.48505973815918,80.4857177734375,380,MEDIUM,HIGH
2025-05-09 23:00,29.25,75.63086,9.504272,0.0,Ainavolu,16.48505973815918,80.4857177734375,380,MEDIUM,HIGH
2025-05-10 00:00,28.75,80.45132,9.039514,0.0,Ainavolu,16.48505973815918,80.4857177734375,380,MEDIUM,HIGH
2025-05-10 01:00,28.4,84.08088,8.61371,0.0,Ainavolu,16.48505973815918,80.4857177734375,380,MEDIUM,HIGH
2025-05-10 02:00,28.2,86.59326,7.814986,0.0,Ainavolu,16.48505973815918,80.4857177734375,380,MEDIUM,HIGH
2025-05-10 03:00,28.05,88.65649,7.7983837,0.0,Ainavolu,16.48505973815918,80.4857177734375,380,MEDIUM,HIGH
2025-05-10 04:00,27.9,90.23247,5.8104043,0.0,Ainavolu,16.48505973815918,80.4857177734375,380,MEDIUM,HIGH
2025-05-10 05:00,27.8,91.02935,4.445672,0.0,Ainavolu,16.48505973815918,80.4857177734375,380,MEDIUM,HIGH
2025-05-10 06:00,29.25,86.18103,8.507737,31.0,Ainavolu,16.48505973815918,80.4857177734375,380,MEDIUM,HIGH
2025-05-10 07:00,30.7,77.2141,9.444426,179.0,Ainavolu,16.48505973815918,80.4857177734375,380,MEDIUM,HIGH
2025-05-10 08:00,32.2,67.62009,9.906544,379.0,Ainavolu,16.48505973815918,80.4857177734375,380,MEDIUM,HIGH
2025-05-10 09:00,33.45,60.451454,8.149847,533.0,Ainavolu,16.48505973815918,80.4857177734375,380,MEDIUM,HIGH
2025-05-10 10:00,34.65,54.378555,6.6818557,681.0,Ainavolu,16.48505973815918,80.4857177734375,380,MEDIUM,HIGH
2025-05-10 11:00,35.95,48.519367,4.6938252,798.0,Ainavolu,16.48505973815918,80.4857177734375,380,MEDIUM,HIGH
2025-05-10 12:00,37.35,40.038063,1.609969,729.0,Ainavolu,16.48505973815918,80.4857177734375,380,MEDIUM,HIGH
2025-05-10 13:00,36.35,40.385593,3.462369,445.0,Ainavolu,16.48505973815918,80.4857177734375,380,MEDIUM,HIGH
2025-05-10 14:00,35.6,43.80096,10.094454,682.0,Ainavolu,16.48505973815918,80.4857177734375,380,MEDIUM,HIGH
2025-05-10 15:00,36.45,40.786957,7.256032,530.0,Ainavolu,16.48505973815918,80.4857177734375,380,MEDIUM,HIGH
2025-05-10 16:00,36.25,41.11056,6.792466,431.0,Ainavolu,16.48505973815918,80.4857177734375,380,MEDIUM,HIGH
2025-05-10 17:00,35.3,43.720966,5.09435,191.0,Ainavolu,16.48505973815918,80.4857177734375,380,MEDIUM,HIGH
2025-05-10 18:00,33.2,50.213394,5.771239,46.0,Ainavolu,16.48505973815918,80.4857177734375,380,MEDIUM,HIGH
2025-05-10 19:00,32.65,52.589226,7.3799996,0.0,Ainavolu,16.48505973815918,80.4857177734375,380,MEDIUM,HIGH
2025-05-10 20:00,31.95,57.61869,7.120815,0.0,Ainavolu,16.48505973815918,80.4857177734375,380,MEDIUM,HIGH
2025-05-10 21:00,31.1,64.24123,9.0,0.0,Ainavolu,16.48505973815918,80.4857177734375,380,MEDIUM,HIGH
2025-05-10 22:00,30.2,72.25055,9.499157,0.0,Ainavolu,16.48505973815918,80.4857177734375,380,MEDIUM,HIGH
2025-05-10 23:00,29.55,78.43191,8.909545,0.0,Ainavolu,16.48505973815918,80.4857177734375,380,MEDIUM,HIGH
2025-05-11 00:00,29.1,82.675285,7.208994,0.0,Ainavolu,16.48505973815918,80.4857177734375,380,MEDIUM,HIGH
2025-05-11 01:00,28.7,86.128845,7.388775,0.0,Ainavolu,16.48505973815918,80.4857177734375,380,MEDIUM,HIGH
2025-05-11 02:00,28.4,88.94616,6.8612823,0.0,Ainavolu,16.48505973815918,80.4857177734375,380,MEDIUM,HIGH
2025-05-11 03:00,28.05,91.8538,4.7657523,0.0,Ainavolu,16.48505973815918,80.4857177734375,380,MEDIUM,HIGH
2025-05-11 04:00,27.85,93.480576,3.710795,0.0,Ainavolu,16.48505973815918,80.4857177734375,380,MEDIUM,HIGH
2025-05-11 05:00,27.65,95.137405,3.5455887,0.0,Ainavolu,16.48505973815918,80.4857177734375,380,MEDIUM,HIGH
2025-05-11 06:00,28.95,88.98843,6.361415,32.0,Ainavolu,16.48505973815918,80.4857177734375,380,MEDIUM,HIGH
2025-05-11 07:00,30.65,78.586105,6.8541956,189.0,Ainavolu,16.48505973815918,80.4857177734375,380,MEDIUM,HIGH
2025-05-11 08:00,33.0,61.997677,6.8423676,408.0,Ainavolu,16.48505973815918,80.4857177734375,380,MEDIUM,HIGH
2025-05-11 09:00,35.1,50.39183,5.6492476,615.0,Ainavolu,16.48505973815918,80.4857177734375,380,MEDIUM,HIGH
2025-05-11 10:00,36.75,41.88068,3.710795,775.0,Ainavolu,16.48505973815918,80.4857177734375,380,MEDIUM,HIGH
2025-05-11 11:00,37.9,36.205933,2.2553935,839.0,Ainavolu,16.48505973815918,80.4857177734375,380,MEDIUM,HIGH
2025-05-11 12:00,38.75,33.214825,3.362677,867.0,Ainavolu,16.48505973815918,80.4857177734375,380,MEDIUM,HIGH
2025-05-11 13:00,39.2,31.329477,3.7799997,846.0,Ainavolu,16.48505973815918,80.4857177734375,380,MEDIUM,HIGH
2025-05-11 14:00,39.35,29.748018,3.9966483,714.0,Ainavolu,16.48505973815918,80.4857177734375,380,MEDIUM,HIGH
2025-05-11 15:00,39.45,28.94614,4.91634,602.0,Ainavolu,16.48505973815918,80.4857177734375,380,MEDIUM,HIGH
2025-05-11 16:00,39.15,29.416553,4.072935,396.0,Ainavolu,16.48505973815918,80.4857177734375,380,MEDIUM,HIGH
2025-05-11 17:00,37.55,34.68339,10.009036,201.0,Ainavolu,16.48505973815918,80.4857177734375,380,MEDIUM,HIGH
2025-05-11 18:00,35.95,39.171936,12.320471,46.0,Ainavolu,16.48505973815918,80.4857177734375,380,MEDIUM,HIGH
2025-05-11 19:00,34.05,50.738087,13.021106,0.0,Ainavolu,16.48505973815918,80.4857177734375,380,MEDIUM,HIGH
2025-05-11 20:00,32.7,56.584335,12.849528,0.0,Ainavolu,16.48505973815918,80.4857177734375,380,MEDIUM,HIGH
2025-05-11 21:00,31.55,62.806053,10.98,0.0,Ainavolu,16.48505973815918,80.4857177734375,380,MEDIUM,HIGH
2025-05-11 22:00,30.45,74.03747,10.337079,0.0,Ainavolu,16.48505973815918,80.4857177734375,380,MEDIUM,HIGH
2025-05-11 23:00,29.65,84.463295,10.706595,0.0,Ainavolu,16.48505973815918,80.4857177734375,380,MEDIUM,HIGH
2025-05-12 00:00,29.05,90.04666,9.526405,0.0,Ainavolu,16.48505973815918,80.4857177734375,380,MEDIUM,HIGH
2025-05-12 01:00,28.6,93.24199,7.208994,0.0,Ainavolu,16.48505973815918,80.4857177734375,380,MEDIUM,HIGH
2025-05-12 02:00,28.35,95.16187,6.6624317,0.0,Ainavolu,16.48505973815918,80.4857177734375,380,MEDIUM,HIGH
2025-05-12 03:00,28.25,95.99758,6.5693827,0.0,Ainavolu,16.48505973815918,80.4857177734375,380,MEDIUM,HIGH
2025-05-12 04:00,27.95,97.12034,5.0688457,0.0,Ainavolu,16.48505973815918,80.4857177734375,380,MEDIUM,HIGH
2025-05-12 05:00,27.55,98.25831,2.97953,0.0,Ainavolu,16.48505973815918,80.4857177734375,380,MEDIUM,HIGH
2025-05-12 06:00,29.3,88.49481,5.22,31.0,Ainavolu,16.48505973815918,80.4857177734375,380,MEDIUM,HIGH
2025-05-12 07:00,30.85,78.38281,2.5959969,187.0,Ainavolu,16.48505973815918,80.4857177734375,380,MEDIUM,HIGH
2025-05-12 08:00,33.1,65.43053,2.8460498,406.0,Ainavolu,16.48505973815918,80.4857177734375,380,MEDIUM,HIGH
2025-05-12 09:00,35.4,53.43111,4.3349743,613.0,Ainavolu,16.48505973815918,80.4857177734375,380,MEDIUM,HIGH
2025-05-12 10:00,37.3,43.324074,4.412754,756.0,Ainavolu,16.48505973815918,80.4857177734375,380,MEDIUM,HIGH
2025-05-12 11:00,38.6,35.075367,4.7928696,802.0,Ainavolu,16.48505973815918,80.4857177734375,380,MEDIUM,HIGH
2025-05-12 12:00,39.3,29.828035,5.223103,791.0,Ainavolu,16.48505973815918,80.4857177734375,380,MEDIUM,HIGH
2025-05-12 13:00,39.5,26.763195,4.503598,738.0,Ainavolu,16.48505973815918,80.4857177734375,380,MEDIUM,HIGH
2025-05-12 14:00,40.05,23.389833,3.148714,746.0,Ainavolu,16.48505973815918,80.4857177734375,380,MEDIUM,HIGH
2025-05-12 15:00,40.0,22.20276,4.2481523,619.0,Ainavolu,16.48505973815918,80.4857177734375,380,MEDIUM,HIGH
2025-05-12 16:00,39.75,22.284594,3.396233,431.0,Ainavolu,16.48505973815918,80.4857177734375,380,MEDIUM,HIGH
2025-05-12 17:00,39.35,23.667124,3.9844694,224.0,Ainavolu,16.48505973815918,80.4857177734375,380,MEDIUM,HIGH
2025-05-12 18:00,36.8,31.873842,4.8466477,45.0,Ainavolu,16.48505973815918,80.4857177734375,380,MEDIUM,HIGH
2025-05-12 19:00,35.55,37.865974,15.882896,0.0,Ainavolu,16.48505973815918,80.4857177734375,380,MEDIUM,HIGH
2025-05-12 20:00,33.65,55.793217,12.496718,0.0,Ainavolu,16.48505973815918,80.4857177734375,380,MEDIUM,HIGH
2025-05-12 21:00,32.85,59.77624,9.807935,0.0,Ainavolu,16.48505973815918,80.4857177734375,380,MEDIUM,HIGH
2025-05-12 22:00,32.05,62.537178,7.44121,0.0,Ainavolu,16.48505973815918,80.4857177734375,380,MEDIUM,HIGH
2025-05-12 23:00,31.4,65.08176,5.5216303,0.0,Ainavolu,16.48505973815918,80.4857177734375,380,MEDIUM,HIGH
2025-05-13 00:00,30.7,67.52886,3.319036,0.0,Ainavolu,16.48505973815918,80.4857177734375,380,MEDIUM,HIGH
2025-05-13 01:00,30.35,68.482544,3.381893,0.0,Ainavolu,16.48505973815918,80.4857177734375,380,MEDIUM,HIGH
2025-05-13 02:00,30.05,70.51361,1.484318,0.0,Ainavolu,16.48505973815918,80.4857177734375,380,MEDIUM,HIGH
2025-05-13 03:00,29.6,72.36298,3.4623692,0.0,Ainavolu,16.48505973815918,80.4857177734375,380,MEDIUM,HIGH
2025-05-13 04:00,29.3,74.738434,4.863332,0.0,Ainavolu,16.48505973815918,80.4857177734375,380,MEDIUM,HIGH
2025-05-13 05:00,28.9,77.87333,3.9640884,0.0,Ainavolu,16.48505973815918,80.4857177734375,380,MEDIUM,HIGH
2025-05-13 06:00,29.9,77.78588,4.379589,33.0,Ainavolu,16.48505973815918,80.4857177734375,380,MEDIUM,HIGH
2025-05-13 07:00,31.7,70.18516,3.396233,194.0,Ainavolu,16.48505973815918,80.4857177734375,380,MEDIUM,HIGH
2025-05-13 08:00,33.9,58.24805,3.8939953,404.0,Ainavolu,16.48505973815918,80.4857177734375,380,MEDIUM,HIGH
2025-05-13 09:00,36.15,47.55601,2.7534704,610.0,Ainavolu,16.48505973815918,80.4857177734375,380,MEDIUM,HIGH
2025-05-13 10:00,37.95,39.7121,0.56920993,774.0,Ainavolu,16.48505973815918,80.4857177734375,380,MEDIUM,HIGH
2025-05-13 11:00,38.8,35.346336,3.6402748,771.0,Ainavolu,16.48505973815918,80.4857177734375,380,MEDIUM,HIGH
2025-05-13 12:00,39.9,32.008263,5.3699164,889.0,Ainavolu,16.48505973815918,80.4857177734375,380,MEDIUM,HIGH
2025-05-13 13:00,40.4,28.925138,5.4477882,827.0,Ainavolu,16.48505973815918,80.4857177734375,380,MEDIUM,HIGH
2025-05-13 14:00,40.55,27.292713,5.232399,712.0,Ainavolu,16.48505973815918,80.4857177734375,380,MEDIUM,HIGH
2025-05-13 15:00,40.55,26.530745,5.0432134,605.0,Ainavolu,16.48505973815918,80.4857177734375,380,MEDIUM,HIGH
2025-05-13 16:00,40.8,25.527315,3.9966488,404.0,Ainavolu,16.48505973815918,80.4857177734375,380,MEDIUM,HIGH
2025-05-13 17:00,39.6,28.266315,5.8104043,213.0,Ainavolu,16.48505973815918,80.4857177734375,380,MEDIUM,HIGH
2025-05-13 18:00,37.65,30.71964,4.293669,48.0,Ainavolu,16.48505973815918,80.4857177734375,380,MEDIUM,HIGH
2025-05-13 19:00,34.9,48.395138,17.750774,0.0,Ainavolu,16.48505973815918,80.4857177734375,380,MEDIUM,HIGH
2025-05-13 20:00,33.25,55.865685,11.003581,0.0,Ainavolu,16.48505973815918,80.4857177734375,380,MEDIUM,HIGH
2025-05-13 21:00,32.7,57.446507,12.193588,0.0,Ainavolu,16.48505973815918,80.4857177734375,380,MEDIUM,HIGH
2025-05-13 22:00,32.0,60.307186,10.234705,0.0,Ainavolu,16.48505973815918,80.4857177734375,380,MEDIUM,HIGH
2025-05-13 23:00,31.45,62.031284,8.936778,0.0,Ainavolu,16.48505973815918,80.4857177734375,380,MEDIUM,HIGH
2025-05-14 00:00,31.0,63.833866,6.638072,0.0,Ainavolu,16.48505973815918,80.4857177734375,380,MEDIUM,HIGH
2025-05-14 01:00,30.65,66.51137,6.7757506,0.0,Ainavolu,16.48505973815918,80.4857177734375,380,MEDIUM,HIGH
2025-05-14 02:00,30.25,69.70878,5.8603754,0.0,Ainavolu,16.48505973815918,80.4857177734375,380,MEDIUM,HIGH
2025-05-14 03:00,29.8,72.614914,4.327493,0.0,Ainavolu,16.48505973815918,80.4857177734375,380,MEDIUM,HIGH
2025-05-14 04:00,29.75,73.48119,6.310277,0.0,Ainavolu,16.48505973815918,80.4857177734375,380,MEDIUM,HIGH
2025-05-14 05:00,25.75,94.222496,15.03835,0.0,Ainavolu,16.48505973815918,80.4857177734375,380,MEDIUM,HIGH
2025-05-14 06:00,25.5,90.881805,6.21717,17.0,Ainavolu,16.48505973815918,80.4857177734375,380,MEDIUM,HIGH
2025-05-14 07:00,26.6,94.81879,3.7842832,79.0,Ainavolu,16.48505973815918,80.4857177734375,380,MEDIUM,HIGH
2025-05-14 08:00,28.7,85.11583,1.484318,272.0,Ainavolu,16.48505973815918,80.4857177734375,380,MEDIUM,HIGH
2025-05-14 09:00,32.05,66.39399,3.710795,502.0,Ainavolu,16.48505973815918,80.4857177734375,380,MEDIUM,HIGH
2025-05-14 10:00,34.15,55.41145,2.3469129,591.0,Ainavolu,16.48505973815918,80.4857177734375,380,MEDIUM,HIGH
2025-05-14 11:00,35.2,50.875507,3.8939953,535.0,Ainavolu,16.48505973815918,80.4857177734375,380,MEDIUM,HIGH
2025-05-14 12:00,36.2,46.01189,4.846648,588.0,Ainavolu,16.48505973815918,80.4857177734375,380,MEDIUM,HIGH
2025-05-14 13:00,37.15,42.244305,4.6730714,662.0,Ainavolu,16.48505973815918,80.4857177734375,380,MEDIUM,HIGH
2025-05-14 14:00,37.45,39.942616,5.720489,565.0,Ainavolu,16.48505973815918,80.4857177734375,380,MEDIUM,HIGH
2025-05-14 15:00,37.1,40.093445,7.9932976,370.0,Ainavolu,16.48505973815918,80.4857177734375,380,MEDIUM,HIGH
2025-05-14 16:00,37.0,39.21423,6.638072,354.0,Ainavolu,16.48505973815918,80.4857177734375,380,MEDIUM,HIGH
2025-05-14 17:00,36.7,38.77268,6.269067,195.0,Ainavolu,16.48505973815918,80.4857177734375,380,MEDIUM,HIGH
2025-05-14 18:00,36.9,37.9972,6.4624763,47.0,Ainavolu,16.48505973815918,80.4857177734375,380,MEDIUM,HIGH
2025-05-14 19:00,35.3,45.081306,5.6262593,0.0,Ainavolu,16.48505973815918,80.4857177734375,380,MEDIUM,HIGH
2025-05-14 20:00,34.75,49.3961,8.643749,0.0,Ainavolu,16.48505973815918,80.4857177734375,380,MEDIUM,HIGH
2025-05-14 21:00,33.05,63.505203,12.979984,0.0,Ainavolu,16.48505973815918,80.4857177734375,380,MEDIUM,HIGH
2025-05-14 22:00,32.25,67.02957,10.32924,0.0,Ainavolu,16.48505973815918,80.4857177734375,380,MEDIUM,HIGH
2025-05-14 23:00,31.7,67.72419,9.313152,0.0,Ainavolu,16.48505973815918,80.4857177734375,380,MEDIUM,HIGH
2025-05-15 00:00,31.05,71.11754,9.82114,0.0,Ainavolu,16.48505973815918,80.4857177734375,380,MEDIUM,HIGH
2025-05-15 01:00,30.55,76.50998,9.499158,0.0,Ainavolu,16.48505973815918,80.4857177734375,380,MEDIUM,HIGH
2025-05-15 02:00,30.2,80.87606,11.038858,0.0,Ainavolu,16.48505973815918,80.4857177734375,380,MEDIUM,HIGH
2025-05-15 03:00,30.0,84.25232,7.6409945,0.0,Ainavolu,16.48505973815918,80.4857177734375,380,MEDIUM,HIGH
2025-05-15 04:00,27.4,89.66422,14.458382,0.0,Ainavolu,16.48505973815918,80.4857177734375,380,MEDIUM,HIGH
2025-05-15 05:00,26.2,94.24126,3.7064266,0.0,Ainavolu,16.48505973815918,80.4857177734375,380,MEDIUM,HIGH
2025-05-15 06:00,29.0,84.895065,14.05845,33.0,Ainavolu,16.48505973815918,80.4857177734375,380,MEDIUM,HIGH
2025-05-15 07:00,29.0,82.90902,0.17999999,73.0,Ainavolu,16.48505973815918,80.4857177734375,380,MEDIUM,HIGH
2025-05-15 08:00,30.0,74.628204,1.2979984,121.0,Ainavolu,16.48505973815918,80.4857177734375,380,MEDIUM,HIGH
2025-05-15 09:00,32.05,61.789783,3.4949677,309.0,Ainavolu,16.48505973815918,80.4857177734375,380,MEDIUM,HIGH
2025-05-15 10:00,34.25,52.509537,6.7853074,550.0,Ainavolu,16.48505973815918,80.4857177734375,380,MEDIUM,HIGH
2025-05-15 11:00,35.6,48.57587,9.243311,664.0,Ainavolu,16.48505973815918,80.4857177734375,380,MEDIUM,HIGH
2025-05-15 12:00,36.35,46.051235,7.289445,690.0,Ainavolu,16.48505973815918,80.4857177734375,380,MEDIUM,HIGH
2025-05-15 13:00,36.45,45.79929,7.1321807,591.0,Ainavolu,16.48505973815918,80.4857177734375,380,MEDIUM,HIGH
2025-05-15 14:00,36.45,45.52262,7.3469996,495.0,Ainavolu,16.48505973815918,80.4857177734375,380,MEDIUM,HIGH
2025-05-15 15:00,36.2,46.151566,7.7420926,436.0,Ainavolu,16.48505973815918,80.4857177734375,380,MEDIUM,HIGH
2025-05-15 16:00,36.1,46.405903,7.0568266,323.0,Ainavolu,16.48505973815918,80.4857177734375,380,MEDIUM,HIGH
2025-05-15 17:00,35.15,50.709675,10.446206,158.0,Ainavolu,16.48505973815918,80.4857177734375,380,MEDIUM,HIGH
2025-05-15 18:00,36.6,39.469463,10.805999,49.0,Ainavolu,16.48505973815918,80.4857177734375,380,MEDIUM,HIGH
2025-05-15 19:00,34.3,53.160168,17.032604,0.0,Ainavolu,16.48505973815918,80.4857177734375,380,MEDIUM,HIGH
2025-05-15 20:00,32.75,58.507828,13.767352,0.0,Ainavolu,16.48505973815918,80.4857177734375,380,MEDIUM,HIGH
2025-05-15 21:00,32.35,58.592,12.996201,0.0,Ainavolu,16.48505973815918,80.4857177734375,380,MEDIUM,HIGH
2025-05-15 22:00,31.85,59.72916,10.086427,0.0,Ainavolu,16.48505973815918,80.4857177734375,380,MEDIUM,HIGH
2025-05-15 23:00,31.55,60.754753,7.823272,0.0,Ainavolu,16.48505973815918,80.4857177734375,380,MEDIUM,HIGH
2025-05-16 00:00,31.1,62.708683,7.8149853,0.0,Ainavolu,16.48505973815918,80.4857177734375,380,MEDIUM,HIGH
2025-05-16 01:00,28.55,76.66425,10.185519,0.0,Ainavolu,16.48505973815918,80.4857177734375,380,MEDIUM,HIGH
2025-05-16 02:00,27.25,87.28298,7.256032,0.0,Ainavolu,16.48505973815918,80.4857177734375,380,MEDIUM,HIGH
2025-05-16 03:00,27.3,93.73145,5.771239,0.0,Ainavolu,16.48505973815918,80.4857177734375,380,MEDIUM,HIGH
2025-05-16 04:00,27.4,91.00393,6.8423676,0.0,Ainavolu,16.48505973815918,80.4857177734375,380,MEDIUM,HIGH
2025-05-16 05:00,27.2,89.91659,1.6981165,0.0,Ainavolu,16.48505973815918,80.4857177734375,380,MEDIUM,HIGH
2025-05-16 06:00,25.55,93.93271,6.341009,8.0,Ainavolu,16.48505973815918,80.4857177734375,380,MEDIUM,HIGH
2025-05-16 07:00,26.45,88.52893,3.0811036,70.0,Ainavolu,16.48505973815918,80.4857177734375,380,MEDIUM,HIGH
2025-05-16 08:00,27.4,81.246864,1.659518,110.0,Ainavolu,16.48505973815918,80.4857177734375,380,MEDIUM,HIGH
2025-05-16 09:00,28.35,74.58451,5.426933,164.0,Ainavolu,16.48505973815918,80.4857177734375,380,MEDIUM,HIGH
2025-05-16 10:00,29.9,67.16813,5.796447,313.0,Ainavolu,16.48505973815918,80.4857177734375,380,MEDIUM,HIGH
2025-05-16 11:00,31.15,60.481197,10.036512,374.0,Ainavolu,16.48505973815918,80.4857177734375,380,MEDIUM,HIGH
2025-05-16 12:00,33.05,53.33475,9.567131,587.0,Ainavolu,16.48505973815918,80.4857177734375,380,MEDIUM,HIGH
2025-05-16 13:00,34.55,48.01086,10.233123,675.0,Ainavolu,16.48505973815918,80.4857177734375,380,MEDIUM,HIGH
2025-05-16 14:00,35.0,46.39984,9.187056,499.0,Ainavolu,16.48505973815918,80.4857177734375,380,MEDIUM,HIGH
2025-05-16 15:00,35.0,46.117226,7.989242,391.0,Ainavolu,16.48505973815918,80.4857177734375,380,MEDIUM,HIGH
2025-05-16 16:00,34.95,45.68294,4.452954,296.0,Ainavolu,16.48505973815918,80.4857177734375,380,MEDIUM,HIGH
2025-05-16 17:00,34.4,46.956,4.278551,142.0,Ainavolu,16.48505973815918,80.4857177734375,380,MEDIUM,HIGH
2025-05-16 18:00,33.5,49.678898,0.9178235,48.0,Ainavolu,16.48505973815918,80.4857177734375,380,MEDIUM,HIGH
2025-05-16 19:00,32.35,54.309708,1.3104197,0.0,Ainavolu,16.48505973815918,80.4857177734375,380,MEDIUM,HIGH
2025-05-16 20:00,31.65,57.198753,5.1575575,0.0,Ainavolu,16.48505973815918,80.4857177734375,380,MEDIUM,HIGH
2025-05-16 21:00,31.05,59.54652,6.522361,0.0,Ainavolu,16.48505973815918,80.4857177734375,380,MEDIUM,HIGH
2025-05-16 22:00,30.65,60.184593,7.8149853,0.0,Ainavolu,16.48505973815918,80.4857177734375,380,MEDIUM,HIGH
2025-05-16 23:00,30.1,63.25653,7.0911775,0.0,Ainavolu,16.48505973815918,80.4857177734375,380,MEDIUM,HIGH
2025-05-17 00:00,29.6,67.31212,4.942631,0.0,Ainavolu,16.48505973815918,80.4857177734375,380,MEDIUM,HIGH
2025-05-17 01:00,29.3,69.952644,7.8087645,0.0,Ainavolu,16.48505973815918,80.4857177734375,380,MEDIUM,HIGH
2025-05-17 02:00,29.15,74.267265,6.689125,0.0,Ainavolu,16.48505973815918,80.4857177734375,380,MEDIUM,HIGH
2025-05-17 03:00,28.65,79.01028,10.98,0.0,Ainavolu,16.48505973815918,80.4857177734375,380,MEDIUM,HIGH
2025-05-17 04:00,28.25,83.565865,6.601363,0.0,Ainavolu,16.48505973815918,80.4857177734375,380,MEDIUM,HIGH
2025-05-17 05:00,27.55,86.79116,10.210936,0.0,Ainavolu,16.48505973815918,80.4857177734375,380,MEDIUM,HIGH
2025-05-17 06:00,28.85,76.93966,6.725354,31.0,Ainavolu,16.48505973815918,80.4857177734375,380,MEDIUM,HIGH
2025-05-17 07:00,30.35,72.27659,4.752136,188.0,Ainavolu,16.48505973815918,80.4857177734375,380,MEDIUM,HIGH
2025-05-17 08:00,31.8,66.54227,1.9881649,378.0,Ainavolu,16.48505973815918,80.4857177734375,380,MEDIUM,HIGH
2025-05-17 09:00,33.4,57.9579,0.40249225,551.0,Ainavolu,16.48505973815918,80.4857177734375,380,MEDIUM,HIGH
2025-05-17 10:00,34.55,53.061867,2.6758924,650.0,Ainavolu,16.48505973815918,80.4857177734375,380,MEDIUM,HIGH
2025-05-17 11:00,35.7,47.583134,4.2481523,745.0,Ainavolu,16.48505973815918,80.4857177734375,380,MEDIUM,HIGH
2025-05-17 12:00,36.05,45.97254,5.004518,660.0,Ainavolu,16.48505973815918,80.4857177734375,380,MEDIUM,HIGH
2025-05-17 13:00,36.7,43.95956,6.66,692.0,Ainavolu,16.48505973815918,80.4857177734375,380,MEDIUM,HIGH
2025-05-17 14:00,36.15,43.813465,6.361415,440.0,Ainavolu,16.48505973815918,80.4857177734375,380,MEDIUM,HIGH
2025-05-17 15:00,37.05,41.073788,8.827344,538.0,Ainavolu,16.48505973815918,80.4857177734375,380,MEDIUM,HIGH
2025-05-17 16:00,36.05,43.2549,11.7,306.0,Ainavolu,16.48505973815918,80.4857177734375,380,MEDIUM,HIGH
2025-05-17 17:00,35.1,46.85279,13.060857,183.0,Ainavolu,16.48505973815918,80.4857177734375,380,MEDIUM,HIGH
2025-05-17 18:00,34.1,50.137207,9.224011,43.0,Ainavolu,16.48505973815918,80.4857177734375,380,MEDIUM,HIGH
2025-05-17 19:00,32.9,59.073303,13.044722,0.0,Ainavolu,16.48505973815918,80.4857177734375,380,MEDIUM,HIGH
2025-05-17 20:00,31.7,67.52257,13.393983,0.0,Ainavolu,16.48505973815918,80.4857177734375,380,MEDIUM,HIGH
2025-05-17 21:00,30.95,70.047516,12.984975,0.0,Ainavolu,16.48505973815918,80.4857177734375,380,MEDIUM,HIGH
2025-05-17 22:00,30.35,73.58151,11.466438,0.0,Ainavolu,16.48505973815918,80.4857177734375,380,MEDIUM,HIGH
2025-05-17 23:00,29.85,77.08858,9.957108,0.0,Ainavolu,16.48505973815918,80.4857177734375,380,MEDIUM,HIGH
2025-05-18 00:00,29.6,79.14084,7.193247,0.0,Ainavolu,16.48505973815918,80.4857177734375,380,MEDIUM,HIGH
2025-05-18 01:00,29.2,81.47101,5.5596404,0.0,Ainavolu,16.48505973815918,80.4857177734375,380,MEDIUM,HIGH
2025-05-18 02:00,27.65,85.77252,10.004178,0.0,Ainavolu,16.48505973815918,80.4857177734375,380,MEDIUM,HIGH
2025-05-18 03:00,27.15,89.11417,4.327493,0.0,Ainavolu,16.48505973815918,80.4857177734375,380,MEDIUM,HIGH
2025-05-18 04:00,27.1,89.110306,3.462369,0.0,Ainavolu,16.48505973815918,80.4857177734375,380,MEDIUM,HIGH
2025-05-18 05:00,27.1,89.37603,1.3104197,0.0,Ainavolu,16.48505973815918,80.4857177734375,380,MEDIUM,HIGH
2025-05-18 06:00,26.9,91.514626,2.1674871,26.0,Ainavolu,16.48505973815918,80.4857177734375,380,MEDIUM,HIGH
2025-05-18 07:00,28.5,82.85142,3.3092594,179.0,Ainavolu,16.48505973815918,80.4857177734375,380,MEDIUM,HIGH
2025-05-18 08:00,30.55,71.6671,3.4623692,395.0,Ainavolu,16.48505973815918,80.4857177734375,380,MEDIUM,HIGH
2025-05-18 09:00,32.2,61.8227,4.4274144,568.0,Ainavolu,16.48505973815918,80.4857177734375,380,MEDIUM,HIGH
2025-05-18 10:00,33.4,55.901638,4.452954,652.0,Ainavolu,16.48505973815918,80.4857177734375,380,MEDIUM,HIGH
2025-05-18 11:00,34.65,51.82153,7.344794,804.0,Ainavolu,16.48505973815918,80.4857177734375,380,MEDIUM,HIGH
2025-05-18 12:00,35.0,50.97863,9.82114,765.0,Ainavolu,16.48505973815918,80.4857177734375,380,MEDIUM,HIGH
2025-05-18 13:00,35.05,50.99125,11.442394,680.0,Ainavolu,16.48505973815918,80.4857177734375,380,MEDIUM,HIGH
2025-05-18 14:00,33.6,55.44592,10.478722,441.0,Ainavolu,16.48505973815918,80.4857177734375,380,MEDIUM,HIGH
2025-05-18 15:00,32.45,60.045982,11.866355,325.0,Ainavolu,16.48505973815918,80.4857177734375,380,MEDIUM,HIGH
2025-05-18 16:00,32.05,63.10288,10.182337,197.0,Ainavolu,16.48505973815918,80.4857177734375,380,MEDIUM,HIGH
2025-05-18 17:00,31.65,66.51227,10.914888,129.0,Ainavolu,16.48505973815918,80.4857177734375,380,MEDIUM,HIGH
2025-05-18 18:00,29.45,75.8885,10.1902895,25.0,Ainavolu,16.48505973815918,80.4857177734375,380,MEDIUM,HIGH
2025-05-18 19:00,29.45,78.4178,9.12513,0.0,Ainavolu,16.48505973815918,80.4857177734375,380,MEDIUM,HIGH
2025-05-18 20:00,29.5,81.50798,10.6261,0.0,Ainavolu,16.48505973815918,80.4857177734375,380,MEDIUM,HIGH
2025-05-18 21:00,29.65,82.252144,13.379461,0.0,Ainavolu,16.48505973815918,80.4857177734375,380,MEDIUM,HIGH
2025-05-18 22:00,29.45,82.47185,11.734564,0.0,Ainavolu,16.48505973815918,80.4857177734375,380,MEDIUM,HIGH
2025-05-18 23:00,29.1,83.659996,8.604301,0.0,Ainavolu,16.48505973815918,80.4857177734375,380,MEDIUM,HIGH
2025-05-19 00:00,28.75,85.37306,6.391901,0.0,Ainavolu,16.48505973815918,80.4857177734375,380,MEDIUM,HIGH
2025-05-19 01:00,28.35,87.12134,5.937272,0.0,Ainavolu,16.48505973815918,80.4857177734375,380,MEDIUM,HIGH
2025-05-19 02:00,28.05,88.13317,6.519877,0.0,Ainavolu,16.48505973815918,80.4857177734375,380,MEDIUM,HIGH
2025-05-19 03:00,27.05,89.638794,8.049845,0.0,Ainavolu,16.48505973815918,80.4857177734375,380,MEDIUM,HIGH
2025-05-19 04:00,26.2,96.79574,9.781473,0.0,Ainavolu,16.48505973815918,80.4857177734375,380,MEDIUM,HIGH
2025-05-19 05:00,25.55,94.21411,5.3457265,0.0,Ainavolu,16.48505973815918,80.4857177734375,380,MEDIUM,HIGH
2025-05-19 06:00,28.8,82.64036,6.1226463,32.0,Ainavolu,16.48505973815918,80.4857177734375,380,MEDIUM,HIGH
2025-05-19 07:00,29.75,79.16135,8.65873,166.0,Ainavolu,16.48505973815918,80.4857177734375,380,MEDIUM,HIGH
2025-05-19 08:00,31.45,69.931076,8.538149,395.0,Ainavolu,16.48505973815918,80.4857177734375,380,MEDIUM,HIGH
2025-05-19 09:00,33.15,61.845547,12.605142,536.0,Ainavolu,16.48505973815918,80.4857177734375,380,MEDIUM,HIGH
2025-05-19 10:00,34.6,53.234264,15.146761,646.0,Ainavolu,16.48505973815918,80.4857177734375,380,MEDIUM,HIGH
2025-05-19 11:00,31.7,65.92832,22.288042,620.0,Ainavolu,16.48505973815918,80.4857177734375,380,MEDIUM,HIGH
2025-05-19 12:00,32.6,62.09603,16.213993,600.0,Ainavolu,16.48505973815918,80.4857177734375,380,MEDIUM,HIGH
2025-05-19 13:00,33.35,59.353867,14.248452,588.0,Ainavolu,16.48505973815918,80.4857177734375,380,MEDIUM,HIGH
2025-05-19 14:00,33.0,60.350628,10.163227,560.0,Ainavolu,16.48505973815918,80.4857177734375,380,MEDIUM,HIGH
2025-05-19 15:00,33.1,59.119114,9.721666,421.0,Ainavolu,16.48505973815918,80.4857177734375,380,MEDIUM,HIGH
2025-05-19 16:00,33.25,58.447533,9.195868,355.0,Ainavolu,16.48505973815918,80.4857177734375,380,MEDIUM,HIGH
2025-05-19 17:00,32.7,60.10242,12.611567,163.0,Ainavolu,16.48505973815918,80.4857177734375,380,MEDIUM,HIGH
2025-05-19 18:00,31.4,69.09396,9.178235,44.0,Ainavolu,16.48505973815918,80.4857177734375,380,MEDIUM,HIGH
2025-05-19 19:00,30.7,72.98594,8.557102,0.0,Ainavolu,16.48505973815918,80.4857177734375,380,MEDIUM,HIGH
2025-05-19 20:00,30.05,77.57717,6.8919086,0.0,Ainavolu,16.48505973815918,80.4857177734375,380,MEDIUM,HIGH
2025-05-19 21:00,29.6,80.32285,6.763786,0.0,Ainavolu,16.48505973815918,80.4857177734375,380,MEDIUM,HIGH
2025-05-19 22:00,29.35,82.216515,5.7964473,0.0,Ainavolu,16.48505973815918,80.4857177734375,380,MEDIUM,HIGH
2025-05-19 23:00,28.95,84.63935,5.8298883,0.0,Ainavolu,16.48505973815918,80.4857177734375,380,MEDIUM,HIGH
2025-05-20 00:00,28.7,86.38375,3.7971036,0.0,Ainavolu,16.48505973815918,80.4857177734375,380,MEDIUM,HIGH
2025-05-20 01:00,28.4,87.90195,3.7842832,0.0,Ainavolu,16.48505973815918,80.4857177734375,380,MEDIUM,HIGH
2025-05-20 02:00,28.15,89.45393,3.572898,0.0,Ainavolu,16.48505973815918,80.4857177734375,380,MEDIUM,HIGH
2025-05-20 03:00,27.35,90.194565,9.080639,0.0,Ainavolu,16.48505973815918,80.4857177734375,380,MEDIUM,HIGH
2025-05-20 04:00,26.65,92.59511,11.734564,0.0,Ainavolu,16.48505973815918,80.4857177734375,380,MEDIUM,HIGH
2025-05-20 05:00,25.8,95.07186,5.9427266,0.0,Ainavolu,16.48505973815918,80.4857177734375,380,MEDIUM,HIGH
2025-05-20 06:00,26.35,94.24749,3.7064266,14.0,Ainavolu,16.48505973815918,80.4857177734375,380,MEDIUM,HIGH
2025-05-20 07:00,26.65,94.539955,5.4744864,58.0,Ainavolu,16.48505973815918,80.4857177734375,380,MEDIUM,HIGH
2025-05-20 08:00,27.2,93.45014,6.489992,116.0,Ainavolu,16.48505973815918,80.4857177734375,380,MEDIUM,HIGH
2025-05-20 09:00,27.5,92.6399,7.1208143,162.0,Ainavolu,16.48505973815918,80.4857177734375,380,MEDIUM,HIGH
2025-05-20 10:00,29.6,78.43895,8.707237,374.0,Ainavolu,16.48505973815918,80.4857177734375,380,MEDIUM,HIGH
2025-05-20 11:00,30.0,75.52276,11.119281,222.0,Ainavolu,16.48505973815918,80.4857177734375,380,MEDIUM,HIGH
2025-05-20 12:00,32.5,65.50268,9.1958685,627.0,Ainavolu,16.48505973815918,80.4857177734375,380,MEDIUM,HIGH
2025-05-20 13:00,34.0,59.857277,11.975074,794.0,Ainavolu,16.48505973815918,80.4857177734375,380,MEDIUM,HIGH
2025-05-20 14:00,33.95,59.845974,11.855429,685.0,Ainavolu,16.48505973815918,80.4857177734375,380,MEDIUM,HIGH
2025-05-20 15:00,33.6,60.66569,11.722133,539.0,Ainavolu,16.48505973815918,80.4857177734375,380,MEDIUM,HIGH
2025-05-20 16:00,32.5,64.15019,15.427586,279.0,Ainavolu,16.48505973815918,80.4857177734375,380,MEDIUM,HIGH
2025-05-20 17:00,30.65,70.83405,15.312701,147.0,Ainavolu,16.48505973815918,80.4857177734375,380,MEDIUM,HIGH
2025-05-20 18:00,30.25,74.44663,9.403169,48.0,Ainavolu,16.48505973815918,80.4857177734375,380,MEDIUM,HIGH
2025-05-20 19:00,29.95,75.965836,8.880405,0.0,Ainavolu,16.48505973815918,80.4857177734375,380,MEDIUM,HIGH
2025-05-20 20:00,29.55,77.96689,12.473363,0.0,Ainavolu,16.48505973815918,80.4857177734375,380,MEDIUM,HIGH
2025-05-20 21:00,28.85,81.91321,11.074023,0.0,Ainavolu,16.48505973815918,80.4857177734375,380,MEDIUM,HIGH
2025-05-20 22:00,28.5,83.593636,12.601285,0.0,Ainavolu,16.48505973815918,80.4857177734375,380,MEDIUM,HIGH
2025-05-20 23:00,27.1,89.110306,16.951565,0.0,Ainavolu,16.48505973815918,80.4857177734375,380,MEDIUM,HIGH
2025-05-21 00:00,26.2,95.65304,7.386582,0.0,Ainavolu,16.48505973815918,80.4857177734375,380,MEDIUM,HIGH
2025-05-21 01:00,25.95,96.50257,8.461915,0.0,Ainavolu,16.48505973815918,80.4857177734375,380,MEDIUM,HIGH
2025-05-21 02:00,26.0,95.93166,4.752136,0.0,Ainavolu,16.48505973815918,80.4857177734375,380,MEDIUM,HIGH
2025-05-21 03:00,25.9,96.78872,6.3231,0.0,Ainavolu,16.48505973815918,80.4857177734375,380,MEDIUM,HIGH
2025-05-21 04:00,26.0,96.50384,3.550155,0.0,Ainavolu,16.48505973815918,80.4857177734375,380,MEDIUM,HIGH
2025-05-21 05:00,26.05,96.21877,3.710795,0.0,Ainavolu,16.48505973815918,80.4857177734375,380,MEDIUM,HIGH
2025-05-21 06:00,26.85,92.60564,4.503598,18.0,Ainavolu,16.48505973815918,80.4857177734375,380,MEDIUM,HIGH
2025-05-21 07:00,27.5,87.565216,8.338489,101.0,Ainavolu,16.48505973815918,80.4857177734375,380,MEDIUM,HIGH
2025-05-21 08:00,28.95,78.34714,5.0142193,280.0,Ainavolu,16.48505973815918,80.4857177734375,380,MEDIUM,HIGH
2025-05-21 09:00,30.0,74.40603,5.1826253,417.0,Ainavolu,16.48505973815918,80.4857177734375,380,MEDIUM,HIGH
2025-05-21 10:00,30.75,72.561485,5.12289,480.0,Ainavolu,16.48505973815918,80.4857177734375,380,MEDIUM,HIGH
2025-05-21 11:00,32.4,65.28747,5.0528407,662.0,Ainavolu,16.48505973815918,80.4857177734375,380,MEDIUM,HIGH
2025-05-21 12:00,33.4,61.900135,6.542201,736.0,Ainavolu,16.48505973815918,80.4857177734375,380,MEDIUM,HIGH
2025-05-21 13:00,33.05,61.823704,2.657668,479.0,Ainavolu,16.48505973815918,80.4857177734375,380,MEDIUM,HIGH
2025-05-21 14:00,30.85,69.61187,8.163749,413.0,Ainavolu,16.48505973815918,80.4857177734375,380,MEDIUM,HIGH
2025-05-21 15:00,30.5,71.23149,6.12,106.0,Ainavolu,16.48505973815918,80.4857177734375,380,MEDIUM,HIGH
2025-05-21 16:00,31.45,68.48825,6.3639607,272.0,Ainavolu,16.48505973815918,80.4857177734375,380,MEDIUM,HIGH
2025-05-21 17:00,31.4,67.8682,7.653705,143.0,Ainavolu,16.48505973815918,80.4857177734375,380,MEDIUM,HIGH
2025-05-21 18:00,31.1,68.2169,3.0652895,40.0,Ainavolu,16.48505973815918,80.4857177734375,380,MEDIUM,HIGH
2025-05-21 19:00,30.3,71.40906,3.9477081,0.0,Ainavolu,16.48505973815918,80.4857177734375,380,MEDIUM,HIGH
2025-05-21 20:00,28.35,83.82589,8.067936,0.0,Ainavolu,16.48505973815918,80.4857177734375,380,MEDIUM,HIGH
2025-05-21 21:00,27.0,91.520645,3.4763772,0.0,Ainavolu,16.48505973815918,80.4857177734375,380,MEDIUM,HIGH
2025-05-21 22:00,26.6,95.10034,4.278551,0.0,Ainavolu,16.48505973815918,80.4857177734375,380,MEDIUM,HIGH
2025-05-21 23:00,26.3,94.24542,2.34,0.0,Ainavolu,16.48505973815918,80.4857177734375,380,MEDIUM,HIGH
2025-05-22 00:00,26.0,96.2174,4.1046314,0.0,Ainavolu,16.48505973815918,80.4857177734375,380,MEDIUM,HIGH
2025-05-22 01:00,25.85,97.0758,2.3469129,0.0,Ainavolu,16.48505973815918,80.4857177734375,380,MEDIUM,HIGH
2025-05-22 02:00,25.8,97.07472,1.659518,0.0,Ainavolu,16.48505973815918,80.4857177734375,380,MEDIUM,HIGH
2025-05-22 03:00,25.75,97.652855,2.6999998,0.0,Ainavolu,16.48505973815918,80.4857177734375,380,MEDIUM,HIGH
2025-05-22 04:00,25.75,96.49744,2.5071096,0.0,Ainavolu,16.48505973815918,80.4857177734375,380,MEDIUM,HIGH
2025-05-22 05:00,25.75,97.073654,0.54,0.0,Ainavolu,16.48505973815918,80.4857177734375,380,MEDIUM,HIGH
2025-05-22 06:00,25.85,95.64197,0.742159,7.0,Ainavolu,16.48505973815918,80.4857177734375,380,MEDIUM,HIGH
2025-05-22 07:00,26.4,91.75771,4.6834598,64.0,Ainavolu,16.48505973815918,80.4857177734375,380,MEDIUM,HIGH
2025-05-22 08:00,28.3,81.60266,7.3094187,301.0,Ainavolu,16.48505973815918,80.4857177734375,380,MEDIUM,HIGH
2025-05-22 09:00,30.35,70.35721,9.044888,551.0,Ainavolu,16.48505973815918,80.4857177734375,380,MEDIUM,HIGH
2025-05-22 10:00,31.9,61.756817,10.484902,676.0,Ainavolu,16.48505973815918,80.4857177734375,380,MEDIUM,HIGH
2025-05-22 11:00,32.85,56.791454,10.837435,755.0,Ainavolu,16.48505973815918,80.4857177734375,380,MEDIUM,HIGH
2025-05-22 12:00,33.85,52.409813,7.928178,780.0,Ainavolu,16.48505973815918,80.4857177734375,380,MEDIUM,HIGH
2025-05-22 13:00,34.55,49.947968,8.604301,799.0,Ainavolu,16.48505973815918,80.4857177734375,380,MEDIUM,HIGH
2025-05-22 14:00,34.5,49.482124,8.863972,595.0,Ainavolu,16.48505973815918,80.4857177734375,380,MEDIUM,HIGH
2025-05-22 15:00,34.45,50.226482,7.5019197,452.0,Ainavolu,16.48505973815918,80.4857177734375,380,MEDIUM,HIGH
2025-05-22 16:00,34.3,50.95587,8.14587,392.0,Ainavolu,16.48505973815918,80.4857177734375,380,MEDIUM,HIGH
2025-05-22 17:00,32.95,55.456757,7.628263,178.0,Ainavolu,16.48505973815918,80.4857177734375,380,MEDIUM,HIGH
2025-05-22 18:00,31.2,62.541134,16.458931,32.0,Ainavolu,16.48505973815918,80.4857177734375,380,MEDIUM,HIGH
2025-05-22 19:00,29.65,67.32204,8.297589,0.0,Ainavolu,16.48505973815918,80.4857177734375,380,MEDIUM,HIGH
2025-05-22 20:00,29.1,69.70426,6.603817,0.0,Ainavolu,16.48505973815918,80.4857177734375,380,MEDIUM,HIGH
2025-05-22 21:00,29.05,71.61656,3.6,0.0,Ainavolu,16.48505973815918,80.4857177734375,380,MEDIUM,HIGH
2025-05-22 22:00,28.5,76.19742,4.4456716,0.0,Ainavolu,16.48505973815918,80.4857177734375,380,MEDIUM,HIGH
2025-05-22 23:00,28.25,79.429596,7.3469996,0.0,Ainavolu,16.48505973815918,80.4857177734375,380,MEDIUM,HIGH
2025-05-23 00:00,28.1,81.57799,6.8919086,0.0,Ainavolu,16.48505973815918,80.4857177734375,380,MEDIUM,HIGH
2025-05-23 01:00,27.75,83.75994,3.4949677,0.0,Ainavolu,16.48505973815918,80.4857177734375,380,MEDIUM,HIGH
2025-05-23 02:00,28.1,81.57799,5.414979,0.0,Ainavolu,16.48505973815918,80.4857177734375,380,MEDIUM,HIGH
2025-05-23 03:00,28.3,82.5819,1.6981165,0.0,Ainavolu,16.48505973815918,80.4857177734375,380,MEDIUM,HIGH
2025-05-23 04:00,28.1,80.84938,3.8647635,0.0,Ainavolu,16.48505973815918,80.4857177734375,380,MEDIUM,HIGH
2025-05-23 05:00,28.15,75.23046,7.001514,0.0,Ainavolu,16.48505973815918,80.4857177734375,380,MEDIUM,HIGH
2025-05-23 06:00,28.65,69.831635,6.3639607,35.0,Ainavolu,16.48505973815918,80.4857177734375,380,MEDIUM,HIGH
2025-05-23 07:00,30.4,61.988617,5.4477882,186.0,Ainavolu,16.48505973815918,80.4857177734375,380,MEDIUM,HIGH
2025-05-23 08:00,32.25,52.00827,10.799999,402.0,Ainavolu,16.48505973815918,80.4857177734375,380,MEDIUM,HIGH
2025-05-23 09:00,33.35,48.288414,12.431734,604.0,Ainavolu,16.48505973815918,80.4857177734375,380,MEDIUM,HIGH
2025-05-23 10:00,34.25,46.486965,10.9859,758.0,Ainavolu,16.48505973815918,80.4857177734375,380,MEDIUM,HIGH
2025-05-23 11:00,35.2,43.828663,9.36173,873.0,Ainavolu,16.48505973815918,80.4857177734375,380,MEDIUM,HIGH
2025-05-23 12:00,35.7,42.504116,6.8612823,835.0,Ainavolu,16.48505973815918,80.4857177734375,380,MEDIUM,HIGH
2025-05-23 13:00,36.4,41.786816,8.880405,855.0,Ainavolu,16.48505973815918,80.4857177734375,380,MEDIUM,HIGH
2025-05-23 14:00,36.2,42.377743,9.085988,693.0,Ainavolu,16.48505973815918,80.4857177734375,380,MEDIUM,HIGH
2025-05-23 15:00,35.9,43.48017,9.252069,541.0,Ainavolu,16.48505973815918,80.4857177734375,380,MEDIUM,HIGH
2025-05-23 16:00,35.25,44.656063,6.3639607,317.0,Ainavolu,16.48505973815918,80.4857177734375,380,MEDIUM,HIGH
2025-05-23 17:00,35.05,44.87732,3.8773184,205.0,Ainavolu,16.48505973815918,80.4857177734375,380,MEDIUM,HIGH
2025-05-23 18:00,33.3,50.857094,4.73506,53.0,Ainavolu,16.48505973815918,80.4857177734375,380,MEDIUM,HIGH
2025-05-23 19:00,31.45,61.65771,13.638489,0.0,Ainavolu,16.48505973815918,80.4857177734375,380,MEDIUM,HIGH
2025-05-23 20:00,30.45,66.27104,11.7827835,0.0,Ainavolu,16.48505973815918,80.4857177734375,380,MEDIUM,HIGH
2025-05-23 21:00,30.05,68.21905,13.039754,0.0,Ainavolu,16.48505973815918,80.4857177734375,380,MEDIUM,HIGH
2025-05-23 22:00,29.9,70.91087,14.230248,0.0,Ainavolu,16.48505973815918,80.4857177734375,380,MEDIUM,HIGH
2025-05-23 23:00,29.25,72.30218,18.720863,0.0,Ainavolu,16.48505973815918,80.4857177734375,380,MEDIUM,HIGH
2025-05-24 00:00,28.4,76.4115,16.778666,0.0,Ainavolu,16.48505973815918,80.4857177734375,380,MEDIUM,HIGH
2025-05-24 01:00,27.95,80.34722,13.619471,0.0,Ainavolu,16.48505973815918,80.4857177734375,380,MEDIUM,HIGH
2025-05-24 02:00,27.7,81.52859,11.132385,0.0,Ainavolu,16.48505973815918,80.4857177734375,380,MEDIUM,HIGH
2025-05-24 03:00,27.6,83.9941,9.449572,0.0,Ainavolu,16.48505973815918,80.4857177734375,380,MEDIUM,HIGH
2025-05-24 04:00,27.45,86.782005,8.942214,0.0,Ainavolu,16.48505973815918,80.4857177734375,380,MEDIUM,HIGH
2025-05-24 05:00,27.3,88.86092,8.574123,0.0,Ainavolu,16.48505973815918,80.4857177734375,380,MEDIUM,HIGH
2025-05-24 06:00,26.35,92.579155,2.4482648,11.0,Ainavolu,16.48505973815918,80.4857177734375,380,MEDIUM,HIGH
2025-05-24 07:00,27.4,88.0794,5.5887027,83.0,Ainavolu,16.48505973815918,80.4857177734375,380,MEDIUM,HIGH
2025-05-24 08:00,29.35,78.17061,5.00128,264.0,Ainavolu,16.48505973815918,80.4857177734375,380,MEDIUM,HIGH
2025-05-24 09:00,31.8,65.55539,6.849467,539.0,Ainavolu,16.48505973815918,80.4857177734375,380,MEDIUM,HIGH
2025-05-24 10:00,33.45,55.913635,10.134495,665.0,Ainavolu,16.48505973815918,80.4857177734375,380,MEDIUM,HIGH
2025-05-24 11:00,34.55,49.796555,9.039514,738.0,Ainavolu,16.48505973815918,80.4857177734375,380,MEDIUM,HIGH
2025-05-24 12:00,35.4,47.361095,10.441551,777.0,Ainavolu,16.48505973815918,80.4857177734375,380,MEDIUM,HIGH
2025-05-24 13:00,35.65,46.996517,11.212135,787.0,Ainavolu,16.48505973815918,80.4857177734375,380,MEDIUM,HIGH
2025-05-24 14:00,35.65,47.282562,9.449572,660.0,Ainavolu,16.48505973815918,80.4857177734375,380,MEDIUM,HIGH
2025-05-24 15:00,35.8,46.468258,8.766573,606.0,Ainavolu,16.48505973815918,80.4857177734375,380,MEDIUM,HIGH
2025-05-24 16:00,33.6,53.633003,17.49337,397.0,Ainavolu,16.48505973815918,80.4857177734375,380,MEDIUM,HIGH
2025-05-24 17:00,32.05,61.419052,12.992458,136.0,Ainavolu,16.48505973815918,80.4857177734375,380,MEDIUM,HIGH
2025-05-24 18:00,32.0,61.964928,13.070776,47.0,Ainavolu,16.48505973815918,80.4857177734375,380,MEDIUM,HIGH
2025-05-24 19:00,31.05,66.59155,11.050591,0.0,Ainavolu,16.48505973815918,80.4857177734375,380,MEDIUM,HIGH
2025-05-24 20:00,30.6,69.98299,13.4903965,0.0,Ainavolu,16.48505973815918,80.4857177734375,380,MEDIUM,HIGH
2025-05-24 21:00,30.2,73.11889,13.8037815,0.0,Ainavolu,16.48505973815918,80.4857177734375,380,MEDIUM,HIGH
2025-05-24 22:00,29.75,79.39631,11.368535,0.0,Ainavolu,16.48505973815918,80.4857177734375,380,MEDIUM,HIGH
2025-05-24 23:00,29.55,82.2403,10.308831,0.0,Ainavolu,16.48505973815918,80.4857177734375,380,MEDIUM,HIGH
2025-05-25 00:00,29.4,84.68618,10.9859,0.0,Ainavolu,16.48505973815918,80.4857177734375,380,MEDIUM,HIGH
2025-05-25 01:00,29.2,83.91867,12.033103,0.0,Ainavolu,16.48505973815918,80.4857177734375,380,MEDIUM,HIGH
2025-05-25 02:00,28.95,79.761665,9.761578,0.0,Ainavolu,16.48505973815918,80.4857177734375,380,MEDIUM,HIGH
2025-05-25 03:00,28.35,82.34203,7.968939,0.0,Ainavolu,16.48505973815918,80.4857177734375,380,MEDIUM,HIGH
2025-05-25 04:00,27.95,83.28356,4.4274144,0.0,Ainavolu,16.48505973815918,80.4857177734375,380,MEDIUM,HIGH
2025-05-25 05:00,27.85,81.30327,7.2,0.0,Ainavolu,16.48505973815918,80.4857177734375,380,MEDIUM,HIGH
2025-05-25 06:00,28.2,87.108,6.489992,29.0,Ainavolu,16.48505973815918,80.4857177734375,380,MEDIUM,HIGH
2025-05-25 07:00,29.55,76.35825,7.5170207,145.0,Ainavolu,16.48505973815918,80.4857177734375,380,MEDIUM,HIGH
2025-05-25 08:00,31.1,66.00446,11.226575,331.0,Ainavolu,16.48505973815918,80.4857177734375,380,MEDIUM,HIGH
2025-05-25 09:00,32.45,60.045982,8.4042845,524.0,Ainavolu,16.48505973815918,80.4857177734375,380,MEDIUM,HIGH
2025-05-25 10:00,33.75,56.492813,8.089993,739.0,Ainavolu,16.48505973815918,80.4857177734375,380,MEDIUM,HIGH
2025-05-25 11:00,34.7,52.305252,10.070353,848.0,Ainavolu,16.48505973815918,80.4857177734375,380,MEDIUM,HIGH
2025-05-25 12:00,34.7,52.305252,12.081473,778.0,Ainavolu,16.48505973815918,80.4857177734375,380,MEDIUM,HIGH
2025-05-25 13:00,35.3,51.362617,10.44,793.0,Ainavolu,16.48505973815918,80.4857177734375,380,MEDIUM,HIGH
2025-05-25 14:00,34.2,52.4971,11.638917,652.0,Ainavolu,16.48505973815918,80.4857177734375,380,MEDIUM,HIGH
2025-05-25 15:00,32.95,57.332012,12.267763,415.0,Ainavolu,16.48505973815918,80.4857177734375,380,MEDIUM,HIGH
2025-05-25 16:00,30.95,68.39246,13.934604,255.0,Ainavolu,16.48505973815918,80.4857177734375,380,MEDIUM,HIGH
2025-05-25 17:00,27.25,90.45584,0.56920993,144.0,Ainavolu,16.48505973815918,80.4857177734375,380,MEDIUM,HIGH
2025-05-25 18:00,30.55,69.34785,7.0223074,44.0,Ainavolu,16.48505973815918,80.4857177734375,380,MEDIUM,HIGH
2025-05-25 19:00,30.15,71.38237,7.9077177,0.0,Ainavolu,16.48505973815918,80.4857177734375,380,MEDIUM,HIGH
2025-05-25 20:00,29.85,70.90186,12.487641,0.0,Ainavolu,16.48505973815918,80.4857177734375,380,MEDIUM,HIGH
2025-05-25 21:00,29.25,75.40484,13.151091,0.0,Ainavolu,16.48505973815918,80.4857177734375,380,MEDIUM,HIGH
2025-05-25 22:00,28.5,80.41888,11.966953,0.0,Ainavolu,16.48505973815918,80.4857177734375,380,MEDIUM,HIGH
2025-05-25 23:00,28.15,83.306145,9.9571085,0.0,Ainavolu,16.48505973815918,80.4857177734375,380,MEDIUM,HIGH
2025-05-26 00:00,28.05,86.57942,13.055896,0.0,Ainavolu,16.48505973815918,80.4857177734375,380,MEDIUM,HIGH
2025-05-26 01:00,27.2,88.32555,11.409785,0.0,Ainavolu,16.48505973815918,80.4857177734375,380,MEDIUM,HIGH
2025-05-26 02:00,27.35,85.232315,8.967541,0.0,Ainavolu,16.48505973815918,80.4857177734375,380,MEDIUM,HIGH
2025-05-26 03:00,27.4,83.72128,7.0911775,0.0,Ainavolu,16.48505973815918,80.4857177734375,380,MEDIUM,HIGH
2025-05-26 04:00,27.15,83.6936,8.893166,0.0,Ainavolu,16.48505973815918,80.4857177734375,380,MEDIUM,HIGH
2025-05-26 05:00,27.15,81.70588,8.209263,0.0,Ainavolu,16.48505973815918,80.4857177734375,380,MEDIUM,HIGH
2025-05-26 06:00,27.85,79.853355,8.274128,27.0,Ainavolu,16.48505973815918,80.4857177734375,380,MEDIUM,HIGH
2025-05-26 07:00,29.0,75.139626,7.7734165,150.0,Ainavolu,16.48505973815918,80.4857177734375,380,MEDIUM,HIGH
2025-05-26 08:00,30.7,65.92324,14.347028,378.0,Ainavolu,16.48505973815918,80.4857177734375,380,MEDIUM,HIGH
2025-05-26 09:00,31.7,60.42196,13.948548,470.0,Ainavolu,16.48505973815918,80.4857177734375,380,MEDIUM,HIGH
2025-05-26 10:00,32.7,55.060955,14.275713,549.0,Ainavolu,16.48505973815918,80.4857177734375,380,MEDIUM,HIGH
2025-05-26 11:00,33.0,52.516388,14.689589,487.0,Ainavolu,16.48505973815918,80.4857177734375,380,MEDIUM,HIGH
2025-05-26 12:00,32.45,53.348553,13.403656,275.0,Ainavolu,16.48505973815918,80.4857177734375,380,MEDIUM,HIGH
2025-05-26 13:00,32.85,52.000217,13.282243,361.0,Ainavolu,16.48505973815918,80.4857177734375,380,MEDIUM,HIGH
2025-05-26 14:00,33.8,49.604275,14.49531,569.0,Ainavolu,16.48505973815918,80.4857177734375,380,MEDIUM,HIGH
2025-05-26 15:00,33.75,48.83903,11.726277,476.0,Ainavolu,16.48505973815918,80.4857177734375,380,MEDIUM,HIGH
2025-05-26 16:00,33.95,47.708225,8.12197,367.0,Ainavolu,16.48505973815918,80.4857177734375,380,MEDIUM,HIGH
2025-05-26 17:00,33.55,48.34043,5.2939587,165.0,Ainavolu,16.48505973815918,80.4857177734375,380,MEDIUM,HIGH
2025-05-26 18:00,31.2,57.970215,14.113652,43.0,Ainavolu,16.48505973815918,80.4857177734375,380,MEDIUM,HIGH
2025-05-26 19:00,30.2,63.857185,6.452441,0.0,Ainavolu,16.48505973815918,80.4857177734375,380,MEDIUM,HIGH
2025-05-26 20:00,29.6,65.89836,12.124306,0.0,Ainavolu,16.48505973815918,80.4857177734375,380,MEDIUM,HIGH
2025-05-26 21:00,28.55,67.10343,11.709688,0.0,Ainavolu,16.48505973815918,80.4857177734375,380,MEDIUM,HIGH
2025-05-26 22:00,28.1,68.67316,11.638917,0.0,Ainavolu,16.48505973815918,80.4857177734375,380,MEDIUM,HIGH
2025-05-26 23:00,27.75,70.51904,9.826088,0.0,Ainavolu,16.48505973815918,80.4857177734375,380,MEDIUM,HIGH
2025-05-27 00:00,27.65,71.36641,10.495713,0.0,Ainavolu,16.48505973815918,80.4857177734375,380,MEDIUM,HIGH
2025-05-27 01:00,27.45,72.42677,10.096059,0.0,Ainavolu,16.48505973815918,80.4857177734375,380,MEDIUM,HIGH
2025-05-27 02:00,27.25,73.72836,9.743305,0.0,Ainavolu,16.48505973815918,80.4857177734375,380,MEDIUM,HIGH
2025-05-27 03:00,27.25,74.17866,10.837435,0.0,Ainavolu,16.48505973815918,80.4857177734375,380,MEDIUM,HIGH
2025-05-27 04:00,27.4,74.20347,9.9,0.0,Ainavolu,16.48505973815918,80.4857177734375,380,MEDIUM,HIGH
2025-05-27 05:00,27.3,76.011765,11.032987,0.0,Ainavolu,16.48505973815918,80.4857177734375,380,MEDIUM,HIGH
2025-05-27 06:00,28.15,74.326996,12.061341,35.0,Ainavolu,16.48505973815918,80.4857177734375,380,MEDIUM,HIGH
2025-05-27 07:00,29.2,68.467964,14.764389,152.0,Ainavolu,16.48505973815918,80.4857177734375,380,MEDIUM,HIGH
2025-05-27 08:00,30.6,60.911053,17.534992,358.0,Ainavolu,16.48505973815918,80.4857177734375,380,MEDIUM,HIGH
2025-05-27 09:00,31.85,57.246094,18.33616,526.0,Ainavolu,16.48505973815918,80.4857177734375,380,MEDIUM,HIGH
2025-05-27 10:00,32.75,53.749462,18.36794,535.0,Ainavolu,16.48505973815918,80.4857177734375,380,MEDIUM,HIGH
2025-05-27 11:00,34.05,49.216133,16.712881,625.0,Ainavolu,16.48505973815918,80.4857177734375,380,MEDIUM,HIGH
2025-05-27 12:00,35.1,46.426113,14.975741,826.0,Ainavolu,16.48505973815918,80.4857177734375,380,MEDIUM,HIGH
2025-05-27 13:00,35.65,45.450172,14.637663,785.0,Ainavolu,16.48505973815918,80.4857177734375,380,MEDIUM,HIGH
2025-05-27 14:00,36.0,44.99162,12.7546215,710.0,Ainavolu,16.48505973815918,80.4857177734375,380,MEDIUM,HIGH
2025-05-27 15:00,36.3,43.85335,13.822546,624.0,Ainavolu,16.48505973815918,80.4857177734375,380,MEDIUM,HIGH
2025-05-27 16:00,36.05,43.786873,12.081472,395.0,Ainavolu,16.48505973815918,80.4857177734375,380,MEDIUM,HIGH
2025-05-27 17:00,32.1,59.966793,11.448055,178.0,Ainavolu,16.48505973815918,80.4857177734375,380,MEDIUM,HIGH
2025-05-27 18:00,29.3,73.84755,17.146358,38.0,Ainavolu,16.48505973815918,80.4857177734375,380,MEDIUM,HIGH
2025-05-27 19:00,29.6,67.92609,16.24394,0.0,Ainavolu,16.48505973815918,80.4857177734375,380,MEDIUM,HIGH
2025-05-27 20:00,29.0,73.13461,14.348156,0.0,Ainavolu,16.48505973815918,80.4857177734375,380,MEDIUM,HIGH
2025-05-27 21:00,28.3,80.39289,11.345712,0.0,Ainavolu,16.48505973815918,80.4857177734375,380,MEDIUM,HIGH
2025-05-27 22:00,27.75,84.26157,11.837651,0.0,Ainavolu,16.48505973815918,80.4857177734375,380,MEDIUM,HIGH
2025-05-27 23:00,27.6,82.49959,12.475961,0.0,Ainavolu,16.48505973815918,80.4857177734375,380,MEDIUM,HIGH
2025-05-28 00:00,27.5,80.53011,11.032987,0.0,Ainavolu,16.48505973815918,80.4857177734375,380,MEDIUM,HIGH
2025-05-28 01:00,27.45,80.523605,9.459852,0.0,Ainavolu,16.48505973815918,80.4857177734375,380,MEDIUM,HIGH
2025-05-28 02:00,27.35,81.24057,8.227004,0.0,Ainavolu,16.48505973815918,80.4857177734375,380,MEDIUM,HIGH
2025-05-28 03:00,27.45,80.76615,7.7734165,0.0,Ainavolu,16.48505973815918,80.4857177734375,380,MEDIUM,HIGH
2025-05-28 04:00,27.6,79.34102,8.350138,0.0,Ainavolu,16.48505973815918,80.4857177734375,380,MEDIUM,HIGH
2025-05-28 05:00,27.95,72.293976,12.452566,0.0,Ainavolu,16.48505973815918,80.4857177734375,380,MEDIUM,HIGH
2025-05-28 06:00,28.45,72.16248,16.13286,29.0,Ainavolu,16.48505973815918,80.4857177734375,380,MEDIUM,HIGH
2025-05-28 07:00,29.45,69.14039,15.25865,142.0,Ainavolu,16.48505973815918,80.4857177734375,380,MEDIUM,HIGH
2025-05-28 08:00,28.65,72.635124,21.017649,229.0,Ainavolu,16.48505973815918,80.4857177734375,380,MEDIUM,HIGH
2025-05-28 09:00,29.2,75.623024,13.752047,339.0,Ainavolu,16.48505973815918,80.4857177734375,380,MEDIUM,HIGH
2025-05-28 10:00,31.4,59.445805,18.807201,369.0,Ainavolu,16.48505973815918,80.4857177734375,380,MEDIUM,HIGH
2025-05-28 11:00,33.55,50.302895,21.36851,673.0,Ainavolu,16.48505973815918,80.4857177734375,380,MEDIUM,HIGH
2025-05-28 12:00,33.75,48.392414,21.872036,551.0,Ainavolu,16.48505973815918,80.4857177734375,380,MEDIUM,HIGH
2025-05-28 13:00,34.05,47.297497,23.292444,646.0,Ainavolu,16.48505973815918,80.4857177734375,380,MEDIUM,HIGH
2025-05-28 14:00,32.4,54.654102,20.135878,457.0,Ainavolu,16.48505973815918,80.4857177734375,380,MEDIUM,HIGH
2025-05-28 15:00,32.35,54.808655,19.574533,454.0,Ainavolu,16.48505973815918,80.4857177734375,380,MEDIUM,HIGH
2025-05-28 16:00,30.7,61.678883,17.371632,169.0,Ainavolu,16.48505973815918,80.4857177734375,380,MEDIUM,HIGH
2025-05-28 17:00,29.9,65.16451,13.861168,77.0,Ainavolu,16.48505973815918,80.4857177734375,380,MEDIUM,HIGH
2025-05-28 18:00,30.45,70.58644,5.4149795,24.0,Ainavolu,16.48505973815918,80.4857177734375,380,MEDIUM,HIGH
2025-05-28 19:00,29.85,73.27846,7.2359104,0.0,Ainavolu,16.48505973815918,80.4857177734375,380,MEDIUM,HIGH
2025-05-28 20:00,29.8,72.39765,8.482947,0.0,Ainavolu,16.48505973815918,80.4857177734375,380,MEDIUM,HIGH
2025-05-28 21:00,29.55,72.571846,7.7900705,0.0,Ainavolu,16.48505973815918,80.4857177734375,380,MEDIUM,HIGH
2025-05-28 22:00,30.0,67.59491,12.904882,0.0,Ainavolu,16.48505973815918,80.4857177734375,380,MEDIUM,HIGH
2025-05-28 23:00,30.0,65.18524,15.639297,0.0,Ainavolu,16.48505973815918,80.4857177734375,380,MEDIUM,HIGH
2025-05-29 00:00,29.3,68.903175,14.205182,0.0,Ainavolu,16.48505973815918,80.4857177734375,380,MEDIUM,HIGH
2025-05-29 01:00,28.9,71.80642,15.3042345,0.0,Ainavolu,16.48505973815918,80.4857177734375,380,MEDIUM,HIGH
2025-05-29 02:00,28.35,75.03576,13.698934,0.0,Ainavolu,16.48505973815918,80.4857177734375,380,MEDIUM,HIGH
2025-05-29 03:00,28.0,76.58084,14.096425,0.0,Ainavolu,16.48505973815918,80.4857177734375,380,MEDIUM,HIGH
2025-05-29 04:00,27.85,76.78937,14.561099,0.0,Ainavolu,16.48505973815918,80.4857177734375,380,MEDIUM,HIGH
2025-05-29 05:00,27.75,77.2391,13.576582,0.0,Ainavolu,16.48505973815918,80.4857177734375,380,MEDIUM,HIGH
2025-05-29 06:00,29.05,71.83294,16.215992,18.0,Ainavolu,16.48505973815918,80.4857177734375,380,MEDIUM,HIGH
2025-05-29 07:00,29.65,71.293144,17.66753,98.0,Ainavolu,16.48505973815918,80.4857177734375,380,MEDIUM,HIGH
2025-05-29 08:00,30.05,70.93797,17.288435,157.0,Ainavolu,16.48505973815918,80.4857177734375,380,MEDIUM,HIGH
2025-05-29 09:00,31.4,65.08176,20.345573,322.0,Ainavolu,16.48505973815918,80.4857177734375,380,MEDIUM,HIGH
2025-05-29 10:00,32.25,60.72812,18.254698,380.0,Ainavolu,16.48505973815918,80.4857177734375,380,MEDIUM,HIGH
2025-05-29 11:00,32.1,61.06136,15.956163,241.0,Ainavolu,16.48505973815918,80.4857177734375,380,MEDIUM,HIGH
2025-05-29 12:00,33.0,57.86467,14.36621,320.0,Ainavolu,16.48505973815918,80.4857177734375,380,MEDIUM,HIGH
2025-05-29 13:00,34.45,53.51869,14.292725,499.0,Ainavolu,16.48505973815918,80.4857177734375,380,MEDIUM,HIGH
2025-05-29 14:00,33.2,56.703136,15.536408,605.0,Ainavolu,16.48505973815918,80.4857177734375,380,MEDIUM,HIGH
2025-05-29 15:00,34.25,53.63093,7.9383874,401.0,Ainavolu,16.48505973815918,80.4857177734375,380,MEDIUM,HIGH
2025-05-29 16:00,33.05,55.649082,14.33347,264.0,Ainavolu,16.48505973815918,80.4857177734375,380,MEDIUM,HIGH
2025-05-29 17:00,32.5,58.2737,8.893166,146.0,Ainavolu,16.48505973815918,80.4857177734375,380,MEDIUM,HIGH
2025-05-29 18:00,29.65,74.34903,7.3997297,44.0,Ainavolu,16.48505973815918,80.4857177734375,380,MEDIUM,HIGH
2025-05-29 19:00,29.05,77.431076,7.729527,0.0,Ainavolu,16.48505973815918,80.4857177734375,380,MEDIUM,HIGH
2025-05-29 20:00,28.8,78.79534,7.8149853,0.0,Ainavolu,16.48505973815918,80.4857177734375,380,MEDIUM,HIGH
2025-05-29 21:00,28.7,78.546234,6.9480934,0.0,Ainavolu,16.48505973815918,80.4857177734375,380,MEDIUM,HIGH
2025-05-29 22:00,28.6,78.532166,9.085988,0.0,Ainavolu,16.48505973815918,80.4857177734375,380,MEDIUM,HIGH
2025-05-29 23:00,28.75,77.619,10.589448,0.0,Ainavolu,16.48505973815918,80.4857177734375,380,MEDIUM,HIGH
2025-05-30 00:00,28.55,77.35753,11.091564,0.0,Ainavolu,16.48505973815918,80.4857177734375,380,MEDIUM,HIGH
2025-05-30 01:00,28.6,74.625145,12.033103,0.0,Ainavolu,16.48505973815918,80.4857177734375,380,MEDIUM,HIGH
2025-05-30 02:00,28.6,73.508896,13.661038,0.0,Ainavolu,16.48505973815918,80.4857177734375,380,MEDIUM,HIGH
2025-05-30 03:00,28.35,73.912125,12.535549,0.0,Ainavolu,16.48505973815918,80.4857177734375,380,MEDIUM,HIGH
2025-05-30 04:00,28.0,75.20653,10.706596,0.0,Ainavolu,16.48505973815918,80.4857177734375,380,MEDIUM,HIGH
2025-05-30 05:00,27.7,76.3042,10.028439,0.0,Ainavolu,16.48505973815918,80.4857177734375,380,MEDIUM,HIGH
2025-05-30 06:00,29.4,71.46324,13.450708,36.0,Ainavolu,16.48505973815918,80.4857177734375,380,MEDIUM,HIGH
2025-05-30 07:00,30.65,65.91307,11.844492,175.0,Ainavolu,16.48505973815918,80.4857177734375,380,MEDIUM,HIGH
2025-05-30 08:00,31.6,62.439487,15.779543,313.0,Ainavolu,16.48505973815918,80.4857177734375,380,MEDIUM,HIGH
2025-05-30 09:00,32.95,58.202606,17.149193,497.0,Ainavolu,16.48505973815918,80.4857177734375,380,MEDIUM,HIGH
2025-05-30 10:00,34.45,52.877434,17.548845,688.0,Ainavolu,16.48505973815918,80.4857177734375,380,MEDIUM,HIGH
2025-05-30 11:00,35.6,50.064316,18.47698,845.0,Ainavolu,16.48505973815918,80.4857177734375,380,MEDIUM,HIGH
2025-05-30 12:00,36.25,48.01448,15.771329,806.0,Ainavolu,16.48505973815918,80.4857177734375,380,MEDIUM,HIGH
2025-05-30 13:00,36.85,45.90416,16.427402,797.0,Ainavolu,16.48505973815918,80.4857177734375,380,MEDIUM,HIGH
2025-05-30 14:00,35.85,47.766365,16.474672,707.0,Ainavolu,16.48505973815918,80.4857177734375,380,MEDIUM,HIGH
2025-05-30 15:00,36.05,47.67394,11.745604,558.0,Ainavolu,16.48505973815918,80.4857177734375,380,MEDIUM,HIGH
2025-05-30 16:00,35.55,47.25654,13.403656,291.0,Ainavolu,16.48505973815918,80.4857177734375,380,MEDIUM,HIGH
2025-05-30 17:00,30.05,74.85901,10.387107,163.0,Ainavolu,16.48505973815918,80.4857177734375,380,MEDIUM,HIGH
2025-05-30 18:00,31.55,62.428642,21.188072,49.0,Ainavolu,16.48505973815918,80.4857177734375,380,MEDIUM,HIGH
2025-05-30 19:00,27.8,79.60722,19.731974,0.0,Ainavolu,16.48505973815918,80.4857177734375,380,MEDIUM,HIGH
2025-05-30 20:00,29.3,76.54842,12.996199,0.0,Ainavolu,16.48505973815918,80.4857177734375,380,MEDIUM,HIGH
2025-05-30 21:00,27.35,77.883026,18.620214,0.0,Ainavolu,16.48505973815918,80.4857177734375,380,MEDIUM,HIGH
2025-05-30 22:00,26.65,86.44905,11.038858,0.0,Ainavolu,16.48505973815918,80.4857177734375,380,MEDIUM,HIGH
2025-05-30 23:00,27.55,81.02206,10.948973,0.0,Ainavolu,16.48505973815918,80.4857177734375,380,MEDIUM,HIGH
2025-05-31 00:00,28.6,74.40073,11.9140415,0.0,Ainavolu,16.48505973815918,80.4857177734375,380,MEDIUM,HIGH
2025-05-31 01:00,28.7,73.08355,10.172787,0.0,Ainavolu,16.48505973815918,80.4857177734375,380,MEDIUM,HIGH
2025-05-31 02:00,28.75,73.75602,11.681987,0.0,Ainavolu,16.48505973815918,80.4857177734375,380,MEDIUM,HIGH
2025-05-31 03:00,28.6,73.508896,10.233123,0.0,Ainavolu,16.48505973815918,80.4857177734375,380,MEDIUM,HIGH
2025-05-31 04:00,28.8,70.711334,12.442153,0.0,Ainavolu,16.48505973815918,80.4857177734375,380,MEDIUM,HIGH
2025-05-31 05:00,29.0,68.429375,12.992458,0.0,Ainavolu,16.48505973815918,80.4857177734375,380,MEDIUM,HIGH
2025-05-31 06:00,29.1,69.49361,13.644427,13.0,Ainavolu,16.48505973815918,80.4857177734375,380,MEDIUM,HIGH
2025-05-31 07:00,30.55,63.738247,16.520823,80.0,Ainavolu,16.48505973815918,80.4857177734375,380,MEDIUM,HIGH
2025-05-31 08:00,32.15,53.60108,21.53089,311.0,Ainavolu,16.48505973815918,80.4857177734375,380,MEDIUM,HIGH
2025-05-31 09:00,32.9,51.53805,20.37899,465.0,Ainavolu,16.48505973815918,80.4857177734375,380,MEDIUM,HIGH
2025-05-31 10:00,34.2,48.066547,19.320465,685.0,Ainavolu,16.48505973815918,80.4857177734375,380,MEDIUM,HIGH
2025-05-31 11:00,35.0,46.117226,18.158602,658.0,Ainavolu,16.48505973815918,80.4857177734375,380,MEDIUM,HIGH
2025-05-31 12:00,36.3,42.40455,19.287737,777.0,Ainavolu,16.48505973815918,80.4857177734375,380,MEDIUM,HIGH
2025-05-31 13:00,36.5,40.42605,18.273325,565.0,Ainavolu,16.48505973815918,80.4857177734375,380,MEDIUM,HIGH
2025-05-31 14:00,37.0,37.790146,17.419127,597.0,Ainavolu,16.48505973815918,80.4857177734375,380,MEDIUM,HIGH
2025-05-31 15:00,37.45,35.418816,15.844089,573.0,Ainavolu,16.48505973815918,80.4857177734375,380,MEDIUM,HIGH
2025-05-31 16:00,37.0,35.628017,13.905509,320.0,Ainavolu,16.48505973815918,80.4857177734375,380,MEDIUM,HIGH
2025-05-31 17:00,36.05,38.83652,10.062305,213.0,Ainavolu,16.48505973815918,80.4857177734375,380,MEDIUM,HIGH
2025-05-31 18:00,33.35,46.96886,6.384293,57.0,Ainavolu,16.48505973815918,80.4857177734375,380,MEDIUM,HIGH
2025-05-31 19:00,32.1,50.085205,11.161451,0.0,Ainavolu,16.48505973815918,80.4857177734375,380,MEDIUM,HIGH
2025-05-31 20:00,31.95,44.604225,11.435313,0.0,Ainavolu,16.48505973815918,80.4857177734375,380,MEDIUM,HIGH
2025-05-31 21:00,30.8,49.904648,9.290511,0.0,Ainavolu,16.48505973815918,80.4857177734375,380,MEDIUM,HIGH
2025-05-31 22:00,30.55,52.222057,9.927779,0.0,Ainavolu,16.48505973815918,80.4857177734375,380,MEDIUM,HIGH
2025-05-31 23:00,30.4,52.02214,10.299397,0.0,Ainavolu,16.48505973815918,80.4857177734375,380,MEDIUM,HIGH
2025-06-01 00:00,29.9,51.733295,9.926147,0.0,Ainavolu,16.48505973815918,80.4857177734375,380,MEDIUM,HIGH
2025-06-01 01:00,29.35,51.7547,8.885877,0.0,Ainavolu,16.48505973815918,80.4857177734375,380,MEDIUM,HIGH
2025-06-01 02:00,28.6,53.043488,7.689603,0.0,Ainavolu,16.48505973815918,80.4857177734375,380,MEDIUM,HIGH
2025-06-01 03:00,28.2,54.12118,8.155807,0.0,Ainavolu,16.48505973815918,80.4857177734375,380,MEDIUM,HIGH
2025-06-01 04:00,27.9,55.422955,9.82279,0.0,Ainavolu,16.48505973815918,80.4857177734375,380,MEDIUM,HIGH
2025-06-01 05:00,28.15,54.279007,11.9317045,0.0,Ainavolu,16.48505973815918,80.4857177734375,380,MEDIUM,HIGH
2025-06-01 06:00,30.35,56.71475,15.815435,35.0,Ainavolu,16.48505973815918,80.4857177734375,380,MEDIUM,HIGH
2025-06-01 07:00,31.65,56.161892,16.279802,173.0,Ainavolu,16.48505973815918,80.4857177734375,380,MEDIUM,HIGH
2025-06-01 08:00,32.7,53.573616,19.751667,326.0,Ainavolu,16.48505973815918,80.4857177734375,380,MEDIUM,HIGH
2025-06-01 09:00,34.1,49.229023,21.559462,551.0,Ainavolu,16.48505973815918,80.4857177734375,380,MEDIUM,HIGH
2025-06-01 10:00,35.4,44.423138,20.634155,698.0,Ainavolu,16.48505973815918,80.4857177734375,380,MEDIUM,HIGH
2025-06-01 11:00,36.7,39.012653,20.397263,845.0,Ainavolu,16.48505973815918,80.4857177734375,380,MEDIUM,HIGH
2025-06-01 12:00,37.5,35.985977,19.689238,859.0,Ainavolu,16.48505973815918,80.4857177734375,380,MEDIUM,HIGH
2025-06-01 13:00,38.05,33.129314,18.687086,797.0,Ainavolu,16.48505973815918,80.4857177734375,380,MEDIUM,HIGH
2025-06-01 14:00,37.95,32.18408,17.304358,639.0,Ainavolu,16.48505973815918,80.4857177734375,380,MEDIUM,HIGH
2025-06-01 15:00,37.95,31.683668,15.455911,553.0,Ainavolu,16.48505973815918,80.4857177734375,380,MEDIUM,HIGH
2025-06-01 16:00,37.55,31.775301,12.399113,382.0,Ainavolu,16.48505973815918,80.4857177734375,380,MEDIUM,HIGH
2025-06-01 17:00,36.35,37.264843,8.227004,198.0,Ainavolu,16.48505973815918,80.4857177734375,380,MEDIUM,HIGH
2025-06-01 18:00,34.45,41.132954,8.731392,42.0,Ainavolu,16.48505973815918,80.4857177734375,380,MEDIUM,HIGH
2025-06-01 19:00,33.55,40.126457,12.42,0.0,Ainavolu,16.48505973815918,80.4857177734375,380,MEDIUM,HIGH
2025-06-01 20:00,32.55,43.660313,9.375563,0.0,Ainavolu,16.48505973815918,80.4857177734375,380,MEDIUM,HIGH
2025-06-01 21:00,32.2,44.392685,11.555103,0.0,Ainavolu,16.48505973815918,80.4857177734375,380,MEDIUM,HIGH
2025-06-01 22:00,31.75,45.824497,10.837435,0.0,Ainavolu,16.48505973815918,80.4857177734375,380,MEDIUM,HIGH
2025-06-01 23:00,30.7,51.93685,10.070353,0.0,Ainavolu,16.48505973815918,80.4857177734375,380,MEDIUM,HIGH
2025-06-02 00:00,30.2,54.617393,10.441552,0.0,Ainavolu,16.48505973815918,80.4857177734375,380,MEDIUM,HIGH
2025-06-02 01:00,30.15,53.76566,10.440001,0.0,Ainavolu,16.48505973815918,80.4857177734375,380,MEDIUM,HIGH
2025-06-02 02:00,29.9,54.20599,8.553314,0.0,Ainavolu,16.48505973815918,80.4857177734375,380,MEDIUM,HIGH
2025-06-02 03:00,29.5,55.641464,8.311245,0.0,Ainavolu,16.48505973815918,80.4857177734375,380,MEDIUM,HIGH
2025-06-02 04:00,29.2,56.789455,9.292254,0.0,Ainavolu,16.48505973815918,80.4857177734375,380,MEDIUM,HIGH
2025-06-02 05:00,29.2,57.49781,12.108261,0.0,Ainavolu,16.48505973815918,80.4857177734375,380,MEDIUM,HIGH
2025-06-02 06:00,30.25,62.523895,13.979871,37.0,Ainavolu,16.48505973815918,80.4857177734375,380,MEDIUM,HIGH
2025-06-02 07:00,31.55,57.175064,16.32055,201.0,Ainavolu,16.48505973815918,80.4857177734375,380,MEDIUM,HIGH
2025-06-02 08:00,32.55,52.403667,18.72346,411.0,Ainavolu,16.48505973815918,80.4857177734375,380,MEDIUM,HIGH
2025-06-02 09:00,33.75,47.364204,17.483181,611.0,Ainavolu,16.48505973815918,80.4857177734375,380,MEDIUM,HIGH
2025-06-02 10:00,35.0,43.10662,16.801823,766.0,Ainavolu,16.48505973815918,80.4857177734375,380,MEDIUM,HIGH
2025-06-02 11:00,36.0,38.943474,16.836496,872.0,Ainavolu,16.48505973815918,80.4857177734375,380,MEDIUM,HIGH
2025-06-02 12:00,36.8,36.69777,15.531195,914.0,Ainavolu,16.48505973815918,80.4857177734375,380,MEDIUM,HIGH
2025-06-02 13:00,37.25,35.91821,14.410121,890.0,Ainavolu,16.48505973815918,80.4857177734375,380,MEDIUM,HIGH
2025-06-02 14:00,37.35,36.846947,13.698934,794.0,Ainavolu,16.48505973815918,80.4857177734375,380,MEDIUM,HIGH
2025-06-02 15:00,37.2,39.510067,9.6480665,638.0,Ainavolu,16.48505973815918,80.4857177734375,380,MEDIUM,HIGH
2025-06-02 16:00,36.4,41.915016,9.422101,421.0,Ainavolu,16.48505973815918,80.4857177734375,380,MEDIUM,HIGH
2025-06-02 17:00,32.2,57.502857,17.283749,196.0,Ainavolu,16.48505973815918,80.4857177734375,380,MEDIUM,HIGH
2025-06-02 18:00,33.3,49.324173,6.114703,48.0,Ainavolu,16.48505973815918,80.4857177734375,380,MEDIUM,HIGH
2025-06-02 19:00,33.05,47.91403,7.9077177,0.0,Ainavolu,16.48505973815918,80.4857177734375,380,MEDIUM,HIGH
2025-06-02 20:00,31.9,56.737843,11.173057,0.0,Ainavolu,16.48505973815918,80.4857177734375,380,MEDIUM,HIGH
2025-06-02 21:00,30.75,65.34011,12.800265,0.0,Ainavolu,16.48505973815918,80.4857177734375,380,MEDIUM,HIGH
2025-06-02 22:00,30.5,70.17429,11.431063,0.0,Ainavolu,16.48505973815918,80.4857177734375,380,MEDIUM,HIGH
2025-06-02 23:00,30.4,70.15594,10.094454,0.0,Ainavolu,16.48505973815918,80.4857177734375,380,MEDIUM,HIGH
2025-06-03 00:00,30.15,70.32058,12.074766,0.0,Ainavolu,16.48505973815918,80.4857177734375,380,MEDIUM,HIGH
2025-06-03 01:00,29.55,69.999016,9.085988,0.0,Ainavolu,16.48505973815918,80.4857177734375,380,MEDIUM,HIGH
2025-06-03 02:00,29.15,66.00704,10.210936,0.0,Ainavolu,16.48505973815918,80.4857177734375,380,MEDIUM,HIGH
2025-06-03 03:00,28.75,63.15814,8.373386,0.0,Ainavolu,16.48505973815918,80.4857177734375,380,MEDIUM,HIGH
2025-06-03 04:00,28.85,61.078476,6.7205353,0.0,Ainavolu,16.48505973815918,80.4857177734375,380,MEDIUM,HIGH
2025-06-03 05:00,28.6,62.54575,5.771239,0.0,Ainavolu,16.48505973815918,80.4857177734375,380,MEDIUM,HIGH
2025-06-03 06:00,29.65,62.775116,11.203464,38.0,Ainavolu,16.48505973815918,80.4857177734375,380,MEDIUM,HIGH
2025-06-03 07:00,31.3,56.941612,12.313893,195.0,Ainavolu,16.48505973815918,80.4857177734375,380,MEDIUM,HIGH
2025-06-03 08:00,32.6,51.462112,18.18,405.0,Ainavolu,16.48505973815918,80.4857177734375,380,MEDIUM,HIGH
2025-06-03 09:00,33.75,47.364204,17.311846,606.0,Ainavolu,16.48505973815918,80.4857177734375,380,MEDIUM,HIGH
2025-06-03 10:00,34.9,43.212833,16.946787,748.0,Ainavolu,16.48505973815918,80.4857177734375,380,MEDIUM,HIGH
2025-06-03 11:00,35.65,40.196373,16.344355,792.0,Ainavolu,16.48505973815918,80.4857177734375,380,MEDIUM,HIGH
2025-06-03 12:00,36.3,38.425568,15.893093,810.0,Ainavolu,16.48505973815918,80.4857177734375,380,MEDIUM,HIGH
2025-06-03 13:00,36.85,37.51659,14.450537,812.0,Ainavolu,16.48505973815918,80.4857177734375,380,MEDIUM,HIGH
2025-06-03 14:00,36.95,37.427723,13.733186,706.0,Ainavolu,16.48505973815918,80.4857177734375,380,MEDIUM,HIGH
2025-06-03 15:00,36.7,37.128883,13.441071,572.0,Ainavolu,16.48505973815918,80.4857177734375,380,MEDIUM,HIGH
2025-06-03 16:00,36.1,38.61003,11.633348,391.0,Ainavolu,16.48505973815918,80.4857177734375,380,MEDIUM,HIGH
2025-06-03 17:00,35.55,38.82127,11.173057,203.0,Ainavolu,16.48505973815918,80.4857177734375,380,MEDIUM,HIGH
2025-06-03 18:00,33.85,42.7975,5.3305535,54.0,Ainavolu,16.48505973815918,80.4857177734375,380,MEDIUM,HIGH
2025-06-03 19:00,32.4,48.638477,4.278551,0.0,Ainavolu,16.48505973815918,80.4857177734375,380,MEDIUM,HIGH
2025-06-03 20:00,31.8,50.007954,5.7628117,0.0,Ainavolu,16.48505973815918,80.4857177734375,380,MEDIUM,HIGH
2025-06-03 21:00,31.25,51.915524,6.76618,0.0,Ainavolu,16.48505973815918,80.4857177734375,380,MEDIUM,HIGH
2025-06-03 22:00,30.75,55.431236,6.830519,0.0,Ainavolu,16.48505973815918,80.4857177734375,380,MEDIUM,HIGH
2025-06-03 23:00,30.3,61.40291,10.873252,0.0,Ainavolu,16.48505973815918,80.4857177734375,380,MEDIUM,HIGH
2025-06-04 00:00,29.7,68.56417,9.6932955,0.0,Ainavolu,16.48505973815918,80.4857177734375,380,MEDIUM,HIGH
2025-06-04 01:00,29.2,72.94891,9.080639,0.0,Ainavolu,16.48505973815918,80.4857177734375,380,MEDIUM,HIGH
2025-06-04 02:00,29.0,72.69546,8.557102,0.0,Ainavolu,16.48505973815918,80.4857177734375,380,MEDIUM,HIGH
2025-06-04 03:00,28.65,72.41603,8.936778,0.0,Ainavolu,16.48505973815918,80.4857177734375,380,MEDIUM,HIGH
2025-06-04 04:00,28.6,70.46084,7.6388745,0.0,Ainavolu,16.48505973815918,80.4857177734375,380,MEDIUM,HIGH
2025-06-04 05:00,28.35,68.93099,5.402999,0.0,Ainavolu,16.48505973815918,80.4857177734375,380,MEDIUM,HIGH
2025-06-04 06:00,30.35,65.06054,8.699793,29.0,Ainavolu,16.48505973815918,80.4857177734375,380,MEDIUM,HIGH
2025-06-04 07:00,31.45,60.000824,9.422101,108.0,Ainavolu,16.48505973815918,80.4857177734375,380,MEDIUM,HIGH
2025-06-04 08:00,32.95,51.70849,16.595179,258.0,Ainavolu,16.48505973815918,80.4857177734375,380,MEDIUM,HIGH
2025-06-04 09:00,34.15,46.31816,19.553833,475.0,Ainavolu,16.48505973815918,80.4857177734375,380,MEDIUM,HIGH
2025-06-04 10:00,35.85,39.87894,18.917133,761.0,Ainavolu,16.48505973815918,80.4857177734375,380,MEDIUM,HIGH
2025-06-04 11:00,36.85,37.169605,16.828796,869.0,Ainavolu,16.48505973815918,80.4857177734375,380,MEDIUM,HIGH
2025-06-04 12:00,37.55,35.33608,14.628807,913.0,Ainavolu,16.48505973815918,80.4857177734375,380,MEDIUM,HIGH
2025-06-04 13:00,38.15,34.84574,12.886039,885.0,Ainavolu,16.48505973815918,80.4857177734375,380,MEDIUM,HIGH
2025-06-04 14:00,38.15,34.630512,12.245293,770.0,Ainavolu,16.48505973815918,80.4857177734375,380,MEDIUM,HIGH
2025-06-04 15:00,37.9,34.67037,12.134992,593.0,Ainavolu,16.48505973815918,80.4857177734375,380,MEDIUM,HIGH
2025-06-04 16:00,36.65,35.64398,16.011908,423.0,Ainavolu,16.48505973815918,80.4857177734375,380,MEDIUM,HIGH
2025-06-04 17:00,34.75,41.988003,11.144021,128.0,Ainavolu,16.48505973815918,80.4857177734375,380,MEDIUM,HIGH
2025-06-04 18:00,34.7,41.974503,9.096681,60.0,Ainavolu,16.48505973815918,80.4857177734375,380,MEDIUM,HIGH
2025-06-04 19:00,32.4,48.78902,12.358542,0.0,Ainavolu,16.48505973815918,80.4857177734375,380,MEDIUM,HIGH
2025-06-04 20:00,31.2,53.036957,4.327493,0.0,Ainavolu,16.48505973815918,80.4857177734375,380,MEDIUM,HIGH
2025-06-04 21:00,30.7,57.14802,2.4216523,0.0,Ainavolu,16.48505973815918,80.4857177734375,380,MEDIUM,HIGH
2025-06-04 22:00,30.4,59.215908,1.8,0.0,Ainavolu,16.48505973815918,80.4857177734375,380,MEDIUM,HIGH
2025-06-04 23:00,30.0,59.123463,5.0975285,0.0,Ainavolu,16.48505973815918,80.4857177734375,380,MEDIUM,HIGH
2025-06-05 00:00,30.2,61.56811,6.0347,0.0,Ainavolu,16.48505973815918,80.4857177734375,380,MEDIUM,HIGH
2025-06-05 01:00,29.8,69.834785,8.951267,0.0,Ainavolu,16.48505973815918,80.4857177734375,380,MEDIUM,HIGH
2025-06-05 02:00,29.7,71.73166,9.227524,0.0,Ainavolu,16.48505973815918,80.4857177734375,380,MEDIUM,HIGH
2025-06-05 03:00,29.2,73.16854,8.783189,0.0,Ainavolu,16.48505973815918,80.4857177734375,380,MEDIUM,HIGH
2025-06-05 04:00,28.85,73.99507,3.9640884,0.0,Ainavolu,16.48505973815918,80.4857177734375,380,MEDIUM,HIGH
2025-06-05 05:00,28.3,77.0886,2.0991426,0.0,Ainavolu,16.48505973815918,80.4857177734375,380,MEDIUM,HIGH
2025-06-05 06:00,30.1,58.604713,13.552696,37.0,Ainavolu,16.48505973815918,80.4857177734375,380,MEDIUM,HIGH
2025-06-05 07:00,31.45,53.42723,15.342294,199.0,Ainavolu,16.48505973815918,80.4857177734375,380,MEDIUM,HIGH
2025-06-05 08:00,32.95,48.93184,17.95404,408.0,Ainavolu,16.48505973815918,80.4857177734375,380,MEDIUM,HIGH
2025-06-05 09:00,34.15,45.611458,18.391737,606.0,Ainavolu,16.48505973815918,80.4857177734375,380,MEDIUM,HIGH
2025-06-05 10:00,35.25,43.173588,13.878688,764.0,Ainavolu,16.48505973815918,80.4857177734375,380,MEDIUM,HIGH
2025-06-05 11:00,36.15,40.45608,10.908951,837.0,Ainavolu,16.48505973815918,80.4857177734375,380,MEDIUM,HIGH
2025-06-05 12:00,36.95,38.246166,11.236671,892.0,Ainavolu,16.48505973815918,80.4857177734375,380,MEDIUM,HIGH
2025-06-05 13:00,37.45,36.6468,10.261579,871.0,Ainavolu,16.48505973815918,80.4857177734375,380,MEDIUM,HIGH
2025-06-05 14:00,37.7,35.596657,8.4963045,790.0,Ainavolu,16.48505973815918,80.4857177734375,380,MEDIUM,HIGH
2025-06-05 15:00,37.6,35.349636,8.3520775,620.0,Ainavolu,16.48505973815918,80.4857177734375,380,MEDIUM,HIGH
2025-06-05 16:00,37.15,35.891083,8.037761,420.0,Ainavolu,16.48505973815918,80.4857177734375,380,MEDIUM,HIGH
2025-06-05 17:00,36.5,36.730362,7.44121,236.0,Ainavolu,16.48505973815918,80.4857177734375,380,MEDIUM,HIGH
2025-06-05 18:00,34.9,43.34623,3.550155,64.0,Ainavolu,16.48505973815918,80.4857177734375,380,MEDIUM,HIGH
2025-06-05 19:00,33.95,49.190353,0.40249225,0.0,Ainavolu,16.48505973815918,80.4857177734375,380,MEDIUM,HIGH
2025-06-05 20:00,32.85,50.898243,2.3400002,0.0,Ainavolu,16.48505973815918,80.4857177734375,380,MEDIUM,HIGH
2025-06-05 21:00,32.15,51.506073,3.710795,0.0,Ainavolu,16.48505973815918,80.4857177734375,380,MEDIUM,HIGH
2025-06-05 22:00,31.7,53.98401,1.781909,0.0,Ainavolu,16.48505973815918,80.4857177734375,380,MEDIUM,HIGH
2025-06-05 23:00,31.05,58.289787,0.54,0.0,Ainavolu,16.48505973815918,80.4857177734375,380,MEDIUM,HIGH
2025-06-06 00:00,30.2,58.44841,3.710795,0.0,Ainavolu,16.48505973815918,80.4857177734375,380,MEDIUM,HIGH
2025-06-06 01:00,29.8,57.285835,6.1094027,0.0,Ainavolu,16.48505973815918,80.4857177734375,380,MEDIUM,HIGH
2025-06-06 02:00,29.3,60.24645,6.6087217,0.0,Ainavolu,16.48505973815918,80.4857177734375,380,MEDIUM,HIGH
2025-06-06 03:00,28.85,62.025906,7.256032,0.0,Ainavolu,16.48505973815918,80.4857177734375,380,MEDIUM,HIGH
2025-06-06 04:00,28.5,62.13966,6.4624763,0.0,Ainavolu,16.48505973815918,80.4857177734375,380,MEDIUM,HIGH
2025-06-06 05:00,28.1,63.016937,5.2478566,0.0,Ainavolu,16.48505973815918,80.4857177734375,380,MEDIUM,HIGH
2025-06-06 06:00,30.45,59.227448,9.109138,38.0,Ainavolu,16.48505973815918,80.4857177734375,380,MEDIUM,HIGH
2025-06-06 07:00,32.35,55.311623,8.067936,199.0,Ainavolu,16.48505973815918,80.4857177734375,380,MEDIUM,HIGH
2025-06-06 08:00,34.55,47.139225,8.281956,411.0,Ainavolu,16.48505973815918,80.4857177734375,380,MEDIUM,HIGH
2025-06-06 09:00,36.2,38.757015,6.544677,611.0,Ainavolu,16.48505973815918,80.4857177734375,380,MEDIUM,HIGH
2025-06-06 10:00,37.3,33.44655,5.6060677,748.0,Ainavolu,16.48505973815918,80.4857177734375,380,MEDIUM,HIGH
2025-06-06 11:00,37.9,32.27152,7.0591216,826.0,Ainavolu,16.48505973815918,80.4857177734375,380,MEDIUM,HIGH
2025-06-06 12:00,38.6,31.759045,8.936778,881.0,Ainavolu,16.48505973815918,80.4857177734375,380,MEDIUM,HIGH
2025-06-06 13:00,38.75,31.89861,9.178235,856.0,Ainavolu,16.48505973815918,80.4857177734375,380,MEDIUM,HIGH
2025-06-06 14:00,38.45,32.218002,6.7469993,777.0,Ainavolu,16.48505973815918,80.4857177734375,380,MEDIUM,HIGH
2025-06-06 15:00,38.25,32.063812,4.724786,595.0,Ainavolu,16.48505973815918,80.4857177734375,380,MEDIUM,HIGH
2025-06-06 16:00,38.05,32.211014,5.9427266,442.0,Ainavolu,16.48505973815918,80.4857177734375,380,MEDIUM,HIGH
2025-06-06 17:00,37.45,33.27834,6.015878,232.0,Ainavolu,16.48505973815918,80.4857177734375,380,MEDIUM,HIGH
2025-06-06 18:00,36.1,43.268234,0.76367533,60.0,Ainavolu,16.48505973815918,80.4857177734375,380,MEDIUM,HIGH
2025-06-06 19:00,34.35,43.871643,4.353619,0.0,Ainavolu,16.48505973815918,80.4857177734375,380,MEDIUM,HIGH
2025-06-06 20:00,33.55,45.032368,6.156947,0.0,Ainavolu,16.48505973815918,80.4857177734375,380,MEDIUM,HIGH
2025-06-06 21:00,32.5,49.726616,4.8366103,0.0,Ainavolu,16.48505973815918,80.4857177734375,380,MEDIUM,HIGH
2025-06-06 22:00,31.9,53.048748,5.2939587,0.0,Ainavolu,16.48505973815918,80.4857177734375,380,MEDIUM,HIGH
2025-06-06 23:00,30.8,61.888515,8.431228,0.0,Ainavolu,16.48505973815918,80.4857177734375,380,MEDIUM,HIGH
2025-06-07 00:00,30.25,69.70878,11.525623,0.0,Ainavolu,16.48505973815918,80.4857177734375,380,MEDIUM,HIGH
2025-06-07 01:00,29.9,73.28692,12.049249,0.0,Ainavolu,16.48505973815918,80.4857177734375,380,MEDIUM,HIGH
2025-06-07 02:00,29.6,75.01056,10.474082,0.0,Ainavolu,16.48505973815918,80.4857177734375,380,MEDIUM,HIGH
2025-06-07 03:00,29.35,75.42059,7.5213294,0.0,Ainavolu,16.48505973815918,80.4857177734375,380,MEDIUM,HIGH
2025-06-07 04:00,29.05,75.82639,6.6818557,0.0,Ainavolu,16.48505973815918,80.4857177734375,380,MEDIUM,HIGH
2025-06-07 05:00,28.6,77.133255,4.3536186,0.0,Ainavolu,16.48505973815918,80.4857177734375,380,MEDIUM,HIGH
2025-06-07 06:00,30.6,70.4029,6.9550843,38.0,Ainavolu,16.48505973815918,80.4857177734375,380,MEDIUM,HIGH
2025-06-07 07:00,32.6,62.282238,8.083983,198.0,Ainavolu,16.48505973815918,80.4857177734375,380,MEDIUM,HIGH
2025-06-07 08:00,34.7,53.09892,12.156331,398.0,Ainavolu,16.48505973815918,80.4857177734375,380,MEDIUM,HIGH
2025-06-07 09:00,35.2,50.265217,13.032298,566.0,Ainavolu,16.48505973815918,80.4857177734375,380,MEDIUM,HIGH
2025-06-07 10:00,36.4,45.0972,8.731391,703.0,Ainavolu,16.48505973815918,80.4857177734375,380,MEDIUM,HIGH
2025-06-07 11:00,37.45,42.582203,6.9247384,823.0,Ainavolu,16.48505973815918,80.4857177734375,380,MEDIUM,HIGH
2025-06-07 12:00,38.2,38.231422,8.865799,795.0,Ainavolu,16.48505973815918,80.4857177734375,380,MEDIUM,HIGH
2025-06-07 13:00,38.0,35.457912,14.6254835,786.0,Ainavolu,16.48505973815918,80.4857177734375,380,MEDIUM,HIGH
2025-06-07 14:00,38.3,34.35039,9.636307,774.0,Ainavolu,16.48505973815918,80.4857177734375,380,MEDIUM,HIGH
2025-06-07 15:00,38.25,34.55035,5.796447,634.0,Ainavolu,16.48505973815918,80.4857177734375,380,MEDIUM,HIGH
2025-06-07 16:00,37.75,36.277264,5.2478566,403.0,Ainavolu,16.48505973815918,80.4857177734375,380,MEDIUM,HIGH
2025-06-07 17:00,35.9,41.524525,4.3573384,214.0,Ainavolu,16.48505973815918,80.4857177734375,380,MEDIUM,HIGH
2025-06-07 18:00,33.8,44.95979,11.968308,56.0,Ainavolu,16.48505973815918,80.4857177734375,380,MEDIUM,HIGH
2025-06-07 19:00,32.95,50.923687,7.353611,0.0,Ainavolu,16.48505973815918,80.4857177734375,380,MEDIUM,HIGH
2025-06-07 20:00,32.45,52.861614,7.3997297,0.0,Ainavolu,16.48505973815918,80.4857177734375,380,MEDIUM,HIGH
2025-06-07 21:00,32.45,53.675354,7.7900705,0.0,Ainavolu,16.48505973815918,80.4857177734375,380,MEDIUM,HIGH
2025-06-07 22:00,32.05,55.070553,7.596341,0.0,Ainavolu,16.48505973815918,80.4857177734375,380,MEDIUM,HIGH
2025-06-07 23:00,31.6,55.80786,6.830519,0.0,Ainavolu,16.48505973815918,80.4857177734375,380,MEDIUM,HIGH
2025-06-08 00:00,31.2,56.744015,6.2145634,0.0,Ainavolu,16.48505973815918,80.4857177734375,380,MEDIUM,HIGH
2025-06-08 01:00,30.85,57.534904,6.12,0.0,Ainavolu,16.48505973815918,80.4857177734375,380,MEDIUM,HIGH
2025-06-08 02:00,30.4,58.854565,7.0223074,0.0,Ainavolu,16.48505973815918,80.4857177734375,380,MEDIUM,HIGH
2025-06-08 03:00,30.0,60.40549,6.2999997,0.0,Ainavolu,16.48505973815918,80.4857177734375,380,MEDIUM,HIGH
2025-06-08 04:00,29.55,62.75335,7.172949,0.0,Ainavolu,16.48505973815918,80.4857177734375,380,MEDIUM,HIGH
2025-06-08 05:00,29.2,64.82095,6.830519,0.0,Ainavolu,16.48505973815918,80.4857177734375,380,MEDIUM,HIGH
2025-06-08 06:00,30.2,65.62257,8.161764,37.0,Ainavolu,16.48505973815918,80.4857177734375,380,MEDIUM,HIGH
2025-06-08 07:00,32.2,57.85246,11.808878,196.0,Ainavolu,16.48505973815918,80.4857177734375,380,MEDIUM,HIGH
2025-06-08 08:00,33.7,52.851128,15.787753,398.0,Ainavolu,16.48505973815918,80.4857177734375,380,MEDIUM,HIGH
2025-06-08 09:00,35.05,48.287067,15.077082,565.0,Ainavolu,16.48505973815918,80.4857177734375,380,MEDIUM,HIGH
2025-06-08 10:00,36.7,42.641434,13.437455,752.0,Ainavolu,16.48505973815918,80.4857177734375,380,MEDIUM,HIGH
2025-06-08 11:00,38.05,37.49449,12.86087,867.0,Ainavolu,16.48505973815918,80.4857177734375,380,MEDIUM,HIGH
2025-06-08 12:00,38.65,34.980797,12.108261,862.0,Ainavolu,16.48505973815918,80.4857177734375,380,MEDIUM,HIGH
2025-06-08 13:00,39.15,33.736988,11.556504,822.0,Ainavolu,16.48505973815918,80.4857177734375,380,MEDIUM,HIGH
2025-06-08 14:00,39.1,32.493355,12.261157,742.0,Ainavolu,16.48505973815918,80.4857177734375,380,MEDIUM,HIGH
2025-06-08 15:00,38.95,32.25193,11.952054,602.0,Ainavolu,16.48505973815918,80.4857177734375,380,MEDIUM,HIGH
2025-06-08 16:00,38.75,31.99821,11.200571,429.0,Ainavolu,16.48505973815918,80.4857177734375,380,MEDIUM,HIGH
2025-06-08 17:00,37.9,32.474167,11.681987,237.0,Ainavolu,16.48505973815918,80.4857177734375,380,MEDIUM,HIGH
2025-06-08 18:00,34.4,44.15672,7.44121,53.0,Ainavolu,16.48505973815918,80.4857177734375,380,MEDIUM,HIGH
2025-06-08 19:00,33.25,49.766872,9.901636,0.0,Ainavolu,16.48505973815918,80.4857177734375,380,MEDIUM,HIGH
2025-06-08 20:00,32.4,52.84912,7.0843205,0.0,Ainavolu,16.48505973815918,80.4857177734375,380,MEDIUM,HIGH
2025-06-08 21:00,32.55,51.92463,8.37532,0.0,Ainavolu,16.48505973815918,80.4857177734375,380,MEDIUM,HIGH
2025-06-08 22:00,32.4,52.20585,7.674842,0.0,Ainavolu,16.48505973815918,80.4857177734375,380,MEDIUM,HIGH
2025-06-08 23:00,31.65,56.505672,10.215693,0.0,Ainavolu,16.48505973815918,80.4857177734375,380,MEDIUM,HIGH
2025-06-09 00:00,31.15,59.56941,8.557102,0.0,Ainavolu,16.48505973815918,80.4857177734375,380,MEDIUM,HIGH
2025-06-09 01:00,30.75,60.390896,7.1208143,0.0,Ainavolu,16.48505973815918,80.4857177734375,380,MEDIUM,HIGH
2025-06-09 02:00,30.4,61.052002,7.814986,0.0,Ainavolu,16.48505973815918,80.4857177734375,380,MEDIUM,HIGH
2025-06-09 03:00,30.2,61.756065,10.564941,0.0,Ainavolu,16.48505973815918,80.4857177734375,380,MEDIUM,HIGH
2025-06-09 04:00,30.1,61.358364,11.901798,0.0,Ainavolu,16.48505973815918,80.4857177734375,380,MEDIUM,HIGH
2025-06-09 05:00,29.95,62.078552,9.734988,0.0,Ainavolu,16.48505973815918,80.4857177734375,380,MEDIUM,HIGH
2025-06-09 06:00,30.0,65.78048,16.267857,36.0,Ainavolu,16.48505973815918,80.4857177734375,380,MEDIUM,HIGH
2025-06-09 07:00,30.8,58.40961,23.964348,196.0,Ainavolu,16.48505973815918,80.4857177734375,380,MEDIUM,HIGH
2025-06-09 08:00,31.75,55.334732,24.085722,373.0,Ainavolu,16.48505973815918,80.4857177734375,380,MEDIUM,HIGH
2025-06-09 09:00,32.3,53.638245,22.752028,396.0,Ainavolu,16.48505973815918,80.4857177734375,380,MEDIUM,HIGH
2025-06-09 10:00,34.6,48.170456,20.110117,677.0,Ainavolu,16.48505973815918,80.4857177734375,380,MEDIUM,HIGH
2025-06-09 11:00,36.25,43.044456,19.388264,745.0,Ainavolu,16.48505973815918,80.4857177734375,380,MEDIUM,HIGH
2025-06-09 12:00,37.85,38.13697,18.745079,908.0,Ainavolu,16.48505973815918,80.4857177734375,380,MEDIUM,HIGH
2025-06-09 13:00,38.75,35.00777,17.81909,888.0,Ainavolu,16.48505973815918,80.4857177734375,380,MEDIUM,HIGH
2025-06-09 14:00,38.75,34.685333,17.063011,738.0,Ainavolu,16.48505973815918,80.4857177734375,380,MEDIUM,HIGH
2025-06-09 15:00,38.5,34.725056,16.458931,636.0,Ainavolu,16.48505973815918,80.4857177734375,380,MEDIUM,HIGH
2025-06-09 16:00,37.8,34.428696,16.5776,422.0,Ainavolu,16.48505973815918,80.4857177734375,380,MEDIUM,HIGH
2025-06-09 17:00,36.85,35.921288,15.443328,241.0,Ainavolu,16.48505973815918,80.4857177734375,380,MEDIUM,HIGH
2025-06-09 18:00,35.05,41.939068,13.891522,65.0,Ainavolu,16.48505973815918,80.4857177734375,380,MEDIUM,HIGH
2025-06-09 19:00,33.5,47.737186,9.984729,0.0,Ainavolu,16.48505973815918,80.4857177734375,380,MEDIUM,HIGH
2025-06-09 20:00,32.75,50.406673,11.583108,0.0,Ainavolu,16.48505973815918,80.4857177734375,380,MEDIUM,HIGH
2025-06-09 21:00,32.6,50.523285,13.472372,0.0,Ainavolu,16.48505973815918,80.4857177734375,380,MEDIUM,HIGH
2025-06-09 22:00,32.3,51.70262,11.570515,0.0,Ainavolu,16.48505973815918,80.4857177734375,380,MEDIUM,HIGH
2025-06-09 23:00,31.8,53.02379,11.767651,0.0,Ainavolu,16.48505973815918,80.4857177734375,380,MEDIUM,HIGH
2025-06-10 00:00,31.6,54.291348,13.339445,0.0,Ainavolu,16.48505973815918,80.4857177734375,380,MEDIUM,HIGH
2025-06-10 01:00,31.15,56.732082,12.841963,0.0,Ainavolu,16.48505973815918,80.4857177734375,380,MEDIUM,HIGH
2025-06-10 02:00,30.55,59.06968,11.570515,0.0,Ainavolu,16.48505973815918,80.4857177734375,380,MEDIUM,HIGH
2025-06-10 03:00,30.2,61.007202,10.8955765,0.0,Ainavolu,16.48505973815918,80.4857177734375,380,MEDIUM,HIGH
2025-06-10 04:00,29.95,63.031998,12.966248,0.0,Ainavolu,16.48505973815918,80.4857177734375,380,MEDIUM,HIGH
2025-06-10 05:00,29.6,65.10226,14.512064,0.0,Ainavolu,16.48505973815918,80.4857177734375,380,MEDIUM,HIGH
2025-06-10 06:00,30.35,64.2775,14.978984,38.0,Ainavolu,16.48505973815918,80.4857177734375,380,MEDIUM,HIGH
2025-06-10 07:00,31.7,57.735203,16.525724,195.0,Ainavolu,16.48505973815918,80.4857177734375,380,MEDIUM,HIGH
2025-06-10 08:00,33.1,51.117897,17.318394,374.0,Ainavolu,16.48505973815918,80.4857177734375,380,MEDIUM,HIGH
2025-06-10 09:00,34.6,46.721764,17.566378,575.0,Ainavolu,16.48505973815918,80.4857177734375,380,MEDIUM,HIGH
2025-06-10 10:00,36.05,43.2549,17.429354,732.0,Ainavolu,16.48505973815918,80.4857177734375,380,MEDIUM,HIGH
2025-06-10 11:00,37.35,39.793636,16.67892,807.0,Ainavolu,16.48505973815918,80.4857177734375,380,MEDIUM,HIGH
2025-06-10 12:00,37.95,38.99088,15.388685,801.0,Ainavolu,16.48505973815918,80.4857177734375,380,MEDIUM,HIGH
2025-06-10 13:00,38.35,38.62427,13.926464,743.0,Ainavolu,16.48505973815918,80.4857177734375,380,MEDIUM,HIGH
2025-06-10 14:00,38.5,37.04416,11.238113,585.0,Ainavolu,16.48505973815918,80.4857177734375,380,MEDIUM,HIGH
2025-06-10 15:00,38.35,36.215977,9.044888,417.0,Ainavolu,16.48505973815918,80.4857177734375,380,MEDIUM,HIGH
2025-06-10 16:00,38.4,35.238346,7.3997297,291.0,Ainavolu,16.48505973815918,80.4857177734375,380,MEDIUM,HIGH
2025-06-10 17:00,37.55,37.474625,6.542201,124.0,Ainavolu,16.48505973815918,80.4857177734375,380,MEDIUM,HIGH
2025-06-10 18:00,35.0,46.25835,5.414979,41.0,Ainavolu,16.48505973815918,80.4857177734375,380,MEDIUM,HIGH
2025-06-10 19:00,33.75,51.126747,8.538149,0.0,Ainavolu,16.48505973815918,80.4857177734375,380,MEDIUM,HIGH
2025-06-10 20:00,33.25,53.87267,7.4128532,0.0,Ainavolu,16.48505973815918,80.4857177734375,380,MEDIUM,HIGH
2025-06-10 21:00,31.75,63.992496,13.202726,0.0,Ainavolu,16.48505973815918,80.4857177734375,380,MEDIUM,HIGH
2025-06-10 22:00,31.1,70.49402,4.278551,0.0,Ainavolu,16.48505973815918,80.4857177734375,380,MEDIUM,HIGH
2025-06-10 23:00,29.05,76.05381,11.525623,0.0,Ainavolu,16.48505973815918,80.4857177734375,380,MEDIUM,HIGH
2025-06-11 00:00,26.9,85.4425,5.8631387,0.0,Ainavolu,16.48505973815918,80.4857177734375,380,MEDIUM,HIGH
2025-06-11 01:00,26.65,87.49153,6.4624763,0.0,Ainavolu,16.48505973815918,80.4857177734375,380,MEDIUM,HIGH
2025-06-11 02:00,26.4,90.66884,5.6060677,0.0,Ainavolu,16.48505973815918,80.4857177734375,380,MEDIUM,HIGH
2025-06-11 03:00,26.5,90.675415,3.319036,0.0,Ainavolu,16.48505973815918,80.4857177734375,380,MEDIUM,HIGH
2025-06-11 04:00,26.55,90.67873,5.7204895,0.0,Ainavolu,16.48505973815918,80.4857177734375,380,MEDIUM,HIGH
2025-06-11 05:00,26.1,92.84259,2.9301877,0.0,Ainavolu,16.48505973815918,80.4857177734375,380,MEDIUM,HIGH
2025-06-11 06:00,26.25,87.71963,6.8423676,14.0,Ainavolu,16.48505973815918,80.4857177734375,380,MEDIUM,HIGH
2025-06-11 07:00,26.35,92.579155,4.6800003,47.0,Ainavolu,16.48505973815918,80.4857177734375,380,MEDIUM,HIGH
2025-06-11 08:00,26.8,92.60304,7.0774574,139.0,Ainavolu,16.48505973815918,80.4857177734375,380,MEDIUM,HIGH
2025-06-11 09:00,29.65,73.464424,10.299397,417.0,Ainavolu,16.48505973815918,80.4857177734375,380,MEDIUM,HIGH
2025-06-11 10:00,31.75,63.03849,13.504799,544.0,Ainavolu,16.48505973815918,80.4857177734375,380,MEDIUM,HIGH
2025-06-11 11:00,32.5,58.981487,13.971757,471.0,Ainavolu,16.48505973815918,80.4857177734375,380,MEDIUM,HIGH
2025-06-11 12:00,32.85,55.097374,14.20062,368.0,Ainavolu,16.48505973815918,80.4857177734375,380,MEDIUM,HIGH
2025-06-11 13:00,32.85,56.791454,10.185519,448.0,Ainavolu,16.48505973815918,80.4857177734375,380,MEDIUM,HIGH
2025-06-11 14:00,33.75,53.507805,7.9932966,629.0,Ainavolu,16.48505973815918,80.4857177734375,380,MEDIUM,HIGH
2025-06-11 15:00,29.35,74.29998,7.0591216,244.0,Ainavolu,16.48505973815918,80.4857177734375,380,MEDIUM,HIGH
2025-06-11 16:00,31.4,62.77364,3.0652895,305.0,Ainavolu,16.48505973815918,80.4857177734375,380,MEDIUM,HIGH
2025-06-11 17:00,32.0,60.67218,4.8733153,241.0,Ainavolu,16.48505973815918,80.4857177734375,380,MEDIUM,HIGH
2025-06-11 18:00,27.75,92.38007,5.8409934,64.0,Ainavolu,16.48505973815918,80.4857177734375,380,MEDIUM,HIGH
2025-06-11 19:00,27.3,93.45486,5.09435,0.0,Ainavolu,16.48505973815918,80.4857177734375,380,MEDIUM,HIGH
2025-06-11 20:00,27.1,92.89368,4.3573384,0.0,Ainavolu,16.48505973815918,80.4857177734375,380,MEDIUM,HIGH
2025-06-11 21:00,26.8,93.98717,1.8,0.0,Ainavolu,16.48505973815918,80.4857177734375,380,MEDIUM,HIGH
2025-06-11 22:00,26.75,93.706604,4.1046314,0.0,Ainavolu,16.48505973815918,80.4857177734375,380,MEDIUM,HIGH
2025-06-11 23:00,26.5,94.25371,2.7943513,0.0,Ainavolu,16.48505973815918,80.4857177734375,380,MEDIUM,HIGH
2025-06-12 00:00,26.4,95.09324,2.0523157,0.0,Ainavolu,16.48505973815918,80.4857177734375,380,MEDIUM,HIGH
2025-06-12 01:00,26.35,95.09147,1.9134263,0.0,Ainavolu,16.48505973815918,80.4857177734375,380,MEDIUM,HIGH
2025-06-12 02:00,26.3,95.08971,0.9,0.0,Ainavolu,16.48505973815918,80.4857177734375,380,MEDIUM,HIGH
2025-06-12 03:00,26.25,94.5241,1.3104197,0.0,Ainavolu,16.48505973815918,80.4857177734375,380,MEDIUM,HIGH
2025-06-12 04:00,26.25,96.22429,3.572898,0.0,Ainavolu,16.48505973815918,80.4857177734375,380,MEDIUM,HIGH
2025-06-12 05:00,26.1,96.79338,3.362677,0.0,Ainavolu,16.48505973815918,80.4857177734375,380,MEDIUM,HIGH
2025-06-12 06:00,27.5,86.014046,0.8049845,33.0,Ainavolu,16.48505973815918,80.4857177734375,380,MEDIUM,HIGH
2025-06-12 07:00,29.1,76.97702,1.9134263,183.0,Ainavolu,16.48505973815918,80.4857177734375,380,MEDIUM,HIGH
2025-06-12 08:00,30.55,70.815994,2.7059932,360.0,Ainavolu,16.48505973815918,80.4857177734375,380,MEDIUM,HIGH
2025-06-12 09:00,31.9,65.5758,3.3092594,573.0,Ainavolu,16.48505973815918,80.4857177734375,380,MEDIUM,HIGH
2025-06-12 10:00,33.05,60.90648,2.97953,685.0,Ainavolu,16.48505973815918,80.4857177734375,380,MEDIUM,HIGH
2025-06-12 11:00,33.95,57.222595,2.4482646,817.0,Ainavolu,16.48505973815918,80.4857177734375,380,MEDIUM,HIGH
2025-06-12 12:00,34.3,55.11559,4.5322843,755.0,Ainavolu,16.48505973815918,80.4857177734375,380,MEDIUM,HIGH
2025-06-12 13:00,35.15,52.417255,6.0077944,818.0,Ainavolu,16.48505973815918,80.4857177734375,380,MEDIUM,HIGH
2025-06-12 14:00,35.2,51.183075,5.7599998,764.0,Ainavolu,16.48505973815918,80.4857177734375,380,MEDIUM,HIGH
2025-06-12 15:00,34.75,51.846577,8.131936,600.0,Ainavolu,16.48505973815918,80.4857177734375,380,MEDIUM,HIGH
2025-06-12 16:00,33.55,56.106384,7.928177,407.0,Ainavolu,16.48505973815918,80.4857177734375,380,MEDIUM,HIGH
2025-06-12 17:00,33.25,57.57555,9.172938,209.0,Ainavolu,16.48505973815918,80.4857177734375,380,MEDIUM,HIGH
2025-06-12 18:00,28.15,92.94674,11.212135,44.0,Ainavolu,16.48505973815918,80.4857177734375,380,MEDIUM,HIGH
2025-06-12 19:00,26.45,96.80158,8.759178,0.0,Ainavolu,16.48505973815918,80.4857177734375,380,MEDIUM,HIGH
2025-06-12 20:00,26.8,95.10747,5.426933,0.0,Ainavolu,16.48505973815918,80.4857177734375,380,MEDIUM,HIGH
2025-06-12 21:00,27.0,93.44076,3.671294,0.0,Ainavolu,16.48505973815918,80.4857177734375,380,MEDIUM,HIGH
2025-06-12 22:00,26.95,95.112755,5.8409934,0.0,Ainavolu,16.48505973815918,80.4857177734375,380,MEDIUM,HIGH
2025-06-12 23:00,26.95,95.112755,4.072935,0.0,Ainavolu,16.48505973815918,80.4857177734375,380,MEDIUM,HIGH
2025-06-13 00:00,27.0,93.1643,2.9024127,0.0,Ainavolu,16.48505973815918,80.4857177734375,380,MEDIUM,HIGH
2025-06-13 01:00,26.65,95.95093,0.9,0.0,Ainavolu,16.48505973815918,80.4857177734375,380,MEDIUM,HIGH
2025-06-13 02:00,26.7,95.10388,0.71999997,0.0,Ainavolu,16.48505973815918,80.4857177734375,380,MEDIUM,HIGH
2025-06-13 03:00,26.5,96.51659,0.742159,0.0,Ainavolu,16.48505973815918,80.4857177734375,380,MEDIUM,HIGH
2025-06-13 04:00,26.5,97.954895,3.5864744,0.0,Ainavolu,16.48505973815918,80.4857177734375,380,MEDIUM,HIGH
2025-06-13 05:00,26.3,95.656204,9.582359,0.0,Ainavolu,16.48505973815918,80.4857177734375,380,MEDIUM,HIGH
2025-06-13 06:00,27.75,84.76585,5.4477882,34.0,Ainavolu,16.48505973815918,80.4857177734375,380,MEDIUM,HIGH
2025-06-13 07:00,29.4,76.107765,6.482499,192.0,Ainavolu,16.48505973815918,80.4857177734375,380,MEDIUM,HIGH
2025-06-13 08:00,30.85,69.61187,7.4932766,395.0,Ainavolu,16.48505973815918,80.4857177734375,380,MEDIUM,HIGH
2025-06-13 09:00,32.2,62.382164,5.8298883,502.0,Ainavolu,16.48505973815918,80.4857177734375,380,MEDIUM,HIGH
2025-06-13 10:00,33.75,55.64937,4.913044,733.0,Ainavolu,16.48505973815918,80.4857177734375,380,MEDIUM,HIGH
2025-06-13 11:00,34.7,51.67781,6.297428,825.0,Ainavolu,16.48505973815918,80.4857177734375,380,MEDIUM,HIGH
2025-06-13 12:00,35.4,48.966896,6.8919086,846.0,Ainavolu,16.48505973815918,80.4857177734375,380,MEDIUM,HIGH
2025-06-13 13:00,35.9,47.347603,6.2379804,841.0,Ainavolu,16.48505973815918,80.4857177734375,380,MEDIUM,HIGH
2025-06-13 14:00,36.2,46.151566,6.638072,724.0,Ainavolu,16.48505973815918,80.4857177734375,380,MEDIUM,HIGH
2025-06-13 15:00,36.45,44.43057,8.019601,633.0,Ainavolu,16.48505973815918,80.4857177734375,380,MEDIUM,HIGH
2025-06-13 16:00,36.05,44.73163,9.840914,443.0,Ainavolu,16.48505973815918,80.4857177734375,380,MEDIUM,HIGH
2025-06-13 17:00,35.05,46.982708,11.525623,218.0,Ainavolu,16.48505973815918,80.4857177734375,380,MEDIUM,HIGH
2025-06-13 18:00,30.55,74.49527,10.717182,45.0,Ainavolu,16.48505973815918,80.4857177734375,380,MEDIUM,HIGH
2025-06-13 19:00,30.45,76.26853,9.746631,0.0,Ainavolu,16.48505973815918,80.4857177734375,380,MEDIUM,HIGH
2025-06-13 20:00,30.3,76.472176,8.242743,0.0,Ainavolu,16.48505973815918,80.4857177734375,380,MEDIUM,HIGH
2025-06-13 21:00,30.1,68.84778,9.7880945,0.0,Ainavolu,16.48505973815918,80.4857177734375,380,MEDIUM,HIGH
2025-06-13 22:00,29.7,69.187706,9.867218,0.0,Ainavolu,16.48505973815918,80.4857177734375,380,MEDIUM,HIGH
2025-06-13 23:00,29.25,75.179405,8.790563,0.0,Ainavolu,16.48505973815918,80.4857177734375,380,MEDIUM,HIGH
2025-06-14 00:00,28.85,79.98631,6.8919086,0.0,Ainavolu,16.48505973815918,80.4857177734375,380,MEDIUM,HIGH
2025-06-14 01:00,28.55,82.365776,6.28713,0.0,Ainavolu,16.48505973815918,80.4857177734375,380,MEDIUM,HIGH
2025-06-14 02:00,28.3,84.57132,5.7628117,0.0,Ainavolu,16.48505973815918,80.4857177734375,380,MEDIUM,HIGH
2025-06-14 03:00,28.1,86.32749,3.8856654,0.0,Ainavolu,16.48505973815918,80.4857177734375,380,MEDIUM,HIGH
2025-06-14 04:00,27.9,88.120804,4.3349743,0.0,Ainavolu,16.48505973815918,80.4857177734375,380,MEDIUM,HIGH
2025-06-14 05:00,27.85,88.903656,4.143911,0.0,Ainavolu,16.48505973815918,80.4857177734375,380,MEDIUM,HIGH
2025-06-14 06:00,29.05,85.908424,2.968636,32.0,Ainavolu,16.48505973815918,80.4857177734375,380,MEDIUM,HIGH
2025-06-14 07:00,30.4,79.48402,3.4949677,164.0,Ainavolu,16.48505973815918,80.4857177734375,380,MEDIUM,HIGH
2025-06-14 08:00,31.4,74.41232,2.5455842,304.0,Ainavolu,16.48505973815918,80.4857177734375,380,MEDIUM,HIGH
2025-06-14 09:00,32.2,68.63117,7.0223074,377.0,Ainavolu,16.48505973815918,80.4857177734375,380,MEDIUM,HIGH
2025-06-14 10:00,33.55,58.86844,7.9526596,620.0,Ainavolu,16.48505973815918,80.4857177734375,380,MEDIUM,HIGH
2025-06-14 11:00,34.4,54.4812,6.601363,696.0,Ainavolu,16.48505973815918,80.4857177734375,380,MEDIUM,HIGH
2025-06-14 12:00,35.25,51.350033,6.5049515,771.0,Ainavolu,16.48505973815918,80.4857177734375,380,MEDIUM,HIGH
2025-06-14 13:00,36.0,48.38607,6.6624317,830.0,Ainavolu,16.48505973815918,80.4857177734375,380,MEDIUM,HIGH
2025-06-14 14:00,36.4,46.203957,6.3690495,705.0,Ainavolu,16.48505973815918,80.4857177734375,380,MEDIUM,HIGH
2025-06-14 15:00,35.8,46.04666,6.391901,516.0,Ainavolu,16.48505973815918,80.4857177734375,380,MEDIUM,HIGH
2025-06-14 16:00,31.3,66.64155,16.767075,150.0,Ainavolu,16.48505973815918,80.4857177734375,380,MEDIUM,HIGH
2025-06-14 17:00,29.0,83.40168,5.6521144,35.0,Ainavolu,16.48505973815918,80.4857177734375,380,MEDIUM,HIGH
2025-06-14 18:00,31.85,64.785515,5.509882,39.0,Ainavolu,16.48505973815918,80.4857177734375,380,MEDIUM,HIGH
2025-06-14 19:00,31.25,66.831474,7.1684303,0.0,Ainavolu,16.48505973815918,80.4857177734375,380,MEDIUM,HIGH
2025-06-14 20:00,30.35,72.49266,13.262714,0.0,Ainavolu,16.48505973815918,80.4857177734375,380,MEDIUM,HIGH
2025-06-14 21:00,28.6,88.43878,13.513193,0.0,Ainavolu,16.48505973815918,80.4857177734375,380,MEDIUM,HIGH
2025-06-14 22:00,28.1,92.12752,11.672275,0.0,Ainavolu,16.48505973815918,80.4857177734375,380,MEDIUM,HIGH
2025-06-14 23:00,28.25,91.59544,13.327294,0.0,Ainavolu,16.48505973815918,80.4857177734375,380,MEDIUM,HIGH
2025-06-15 00:00,28.15,92.13032,9.6932955,0.0,Ainavolu,16.48505973815918,80.4857177734375,380,MEDIUM,HIGH
2025-06-15 01:00,28.1,92.12752,11.837652,0.0,Ainavolu,16.48505973815918,80.4857177734375,380,MEDIUM,HIGH
2025-06-15 02:00,27.6,94.29906,8.53815,0.0,Ainavolu,16.48505973815918,80.4857177734375,380,MEDIUM,HIGH
2025-06-15 03:00,27.65,88.88815,5.6060677,0.0,Ainavolu,16.48505973815918,80.4857177734375,380,MEDIUM,HIGH
2025-06-15 04:00,27.65,86.28506,4.3349743,0.0,Ainavolu,16.48505973815918,80.4857177734375,380,MEDIUM,HIGH
2025-06-15 05:00,27.45,85.75296,3.438895,0.0,Ainavolu,16.48505973815918,80.4857177734375,380,MEDIUM,HIGH
2025-06-15 06:00,28.65,75.99198,6.698806,30.0,Ainavolu,16.48505973815918,80.4857177734375,380,MEDIUM,HIGH
2025-06-15 07:00,30.1,68.22871,9.167638,165.0,Ainavolu,16.48505973815918,80.4857177734375,380,MEDIUM,HIGH
2025-06-15 08:00,31.6,59.311462,13.719023,341.0,Ainavolu,16.48505973815918,80.4857177734375,380,MEDIUM,HIGH
2025-06-15 09:00,33.1,53.02357,17.134071,571.0,Ainavolu,16.48505973815918,80.4857177734375,380,MEDIUM,HIGH
2025-06-15 10:00,34.05,50.738087,16.67795,704.0,Ainavolu,16.48505973815918,80.4857177734375,380,MEDIUM,HIGH
2025-06-15 11:00,34.9,48.24823,15.484185,827.0,Ainavolu,16.48505973815918,80.4857177734375,380,MEDIUM,HIGH
2025-06-15 12:00,35.2,47.02192,15.292585,707.0,Ainavolu,16.48505973815918,80.4857177734375,380,MEDIUM,HIGH
2025-06-15 13:00,35.7,45.88058,15.856354,760.0,Ainavolu,16.48505973815918,80.4857177734375,380,MEDIUM,HIGH
2025-06-15 14:00,35.65,45.311844,14.982228,672.0,Ainavolu,16.48505973815918,80.4857177734375,380,MEDIUM,HIGH
2025-06-15 15:00,34.45,50.379128,16.431347,533.0,Ainavolu,16.48505973815918,80.4857177734375,380,MEDIUM,HIGH
2025-06-15 16:00,31.9,63.832436,20.009167,304.0,Ainavolu,16.48505973815918,80.4857177734375,380,MEDIUM,HIGH
2025-06-15 17:00,31.1,67.60716,21.9718,206.0,Ainavolu,16.48505973815918,80.4857177734375,380,MEDIUM,HIGH
2025-06-15 18:00,31.15,64.25177,16.87398,51.0,Ainavolu,16.48505973815918,80.4857177734375,380,MEDIUM,HIGH
2025-06-15 19:00,28.85,73.7727,19.73854,1.0,Ainavolu,16.48505973815918,80.4857177734375,380,MEDIUM,HIGH
2025-06-15 20:00,28.35,78.73253,13.722565,0.0,Ainavolu,16.48505973815918,80.4857177734375,380,MEDIUM,HIGH
2025-06-15 21:00,28.1,84.80217,10.948973,0.0,Ainavolu,16.48505973815918,80.4857177734375,380,MEDIUM,HIGH
2025-06-15 22:00,28.3,85.581635,10.495713,0.0,Ainavolu,16.48505973815918,80.4857177734375,380,MEDIUM,HIGH
2025-06-15 23:00,28.3,81.35943,15.275627,0.0,Ainavolu,16.48505973815918,80.4857177734375,380,MEDIUM,HIGH
2025-06-16 00:00,28.45,75.96093,14.7039175,0.0,Ainavolu,16.48505973815918,80.4857177734375,380,MEDIUM,HIGH
2025-06-16 01:00,28.2,74.11088,15.408671,0.0,Ainavolu,16.48505973815918,80.4857177734375,380,MEDIUM,HIGH
2025-06-16 02:00,27.9,74.06127,15.053425,0.0,Ainavolu,16.48505973815918,80.4857177734375,380,MEDIUM,HIGH
2025-06-16 03:00,27.85,72.496475,15.03835,0.0,Ainavolu,16.48505973815918,80.4857177734375,380,MEDIUM,HIGH
2025-06-16 04:00,27.9,70.331924,15.027575,0.0,Ainavolu,16.48505973815918,80.4857177734375,380,MEDIUM,HIGH
2025-06-16 05:00,27.6,71.14004,15.018949,0.0,Ainavolu,16.48505973815918,80.4857177734375,380,MEDIUM,HIGH
2025-06-16 06:00,28.7,65.71384,12.870944,32.0,Ainavolu,16.48505973815918,80.4857177734375,380,MEDIUM,HIGH
2025-06-16 07:00,29.85,63.20267,13.767352,166.0,Ainavolu,16.48505973815918,80.4857177734375,380,MEDIUM,HIGH
2025-06-16 08:00,31.15,58.135586,18.335276,347.0,Ainavolu,16.48505973815918,80.4857177734375,380,MEDIUM,HIGH
2025-06-16 09:00,32.55,53.864098,19.25327,584.0,Ainavolu,16.48505973815918,80.4857177734375,380,MEDIUM,HIGH
2025-06-16 10:00,33.8,50.52043,16.92383,734.0,Ainavolu,16.48505973815918,80.4857177734375,380,MEDIUM,HIGH
2025-06-16 11:00,35.0,48.127617,18.272436,836.0,Ainavolu,16.48505973815918,80.4857177734375,380,MEDIUM,HIGH
2025-06-16 12:00,36.15,44.216133,18.116623,820.0,Ainavolu,16.48505973815918,80.4857177734375,380,MEDIUM,HIGH
2025-06-16 13:00,33.15,56.52046,22.419937,834.0,Ainavolu,16.48505973815918,80.4857177734375,380,MEDIUM,HIGH
2025-06-16 14:00,33.85,53.209583,13.581354,491.0,Ainavolu,16.48505973815918,80.4857177734375,380,MEDIUM,HIGH
2025-06-16 15:00,33.65,54.627483,19.576189,554.0,Ainavolu,16.48505973815918,80.4857177734375,380,MEDIUM,HIGH
2025-06-16 16:00,32.4,61.311928,11.364259,294.0,Ainavolu,16.48505973815918,80.4857177734375,380,MEDIUM,HIGH
2025-06-16 17:00,30.15,73.76786,4.7521367,161.0,Ainavolu,16.48505973815918,80.4857177734375,380,MEDIUM,HIGH
2025-06-16 18:00,30.1,70.10064,8.865799,66.0,Ainavolu,16.48505973815918,80.4857177734375,380,MEDIUM,HIGH
2025-06-16 19:00,29.65,72.58908,5.950899,1.0,Ainavolu,16.48505973815918,80.4857177734375,380,MEDIUM,HIGH
2025-06-16 20:00,29.7,71.73166,7.5213294,0.0,Ainavolu,16.48505973815918,80.4857177734375,380,MEDIUM,HIGH
2025-06-16 21:00,29.9,70.91087,10.472535,0.0,Ainavolu,16.48505973815918,80.4857177734375,380,MEDIUM,HIGH
2025-06-16 22:00,30.0,69.45298,9.511088,0.0,Ainavolu,16.48505973815918,80.4857177734375,380,MEDIUM,HIGH
2025-06-16 23:00,29.6,71.71401,9.172938,0.0,Ainavolu,16.48505973815918,80.4857177734375,380,MEDIUM,HIGH
2025-06-17 00:00,29.75,66.12923,14.174356,0.0,Ainavolu,16.48505973815918,80.4857177734375,380,MEDIUM,HIGH
2025-06-17 01:00,30.05,56.29441,16.610792,0.0,Ainavolu,16.48505973815918,80.4857177734375,380,MEDIUM,HIGH
2025-06-17 02:00,29.9,56.95726,17.325874,0.0,Ainavolu,16.48505973815918,80.4857177734375,380,MEDIUM,HIGH
2025-06-17 03:00,29.45,59.543537,16.284779,0.0,Ainavolu,16.48505973815918,80.4857177734375,380,MEDIUM,HIGH
2025-06-17 04:00,29.0,61.868683,13.684735,0.0,Ainavolu,16.48505973815918,80.4857177734375,380,MEDIUM,HIGH
2025-06-17 05:00,28.65,63.916813,13.854155,0.0,Ainavolu,16.48505973815918,80.4857177734375,380,MEDIUM,HIGH
2025-06-17 06:00,29.1,64.20877,13.0447235,28.0,Ainavolu,16.48505973815918,80.4857177734375,380,MEDIUM,HIGH
2025-06-17 07:00,30.05,61.722893,11.594292,143.0,Ainavolu,16.48505973815918,80.4857177734375,380,MEDIUM,HIGH
2025-06-17 08:00,31.3,57.465527,14.707222,321.0,Ainavolu,16.48505973815918,80.4857177734375,380,MEDIUM,HIGH
2025-06-17 09:00,32.6,52.89906,17.33429,515.0,Ainavolu,16.48505973815918,80.4857177734375,380,MEDIUM,HIGH
2025-06-17 10:00,33.85,48.56683,18.553974,608.0,Ainavolu,16.48505973815918,80.4857177734375,380,MEDIUM,HIGH
2025-06-17 11:00,35.15,44.22077,19.98081,784.0,Ainavolu,16.48505973815918,80.4857177734375,380,MEDIUM,HIGH
2025-06-17 12:00,35.6,43.80096,17.214249,756.0,Ainavolu,16.48505973815918,80.4857177734375,380,MEDIUM,HIGH
2025-06-17 13:00,36.55,41.44458,18.466457,827.0,Ainavolu,16.48505973815918,80.4857177734375,380,MEDIUM,HIGH
2025-06-17 14:00,36.5,40.42605,18.0036,684.0,Ainavolu,16.48505973815918,80.4857177734375,380,MEDIUM,HIGH
2025-06-17 15:00,36.6,39.835808,16.740967,548.0,Ainavolu,16.48505973815918,80.4857177734375,380,MEDIUM,HIGH
2025-06-17 16:00,36.2,40.594402,16.58346,398.0,Ainavolu,16.48505973815918,80.4857177734375,380,MEDIUM,HIGH
2025-06-17 17:00,35.35,41.504322,14.007655,201.0,Ainavolu,16.48505973815918,80.4857177734375,380,MEDIUM,HIGH
2025-06-17 18:00,33.75,45.085625,8.211235,69.0,Ainavolu,16.48505973815918,80.4857177734375,380,MEDIUM,HIGH
2025-06-17 19:00,32.15,51.66465,6.59154,1.0,Ainavolu,16.48505973815918,80.4857177734375,380,MEDIUM,HIGH
2025-06-17 20:00,31.4,55.759544,8.067936,0.0,Ainavolu,16.48505973815918,80.4857177734375,380,MEDIUM,HIGH
2025-06-17 21:00,31.4,53.250668,10.883676,0.0,Ainavolu,16.48505973815918,80.4857177734375,380,MEDIUM,HIGH
2025-06-17 22:00,31.25,50.96054,11.681987,0.0,Ainavolu,16.48505973815918,80.4857177734375,380,MEDIUM,HIGH
2025-06-17 23:00,31.4,51.156948,12.652604,0.0,Ainavolu,16.48505973815918,80.4857177734375,380,MEDIUM,HIGH
2025-06-18 00:00,30.55,54.87263,11.966954,0.0,Ainavolu,16.48505973815918,80.4857177734375,380,MEDIUM,HIGH
2025-06-18 01:00,30.5,55.541252,13.905509,0.0,Ainavolu,16.48505973815918,80.4857177734375,380,MEDIUM,HIGH
2025-06-18 02:00,30.15,57.192795,14.474059,0.0,Ainavolu,16.48505973815918,80.4857177734375,380,MEDIUM,HIGH
2025-06-18 03:00,29.8,58.715027,14.637663,0.0,Ainavolu,16.48505973815918,80.4857177734375,380,MEDIUM,HIGH
2025-06-18 04:00,29.45,59.543537,14.897651,0.0,Ainavolu,16.48505973815918,80.4857177734375,380,MEDIUM,HIGH
2025-06-18 05:00,29.05,60.375248,14.535487,0.0,Ainavolu,16.48505973815918,80.4857177734375,380,MEDIUM,HIGH
2025-06-18 06:00,29.7,62.403706,14.081478,30.0,Ainavolu,16.48505973815918,80.4857177734375,380,MEDIUM,HIGH
2025-06-18 07:00,30.75,58.21965,17.355772,182.0,Ainavolu,16.48505973815918,80.4857177734375,380,MEDIUM,HIGH
2025-06-18 08:00,31.45,55.771614,17.640919,318.0,Ainavolu,16.48505973815918,80.4857177734375,380,MEDIUM,HIGH
2025-06-18 09:00,32.7,52.601746,15.546833,533.0,Ainavolu,16.48505973815918,80.4857177734375,380,MEDIUM,HIGH
2025-06-18 10:00,33.95,49.79441,14.917212,703.0,Ainavolu,16.48505973815918,80.4857177734375,380,MEDIUM,HIGH
2025-06-18 11:00,35.15,46.58107,14.292725,795.0,Ainavolu,16.48505973815918,80.4857177734375,380,MEDIUM,HIGH
2025-06-18 12:00,36.3,43.987198,17.90344,846.0,Ainavolu,16.48505973815918,80.4857177734375,380,MEDIUM,HIGH
2025-06-18 13:00,36.8,42.538273,17.684942,780.0,Ainavolu,16.48505973815918,80.4857177734375,380,MEDIUM,HIGH
2025-06-18 14:00,37.1,41.08722,16.946787,741.0,Ainavolu,16.48505973815918,80.4857177734375,380,MEDIUM,HIGH
2025-06-18 15:00,37.2,39.75321,15.009236,560.0,Ainavolu,16.48505973815918,80.4857177734375,380,MEDIUM,HIGH
2025-06-18 16:00,37.05,38.74793,14.471821,331.0,Ainavolu,16.48505973815918,80.4857177734375,380,MEDIUM,HIGH
2025-06-18 17:00,36.4,39.415337,13.0806875,160.0,Ainavolu,16.48505973815918,80.4857177734375,380,MEDIUM,HIGH
2025-06-18 18:00,32.85,51.525402,15.509274,45.0,Ainavolu,16.48505973815918,80.4857177734375,380,MEDIUM,HIGH
2025-06-18 19:00,32.55,49.13022,12.413477,1.0,Ainavolu,16.48505973815918,80.4857177734375,380,MEDIUM,HIGH
2025-06-18 20:00,32.2,49.80269,10.144082,0.0,Ainavolu,16.48505973815918,80.4857177734375,380,MEDIUM,HIGH
2025-06-18 21:00,31.05,62.508522,12.399113,0.0,Ainavolu,16.48505973815918,80.4857177734375,380,MEDIUM,HIGH
2025-06-18 22:00,30.85,66.95261,10.98,0.0,Ainavolu,16.48505973815918,80.4857177734375,380,MEDIUM,HIGH
2025-06-18 23:00,30.75,64.751495,9.605998,0.0,Ainavolu,16.48505973815918,80.4857177734375,380,MEDIUM,HIGH
2025-06-19 00:00,30.75,60.574993,10.315115,0.0,Ainavolu,16.48505973815918,80.4857177734375,380,MEDIUM,HIGH
2025-06-19 01:00,30.95,53.964382,13.529966,0.0,Ainavolu,16.48505973815918,80.4857177734375,380,MEDIUM,HIGH
2025-06-19 02:00,30.95,52.647877,17.399586,0.0,Ainavolu,16.48505973815918,80.4857177734375,380,MEDIUM,HIGH
2025-06-19 03:00,30.4,54.8358,16.963984,0.0,Ainavolu,16.48505973815918,80.4857177734375,380,MEDIUM,HIGH
2025-06-19 04:00,30.1,56.480408,15.25865,0.0,Ainavolu,16.48505973815918,80.4857177734375,380,MEDIUM,HIGH
2025-06-19 05:00,29.65,58.680054,14.934577,0.0,Ainavolu,16.48505973815918,80.4857177734375,380,MEDIUM,HIGH
2025-06-19 06:00,30.15,61.55703,14.059602,32.0,Ainavolu,16.48505973815918,80.4857177734375,380,MEDIUM,HIGH
2025-06-19 07:00,31.2,57.793625,15.676542,168.0,Ainavolu,16.48505973815918,80.4857177734375,380,MEDIUM,HIGH
2025-06-19 08:00,32.25,54.45104,15.804164,346.0,Ainavolu,16.48505973815918,80.4857177734375,380,MEDIUM,HIGH
2025-06-19 09:00,33.4,51.038017,16.344357,536.0,Ainavolu,16.48505973815918,80.4857177734375,380,MEDIUM,HIGH
2025-06-19 10:00,34.15,49.392212,15.455911,635.0,Ainavolu,16.48505973815918,80.4857177734375,380,MEDIUM,HIGH
2025-06-19 11:00,35.25,45.902008,19.206936,677.0,Ainavolu,16.48505973815918,80.4857177734375,380,MEDIUM,HIGH
2025-06-19 12:00,35.8,43.58674,19.70815,629.0,Ainavolu,16.48505973815918,80.4857177734375,380,MEDIUM,HIGH
2025-06-19 13:00,36.05,42.85965,17.9973,624.0,Ainavolu,16.48505973815918,80.4857177734375,380,MEDIUM,HIGH
2025-06-19 14:00,36.8,41.132385,16.635155,694.0,Ainavolu,16.48505973815918,80.4857177734375,380,MEDIUM,HIGH
2025-06-19 15:00,36.6,41.331203,16.192997,498.0,Ainavolu,16.48505973815918,80.4857177734375,380,MEDIUM,HIGH
2025-06-19 16:00,36.1,42.22133,16.886454,328.0,Ainavolu,16.48505973815918,80.4857177734375,380,MEDIUM,HIGH
2025-06-19 17:00,35.05,44.466312,16.985933,170.0,Ainavolu,16.48505973815918,80.4857177734375,380,MEDIUM,HIGH
2025-06-19 18:00,34.6,43.66834,12.906138,40.0,Ainavolu,16.48505973815918,80.4857177734375,380,MEDIUM,HIGH
2025-06-19 19:00,33.6,46.74582,10.134496,1.0,Ainavolu,16.48505973815918,80.4857177734375,380,MEDIUM,HIGH
2025-06-19 20:00,31.9,61.20111,11.767651,0.0,Ainavolu,16.48505973815918,80.4857177734375,380,MEDIUM,HIGH
2025-06-19 21:00,32.65,49.612373,12.4811535,0.0,Ainavolu,16.48505973815918,80.4857177734375,380,MEDIUM,HIGH
2025-06-19 22:00,31.85,50.642853,11.91948,0.0,Ainavolu,16.48505973815918,80.4857177734375,380,MEDIUM,HIGH
2025-06-19 23:00,30.55,63.93153,9.444426,0.0,Ainavolu,16.48505973815918,80.4857177734375,380,MEDIUM,HIGH
2025-06-20 00:00,30.65,59.273544,13.5,0.0,Ainavolu,16.48505973815918,80.4857177734375,380,MEDIUM,HIGH
2025-06-20 01:00,31.2,50.319603,11.511559,0.0,Ainavolu,16.48505973815918,80.4857177734375,380,MEDIUM,HIGH
2025-06-20 02:00,30.5,52.69771,9.0645685,0.0,Ainavolu,16.48505973815918,80.4857177734375,380,MEDIUM,HIGH
2025-06-20 03:00,29.9,55.223747,10.094454,0.0,Ainavolu,16.48505973815918,80.4857177734375,380,MEDIUM,HIGH
2025-06-20 04:00,29.75,56.048283,10.446206,0.0,Ainavolu,16.48505973815918,80.4857177734375,380,MEDIUM,HIGH
2025-06-20 05:00,29.3,57.878544,10.272623,0.0,Ainavolu,16.48505973815918,80.4857177734375,380,MEDIUM,HIGH
2025-06-20 06:00,30.05,59.135067,14.087228,34.0,Ainavolu,16.48505973815918,80.4857177734375,380,MEDIUM,HIGH
2025-06-20 07:00,31.55,55.28614,18.687086,171.0,Ainavolu,16.48505973815918,80.4857177734375,380,MEDIUM,HIGH
2025-06-20 08:00,32.35,51.715263,21.481173,333.0,Ainavolu,16.48505973815918,80.4857177734375,380,MEDIUM,HIGH
2025-06-20 09:00,33.45,49.06128,19.35314,532.0,Ainavolu,16.48505973815918,80.4857177734375,380,MEDIUM,HIGH
2025-06-20 10:00,34.65,45.884186,17.81909,683.0,Ainavolu,16.48505973815918,80.4857177734375,380,MEDIUM,HIGH
2025-06-20 11:00,35.2,44.369957,18.057508,648.0,Ainavolu,16.48505973815918,80.4857177734375,380,MEDIUM,HIGH
2025-06-20 12:00,35.5,43.774303,18.921415,659.0,Ainavolu,16.48505973815918,80.4857177734375,380,MEDIUM,HIGH
2025-06-20 13:00,36.6,41.204727,18.044046,771.0,Ainavolu,16.48505973815918,80.4857177734375,380,MEDIUM,HIGH
2025-06-20 14:00,34.65,47.165386,17.637245,625.0,Ainavolu,16.48505973815918,80.4857177734375,380,MEDIUM,HIGH
2025-06-20 15:00,34.65,45.74374,16.607864,399.0,Ainavolu,16.48505973815918,80.4857177734375,380,MEDIUM,HIGH
2025-06-20 16:00,33.45,50.12389,9.3669195,273.0,Ainavolu,16.48505973815918,80.4857177734375,380,MEDIUM,HIGH
2025-06-20 17:00,33.25,50.68918,4.724786,161.0,Ainavolu,16.48505973815918,80.4857177734375,380,MEDIUM,HIGH
2025-06-20 18:00,32.35,53.650635,11.272657,72.0,Ainavolu,16.48505973815918,80.4857177734375,380,MEDIUM,HIGH
2025-06-20 19:00,31.65,55.14152,10.234705,1.0,Ainavolu,16.48505973815918,80.4857177734375,380,MEDIUM,HIGH
2025-06-20 20:00,31.55,54.612934,10.944532,0.0,Ainavolu,16.48505973815918,80.4857177734375,380,MEDIUM,HIGH
2025-06-20 21:00,31.5,52.948776,11.183201,0.0,Ainavolu,16.48505973815918,80.4857177734375,380,MEDIUM,HIGH
2025-06-20 22:00,30.65,60.552444,10.449306,0.0,Ainavolu,16.48505973815918,80.4857177734375,380,MEDIUM,HIGH
2025-06-20 23:00,30.5,61.26063,16.179985,0.0,Ainavolu,16.48505973815918,80.4857177734375,380,MEDIUM,HIGH
2025-06-21 00:00,30.15,58.7965,10.962281,0.0,Ainavolu,16.48505973815918,80.4857177734375,380,MEDIUM,HIGH
2025-06-21 01:00,28.7,65.31314,16.341381,0.0,Ainavolu,16.48505973815918,80.4857177734375,380,MEDIUM,HIGH
2025-06-21 02:00,27.85,70.75278,13.624228,0.0,Ainavolu,16.48505973815918,80.4857177734375,380,MEDIUM,HIGH
2025-06-21 03:00,27.35,74.1952,11.466438,0.0,Ainavolu,16.48505973815918,80.4857177734375,380,MEDIUM,HIGH
2025-06-21 04:00,27.2,75.30695,11.079873,0.0,Ainavolu,16.48505973815918,80.4857177734375,380,MEDIUM,HIGH
2025-06-21 05:00,27.3,74.6395,9.840914,0.0,Ainavolu,16.48505973815918,80.4857177734375,380,MEDIUM,HIGH
2025-06-21 06:00,29.2,67.43731,11.442394,31.0,Ainavolu,16.48505973815918,80.4857177734375,380,MEDIUM,HIGH
2025-06-21 07:00,31.2,59.39996,14.761098,176.0,Ainavolu,16.48505973815918,80.4857177734375,380,MEDIUM,HIGH
2025-06-21 08:00,32.2,54.272835,23.923754,354.0,Ainavolu,16.48505973815918,80.4857177734375,380,MEDIUM,HIGH
2025-06-21 09:00,33.25,50.999943,23.57519,519.0,Ainavolu,16.48505973815918,80.4857177734375,380,MEDIUM,HIGH
2025-06-21 10:00,34.25,47.494984,22.26477,612.0,Ainavolu,16.48505973815918,80.4857177734375,380,MEDIUM,HIGH
2025-06-21 11:00,35.35,43.20037,20.964397,684.0,Ainavolu,16.48505973815918,80.4857177734375,380,MEDIUM,HIGH
2025-06-21 12:00,36.25,40.234447,21.026125,805.0,Ainavolu,16.48505973815918,80.4857177734375,380,MEDIUM,HIGH
2025-06-21 13:00,36.75,39.753872,18.345877,736.0,Ainavolu,16.48505973815918,80.4857177734375,380,MEDIUM,HIGH
2025-06-21 14:00,37.1,39.362015,17.811815,712.0,Ainavolu,16.48505973815918,80.4857177734375,380,MEDIUM,HIGH
2025-06-21 15:00,37.1,39.000706,15.151039,568.0,Ainavolu,16.48505973815918,80.4857177734375,380,MEDIUM,HIGH
2025-06-21 16:00,36.9,38.114746,15.890034,442.0,Ainavolu,16.48505973815918,80.4857177734375,380,MEDIUM,HIGH
2025-06-21 17:00,35.9,40.264008,13.845967,224.0,Ainavolu,16.48505973815918,80.4857177734375,380,MEDIUM,HIGH
2025-06-21 18:00,35.0,40.64668,13.519186,71.0,Ainavolu,16.48505973815918,80.4857177734375,380,MEDIUM,HIGH
2025-06-21 19:00,33.25,43.98532,7.9465466,1.0,Ainavolu,16.48505973815918,80.4857177734375,380,MEDIUM,HIGH
2025-06-21 20:00,32.1,48.560272,5.441838,0.0,Ainavolu,16.48505973815918,80.4857177734375,380,MEDIUM,HIGH
2025-06-21 21:00,31.2,54.52699,10.6261,0.0,Ainavolu,16.48505973815918,80.4857177734375,380,MEDIUM,HIGH
2025-06-21 22:00,30.45,63.139923,10.094454,0.0,Ainavolu,16.48505973815918,80.4857177734375,380,MEDIUM,HIGH
2025-06-21 23:00,30.55,60.161915,3.693291,0.0,Ainavolu,16.48505973815918,80.4857177734375,380,MEDIUM,HIGH
2025-06-22 00:00,29.85,60.928654,10.587917,0.0,Ainavolu,16.48505973815918,80.4857177734375,380,MEDIUM,HIGH
2025-06-22 01:00,29.3,61.935123,13.374618,0.0,Ainavolu,16.48505973815918,80.4857177734375,380,MEDIUM,HIGH
2025-06-22 02:00,29.1,63.622276,10.694485,0.0,Ainavolu,16.48505973815918,80.4857177734375,380,MEDIUM,HIGH
2025-06-22 03:00,29.15,60.584206,11.679212,0.0,Ainavolu,16.48505973815918,80.4857177734375,380,MEDIUM,HIGH
2025-06-22 04:00,29.5,58.104862,14.311981,0.0,Ainavolu,16.48505973815918,80.4857177734375,380,MEDIUM,HIGH
2025-06-22 05:00,29.7,59.23584,16.415567,0.0,Ainavolu,16.48505973815918,80.4857177734375,380,MEDIUM,HIGH
2025-06-22 06:00,30.2,60.63576,16.293728,32.0,Ainavolu,16.48505973815918,80.4857177734375,380,MEDIUM,HIGH
2025-06-22 07:00,31.15,56.385895,20.620806,181.0,Ainavolu,16.48505973815918,80.4857177734375,380,MEDIUM,HIGH
2025-06-22 08:00,32.05,53.249123,22.086521,390.0,Ainavolu,16.48505973815918,80.4857177734375,380,MEDIUM,HIGH
2025-06-22 09:00,33.2,49.75402,22.315643,580.0,Ainavolu,16.48505973815918,80.4857177734375,380,MEDIUM,HIGH
2025-06-22 10:00,34.35,45.384502,21.978434,729.0,Ainavolu,16.48505973815918,80.4857177734375,380,MEDIUM,HIGH
2025-06-22 11:00,35.65,40.822517,21.897945,841.0,Ainavolu,16.48505973815918,80.4857177734375,380,MEDIUM,HIGH
2025-06-22 12:00,36.5,38.360943,22.315643,879.0,Ainavolu,16.48505973815918,80.4857177734375,380,MEDIUM,HIGH
2025-06-22 13:00,36.65,38.759144,21.426807,829.0,Ainavolu,16.48505973815918,80.4857177734375,380,MEDIUM,HIGH
2025-06-22 14:00,36.8,38.08766,19.386591,703.0,Ainavolu,16.48505973815918,80.4857177734375,380,MEDIUM,HIGH
2025-06-22 15:00,36.55,38.732067,17.616106,447.0,Ainavolu,16.48505973815918,80.4857177734375,380,MEDIUM,HIGH
2025-06-22 16:00,36.3,39.388283,16.748707,304.0,Ainavolu,16.48505973815918,80.4857177734375,380,MEDIUM,HIGH
2025-06-22 17:00,35.7,40.58457,13.379461,200.0,Ainavolu,16.48505973815918,80.4857177734375,380,MEDIUM,HIGH
2025-06-22 18:00,34.65,41.44368,13.039754,70.0,Ainavolu,16.48505973815918,80.4857177734375,380,MEDIUM,HIGH
2025-06-22 19:00,32.75,47.835533,5.1481256,1.0,Ainavolu,16.48505973815918,80.4857177734375,380,MEDIUM,HIGH
2025-06-22 20:00,31.95,51.932556,5.5916004,0.0,Ainavolu,16.48505973815918,80.4857177734375,380,MEDIUM,HIGH
2025-06-22 21:00,31.55,53.12447,9.167638,0.0,Ainavolu,16.48505973815918,80.4857177734375,380,MEDIUM,HIGH
2025-06-22 22:00,31.6,52.486988,9.504272,0.0,Ainavolu,16.48505973815918,80.4857177734375,380,MEDIUM,HIGH
2025-06-22 23:00,31.65,48.74471,10.215693,0.0,Ainavolu,16.48505973815918,80.4857177734375,380,MEDIUM,HIGH
2025-06-23 00:00,30.6,53.545414,5.4029994,0.0,Ainavolu,16.48505973815918,80.4857177734375,380,MEDIUM,HIGH
2025-06-23 01:00,30.3,54.98089,9.354806,0.0,Ainavolu,16.48505973815918,80.4857177734375,380,MEDIUM,HIGH
2025-06-23 02:00,29.8,58.17546,7.9383874,0.0,Ainavolu,16.48505973815918,80.4857177734375,380,MEDIUM,HIGH
2025-06-23 03:00,29.7,59.968254,10.1376915,0.0,Ainavolu,16.48505973815918,80.4857177734375,380,MEDIUM,HIGH
2025-06-23 04:00,29.55,60.674717,13.060857,0.0,Ainavolu,16.48505973815918,80.4857177734375,380,MEDIUM,HIGH
2025-06-23 05:00,29.6,59.945396,15.146761,0.0,Ainavolu,16.48505973815918,80.4857177734375,380,MEDIUM,HIGH
2025-06-23 06:00,30.1,58.067177,17.83454,7.0,Ainavolu,16.48505973815918,80.4857177734375,380,MEDIUM,HIGH
2025-06-23 07:00,30.1,58.067177,19.424158,50.0,Ainavolu,16.48505973815918,80.4857177734375,380,MEDIUM,HIGH
2025-06-23 08:00,30.6,55.908672,22.482714,154.0,Ainavolu,16.48505973815918,80.4857177734375,380,MEDIUM,HIGH
2025-06-23 09:00,30.85,56.141243,21.129885,213.0,Ainavolu,16.48505973815918,80.4857177734375,380,MEDIUM,HIGH
2025-06-23 10:00,31.15,55.52849,19.523985,254.0,Ainavolu,16.48505973815918,80.4857177734375,380,MEDIUM,HIGH
2025-06-23 11:00,31.25,54.875286,21.48645,213.0,Ainavolu,16.48505973815918,80.4857177734375,380,MEDIUM,HIGH
2025-06-23 12:00,31.75,53.831078,17.878994,308.0,Ainavolu,16.48505973815918,80.4857177734375,380,MEDIUM,HIGH
2025-06-23 13:00,32.15,52.142914,16.248924,246.0,Ainavolu,16.48505973815918,80.4857177734375,380,MEDIUM,HIGH
2025-06-23 14:00,33.6,47.179546,17.534992,391.0,Ainavolu,16.48505973815918,80.4857177734375,380,MEDIUM,HIGH
2025-06-23 15:00,32.9,50.599922,13.5012,222.0,Ainavolu,16.48505973815918,80.4857177734375,380,MEDIUM,HIGH
2025-06-23 16:00,31.95,54.54394,15.070633,164.0,Ainavolu,16.48505973815918,80.4857177734375,380,MEDIUM,HIGH
2025-06-23 17:00,30.55,60.529884,14.275713,50.0,Ainavolu,16.48505973815918,80.4857177734375,380,MEDIUM,HIGH
2025-06-23 18:00,28.6,73.95364,21.281145,23.0,Ainavolu,16.48505973815918,80.4857177734375,380,MEDIUM,HIGH
2025-06-23 19:00,26.75,86.71784,15.124284,0.0,Ainavolu,16.48505973815918,80.4857177734375,380,MEDIUM,HIGH
2025-06-23 20:00,27.3,80.99029,13.934604,0.0,Ainavolu,16.48505973815918,80.4857177734375,380,MEDIUM,HIGH
2025-06-23 21:00,28.55,68.55073,16.546297,0.0,Ainavolu,16.48505973815918,80.4857177734375,380,MEDIUM,HIGH
2025-06-23 22:00,28.85,63.5686,14.84318,0.0,Ainavolu,16.48505973815918,80.4857177734375,380,MEDIUM,HIGH
2025-06-23 23:00,28.4,64.25713,16.640022,0.0,Ainavolu,16.48505973815918,80.4857177734375,380,MEDIUM,HIGH
2025-06-24 00:00,27.4,71.103836,17.654688,0.0,Ainavolu,16.48505973815918,80.4857177734375,380,MEDIUM,HIGH
2025-06-24 01:00,26.6,77.7738,14.450537,0.0,Ainavolu,16.48505973815918,80.4857177734375,380,MEDIUM,HIGH
2025-06-24 02:00,26.15,80.84322,17.035456,0.0,Ainavolu,16.48505973815918,80.4857177734375,380,MEDIUM,HIGH
2025-06-24 03:00,25.1,89.2253,14.2336645,0.0,Ainavolu,16.48505973815918,80.4857177734375,380,MEDIUM,HIGH
2025-06-24 04:00,24.85,91.114204,12.815443,0.0,Ainavolu,16.48505973815918,80.4857177734375,380,MEDIUM,HIGH
2025-06-24 05:00,24.85,91.94281,11.7827835,0.0,Ainavolu,16.48505973815918,80.4857177734375,380,MEDIUM,HIGH
2025-06-24 06:00,26.4,79.41689,15.430736,12.0,Ainavolu,16.48505973815918,80.4857177734375,380,MEDIUM,HIGH
2025-06-24 07:00,27.2,78.57091,11.409785,67.0,Ainavolu,16.48505973815918,80.4857177734375,380,MEDIUM,HIGH
2025-06-24 08:00,28.85,71.58101,13.6242285,207.0,Ainavolu,16.48505973815918,80.4857177734375,380,MEDIUM,HIGH
2025-06-24 09:00,30.0,64.791016,13.327294,205.0,Ainavolu,16.48505973815918,80.4857177734375,380,MEDIUM,HIGH
2025-06-24 10:00,31.1,57.418236,15.03835,256.0,Ainavolu,16.48505973815918,80.4857177734375,380,MEDIUM,HIGH
2025-06-24 11:00,32.4,52.046093,19.852295,351.0,Ainavolu,16.48505973815918,80.4857177734375,380,MEDIUM,HIGH
2025-06-24 12:00,31.85,56.381454,19.401628,352.0,Ainavolu,16.48505973815918,80.4857177734375,380,MEDIUM,HIGH
2025-06-24 13:00,31.4,59.989475,11.503113,242.0,Ainavolu,16.48505973815918,80.4857177734375,380,MEDIUM,HIGH
2025-06-24 14:00,32.45,54.833035,7.256032,273.0,Ainavolu,16.48505973815918,80.4857177734375,380,MEDIUM,HIGH
2025-06-24 15:00,31.1,59.921272,16.575644,179.0,Ainavolu,16.48505973815918,80.4857177734375,380,MEDIUM,HIGH
2025-06-24 16:00,29.5,69.568695,11.808878,111.0,Ainavolu,16.48505973815918,80.4857177734375,380,MEDIUM,HIGH
2025-06-24 17:00,29.15,75.16352,10.829958,93.0,Ainavolu,16.48505973815918,80.4857177734375,380,MEDIUM,HIGH
2025-06-24 18:00,28.6,77.5971,10.735306,32.0,Ainavolu,16.48505973815918,80.4857177734375,380,MEDIUM,HIGH
2025-06-24 19:00,27.9,78.90637,11.720751,0.0,Ainavolu,16.48505973815918,80.4857177734375,380,MEDIUM,HIGH
2025-06-24 20:00,27.0,86.740814,11.778658,0.0,Ainavolu,16.48505973815918,80.4857177734375,380,MEDIUM,HIGH
2025-06-24 21:00,27.35,82.22283,12.841963,0.0,Ainavolu,16.48505973815918,80.4857177734375,380,MEDIUM,HIGH
2025-06-24 22:00,27.55,76.97641,12.768586,0.0,Ainavolu,16.48505973815918,80.4857177734375,380,MEDIUM,HIGH
2025-06-24 23:00,27.2,77.62595,10.805998,0.0,Ainavolu,16.48505973815918,80.4857177734375,380,MEDIUM,HIGH
2025-06-25 00:00,27.35,76.2503,15.086748,0.0,Ainavolu,16.48505973815918,80.4857177734375,380,MEDIUM,HIGH
2025-06-25 01:00,27.35,73.297485,14.917212,0.0,Ainavolu,16.48505973815918,80.4857177734375,380,MEDIUM,HIGH
2025-06-25 02:00,27.7,70.725365,14.490838,0.0,Ainavolu,16.48505973815918,80.4857177734375,380,MEDIUM,HIGH
2025-06-25 03:00,27.9,69.904175,12.979984,0.0,Ainavolu,16.48505973815918,80.4857177734375,380,MEDIUM,HIGH
2025-06-25 04:00,27.85,69.89481,12.800265,0.0,Ainavolu,16.48505973815918,80.4857177734375,380,MEDIUM,HIGH
2025-06-25 05:00,27.85,70.108444,13.510796,0.0,Ainavolu,16.48505973815918,80.4857177734375,380,MEDIUM,HIGH
2025-06-25 06:00,28.2,71.68232,12.96125,13.0,Ainavolu,16.48505973815918,80.4857177734375,380,MEDIUM,HIGH
2025-06-25 07:00,28.6,70.88937,12.5032,41.0,Ainavolu,16.48505973815918,80.4857177734375,380,MEDIUM,HIGH
2025-06-25 08:00,30.2,66.42082,14.410121,248.0,Ainavolu,16.48505973815918,80.4857177734375,380,MEDIUM,HIGH
2025-06-25 09:00,30.65,63.566837,13.403656,245.0,Ainavolu,16.48505973815918,80.4857177734375,380,MEDIUM,HIGH
2025-06-25 10:00,31.35,57.30224,14.787414,210.0,Ainavolu,16.48505973815918,80.4857177734375,380,MEDIUM,HIGH
2025-06-25 11:00,32.95,50.76797,18.64369,431.0,Ainavolu,16.48505973815918,80.4857177734375,380,MEDIUM,HIGH
2025-06-25 12:00,32.4,52.68766,17.081041,211.0,Ainavolu,16.48505973815918,80.4857177734375,380,MEDIUM,HIGH
2025-06-25 13:00,32.2,54.939304,16.327497,254.0,Ainavolu,16.48505973815918,80.4857177734375,380,MEDIUM,HIGH
2025-06-25 14:00,31.2,62.541134,10.626099,270.0,Ainavolu,16.48505973815918,80.4857177734375,380,MEDIUM,HIGH
2025-06-25 15:00,30.65,65.12272,7.729527,222.0,Ainavolu,16.48505973815918,80.4857177734375,380,MEDIUM,HIGH
2025-06-25 16:00,29.0,85.14622,5.6060677,149.0,Ainavolu,16.48505973815918,80.4857177734375,380,MEDIUM,HIGH
2025-06-25 17:00,28.55,80.18568,10.571074,54.0,Ainavolu,16.48505973815918,80.4857177734375,380,MEDIUM,HIGH
2025-06-25 18:00,26.7,88.548996,4.5572357,26.0,Ainavolu,16.48505973815918,80.4857177734375,380,MEDIUM,HIGH
2025-06-25 19:00,26.6,92.043045,6.439876,0.0,Ainavolu,16.48505973815918,80.4857177734375,380,MEDIUM,HIGH
2025-06-25 20:00,26.05,93.117584,4.6938257,0.0,Ainavolu,16.48505973815918,80.4857177734375,380,MEDIUM,HIGH
2025-06-25 21:00,25.95,93.670265,3.9477081,0.0,Ainavolu,16.48505973815918,80.4857177734375,380,MEDIUM,HIGH
2025-06-25 22:00,26.1,94.2371,2.4149535,0.0,Ainavolu,16.48505973815918,80.4857177734375,380,MEDIUM,HIGH
2025-06-25 23:00,26.15,93.95894,4.6800003,0.0,Ainavolu,16.48505973815918,80.4857177734375,380,MEDIUM,HIGH
2025-06-26 00:00,26.05,94.235,7.056826,0.0,Ainavolu,16.48505973815918,80.4857177734375,380,MEDIUM,HIGH
2025-06-26 01:00,25.95,94.79432,6.989936,0.0,Ainavolu,16.48505973815918,80.4857177734375,380,MEDIUM,HIGH
2025-06-26 02:00,25.9,95.0754,7.056826,0.0,Ainavolu,16.48505973815918,80.4857177734375,380,MEDIUM,HIGH
2025-06-26 03:00,25.75,95.63878,9.109138,0.0,Ainavolu,16.48505973815918,80.4857177734375,380,MEDIUM,HIGH
2025-06-26 04:00,25.6,95.064674,8.604301,0.0,Ainavolu,16.48505973815918,80.4857177734375,380,MEDIUM,HIGH
2025-06-26 05:00,25.45,94.77539,8.536252,0.0,Ainavolu,16.48505973815918,80.4857177734375,380,MEDIUM,HIGH
2025-06-26 06:00,26.0,90.64231,9.614426,6.0,Ainavolu,16.48505973815918,80.4857177734375,380,MEDIUM,HIGH
2025-06-26 07:00,26.4,90.93997,7.8480825,47.0,Ainavolu,16.48505973815918,80.4857177734375,380,MEDIUM,HIGH
2025-06-26 08:00,27.5,85.24749,10.83893,176.0,Ainavolu,16.48505973815918,80.4857177734375,380,MEDIUM,HIGH
2025-06-26 09:00,28.2,80.13963,10.783486,190.0,Ainavolu,16.48505973815918,80.4857177734375,380,MEDIUM,HIGH
2025-06-26 10:00,29.2,74.0529,11.975074,272.0,Ainavolu,16.48505973815918,80.4857177734375,380,MEDIUM,HIGH
2025-06-26 11:00,30.15,69.27263,12.096214,353.0,Ainavolu,16.48505973815918,80.4857177734375,380,MEDIUM,HIGH
2025-06-26 12:00,29.55,73.22784,13.60519,282.0,Ainavolu,16.48505973815918,80.4857177734375,380,MEDIUM,HIGH
2025-06-26 13:00,29.35,75.87297,10.316686,250.0,Ainavolu,16.48505973815918,80.4857177734375,380,MEDIUM,HIGH
2025-06-26 14:00,29.65,71.50773,9.446141,231.0,Ainavolu,16.48505973815918,80.4857177734375,380,MEDIUM,HIGH
2025-06-26 15:00,30.4,64.67846,7.5685663,166.0,Ainavolu,16.48505973815918,80.4857177734375,380,MEDIUM,HIGH
2025-06-26 16:00,31.55,59.299995,10.656547,150.0,Ainavolu,16.48505973815918,80.4857177734375,380,MEDIUM,HIGH
2025-06-26 17:00,31.45,59.819145,10.706596,78.0,Ainavolu,16.48505973815918,80.4857177734375,380,MEDIUM,HIGH
2025-06-26 18:00,30.75,63.97388,11.975074,67.0,Ainavolu,16.48505973815918,80.4857177734375,380,MEDIUM,HIGH
2025-06-26 19:00,29.65,67.730705,7.8480825,1.0,Ainavolu,16.48505973815918,80.4857177734375,380,MEDIUM,HIGH
2025-06-26 20:00,27.85,77.48715,19.706507,0.0,Ainavolu,16.48505973815918,80.4857177734375,380,MEDIUM,HIGH
2025-06-26 21:00,26.65,88.016914,13.864674,0.0,Ainavolu,16.48505973815918,80.4857177734375,380,MEDIUM,HIGH
2025-06-26 22:00,27.25,83.70469,11.749741,0.0,Ainavolu,16.48505973815918,80.4857177734375,380,MEDIUM,HIGH
2025-06-26 23:00,27.4,82.72373,11.542478,0.0,Ainavolu,16.48505973815918,80.4857177734375,380,MEDIUM,HIGH
2025-06-27 00:00,27.45,82.23482,12.284916,0.0,Ainavolu,16.48505973815918,80.4857177734375,380,MEDIUM,HIGH
2025-06-27 01:00,27.75,74.261215,13.306615,0.0,Ainavolu,16.48505973815918,80.4857177734375,380,MEDIUM,HIGH
2025-06-27 02:00,27.6,70.70706,12.483748,0.0,Ainavolu,16.48505973815918,80.4857177734375,380,MEDIUM,HIGH
2025-06-27 03:00,27.5,70.473015,12.791403,0.0,Ainavolu,16.48505973815918,80.4857177734375,380,MEDIUM,HIGH
2025-06-27 04:00,27.4,70.67044,12.3165245,0.0,Ainavolu,16.48505973815918,80.4857177734375,380,MEDIUM,HIGH
2025-06-27 05:00,27.15,71.71379,10.662626,0.0,Ainavolu,16.48505973815918,80.4857177734375,380,MEDIUM,HIGH
2025-06-27 06:00,28.1,68.25488,12.739371,23.0,Ainavolu,16.48505973815918,80.4857177734375,380,MEDIUM,HIGH
2025-06-27 07:00,29.4,64.27232,11.631956,155.0,Ainavolu,16.48505973815918,80.4857177734375,380,MEDIUM,HIGH
2025-06-27 08:00,30.7,58.386265,15.677576,349.0,Ainavolu,16.48505973815918,80.4857177734375,380,MEDIUM,HIGH
2025-06-27 09:00,31.95,54.54394,14.861722,565.0,Ainavolu,16.48505973815918,80.4857177734375,380,MEDIUM,HIGH
2025-06-27 10:00,33.0,52.19699,13.910169,731.0,Ainavolu,16.48505973815918,80.4857177734375,380,MEDIUM,HIGH
2025-06-27 11:00,34.05,49.668457,12.284916,840.0,Ainavolu,16.48505973815918,80.4857177734375,380,MEDIUM,HIGH
2025-06-27 12:00,35.05,45.291668,14.120538,858.0,Ainavolu,16.48505973815918,80.4857177734375,380,MEDIUM,HIGH
2025-06-27 13:00,34.75,44.66023,16.09969,646.0,Ainavolu,16.48505973815918,80.4857177734375,380,MEDIUM,HIGH
2025-06-27 14:00,34.7,43.965195,17.33429,606.0,Ainavolu,16.48505973815918,80.4857177734375,380,MEDIUM,HIGH
2025-06-27 15:00,34.2,45.48452,15.611304,344.0,Ainavolu,16.48505973815918,80.4857177734375,380,MEDIUM,HIGH
2025-06-27 16:00,34.45,44.170074,12.440851,276.0,Ainavolu,16.48505973815918,80.4857177734375,380,MEDIUM,HIGH
2025-06-27 17:00,34.0,46.9951,7.2403865,158.0,Ainavolu,16.48505973815918,80.4857177734375,380,MEDIUM,HIGH
2025-06-27 18:00,32.4,56.17084,5.7204895,45.0,Ainavolu,16.48505973815918,80.4857177734375,380,MEDIUM,HIGH
2025-06-27 19:00,31.55,57.87585,6.989936,1.0,Ainavolu,16.48505973815918,80.4857177734375,380,MEDIUM,HIGH
2025-06-27 20:00,31.5,52.948776,10.630672,0.0,Ainavolu,16.48505973815918,80.4857177734375,380,MEDIUM,HIGH
2025-06-27 21:00,31.2,53.036957,9.5535755,0.0,Ainavolu,16.48505973815918,80.4857177734375,380,MEDIUM,HIGH
2025-06-27 22:00,30.6,55.224308,8.287822,0.0,Ainavolu,16.48505973815918,80.4857177734375,380,MEDIUM,HIGH
2025-06-27 23:00,29.9,58.378254,11.9140415,0.0,Ainavolu,16.48505973815918,80.4857177734375,380,MEDIUM,HIGH
2025-06-28 00:00,28.95,69.46537,13.026081,0.0,Ainavolu,16.48505973815918,80.4857177734375,380,MEDIUM,HIGH
2025-06-28 01:00,28.55,77.35753,11.7,0.0,Ainavolu,16.48505973815918,80.4857177734375,380,MEDIUM,HIGH
2025-06-28 02:00,28.5,77.582504,10.993271,0.0,Ainavolu,16.48505973815918,80.4857177734375,380,MEDIUM,HIGH
2025-06-28 03:00,28.55,69.81295,11.269782,0.0,Ainavolu,16.48505973815918,80.4857177734375,380,MEDIUM,HIGH
2025-06-28 04:00,28.5,63.29835,11.003581,0.0,Ainavolu,16.48505973815918,80.4857177734375,380,MEDIUM,HIGH
2025-06-28 05:00,28.05,63.396164,10.209348,0.0,Ainavolu,16.48505973815918,80.4857177734375,380,MEDIUM,HIGH
2025-06-28 06:00,29.2,63.643723,13.627795,22.0,Ainavolu,16.48505973815918,80.4857177734375,380,MEDIUM,HIGH
2025-06-28 07:00,30.3,61.40291,13.321216,171.0,Ainavolu,16.48505973815918,80.4857177734375,380,MEDIUM,HIGH
2025-06-28 08:00,31.35,57.30224,18.820976,350.0,Ainavolu,16.48505973815918,80.4857177734375,380,MEDIUM,HIGH
2025-06-28 09:00,32.4,54.654102,18.861387,548.0,Ainavolu,16.48505973815918,80.4857177734375,380,MEDIUM,HIGH
2025-06-28 10:00,33.8,49.75595,21.075378,757.0,Ainavolu,16.48505973815918,80.4857177734375,380,MEDIUM,HIGH
2025-06-28 11:00,34.95,45.404057,21.365477,757.0,Ainavolu,16.48505973815918,80.4857177734375,380,MEDIUM,HIGH
2025-06-28 12:00,35.6,43.267227,20.045568,777.0,Ainavolu,16.48505973815918,80.4857177734375,380,MEDIUM,HIGH
2025-06-28 13:00,36.1,41.57835,19.273453,792.0,Ainavolu,16.48505973815918,80.4857177734375,380,MEDIUM,HIGH
2025-06-28 14:00,36.8,39.645287,19.35314,750.0,Ainavolu,16.48505973815918,80.4857177734375,380,MEDIUM,HIGH
2025-06-28 15:00,36.3,39.754723,21.158232,586.0,Ainavolu,16.48505973815918,80.4857177734375,380,MEDIUM,HIGH
2025-06-28 16:00,35.9,40.764137,15.316933,421.0,Ainavolu,16.48505973815918,80.4857177734375,380,MEDIUM,HIGH
2025-06-28 17:00,35.35,42.67215,11.745604,232.0,Ainavolu,16.48505973815918,80.4857177734375,380,MEDIUM,HIGH
2025-06-28 18:00,33.65,47.483746,7.1684303,59.0,Ainavolu,16.48505973815918,80.4857177734375,380,MEDIUM,HIGH
2025-06-28 19:00,31.9,54.199055,4.91634,1.0,Ainavolu,16.48505973815918,80.4857177734375,380,MEDIUM,HIGH
2025-06-28 20:00,31.55,52.798565,9.144637,0.0,Ainavolu,16.48505973815918,80.4857177734375,380,MEDIUM,HIGH
2025-06-28 21:00,31.55,52.313007,12.287555,0.0,Ainavolu,16.48505973815918,80.4857177734375,380,MEDIUM,HIGH
2025-06-28 22:00,31.05,53.657455,12.096214,0.0,Ainavolu,16.48505973815918,80.4857177734375,380,MEDIUM,HIGH
2025-06-28 23:00,30.7,54.40385,9.567131,0.0,Ainavolu,16.48505973815918,80.4857177734375,380,MEDIUM,HIGH
2025-06-29 00:00,30.35,55.50473,9.957108,0.0,Ainavolu,16.48505973815918,80.4857177734375,380,MEDIUM,HIGH
2025-06-29 01:00,29.55,58.476196,7.731623,0.0,Ainavolu,16.48505973815918,80.4857177734375,380,MEDIUM,HIGH
2025-06-29 02:00,29.3,60.061333,10.825469,0.0,Ainavolu,16.48505973815918,80.4857177734375,380,MEDIUM,HIGH
2025-06-29 03:00,29.4,58.80276,12.522619,0.0,Ainavolu,16.48505973815918,80.4857177734375,380,MEDIUM,HIGH
2025-06-29 04:00,29.7,56.558678,14.944336,0.0,Ainavolu,16.48505973815918,80.4857177734375,380,MEDIUM,HIGH
2025-06-29 05:00,29.55,56.697777,15.095336,0.0,Ainavolu,16.48505973815918,80.4857177734375,380,MEDIUM,HIGH
2025-06-29 06:00,30.2,57.20468,18.268892,27.0,Ainavolu,16.48505973815918,80.4857177734375,380,MEDIUM,HIGH
2025-06-29 07:00,30.8,56.474857,19.348116,146.0,Ainavolu,16.48505973815918,80.4857177734375,380,MEDIUM,HIGH
2025-06-29 08:00,31.0,56.696228,22.22836,216.0,Ainavolu,16.48505973815918,80.4857177734375,380,MEDIUM,HIGH
2025-06-29 09:00,31.9,55.034023,22.142927,384.0,Ainavolu,16.48505973815918,80.4857177734375,380,MEDIUM,HIGH
2025-06-29 10:00,33.0,50.316162,21.868332,480.0,Ainavolu,16.48505973815918,80.4857177734375,380,MEDIUM,HIGH
2025-06-29 11:00,33.85,46.52454,21.231607,499.0,Ainavolu,16.48505973815918,80.4857177734375,380,MEDIUM,HIGH
2025-06-29 12:00,33.8,48.257347,23.913593,420.0,Ainavolu,16.48505973815918,80.4857177734375,380,MEDIUM,HIGH
2025-06-29 13:00,34.35,44.69127,21.438143,380.0,Ainavolu,16.48505973815918,80.4857177734375,380,MEDIUM,HIGH
2025-06-29 14:00,34.2,45.066223,23.00693,303.0,Ainavolu,16.48505973815918,80.4857177734375,380,MEDIUM,HIGH
2025-06-29 15:00,33.75,46.212605,18.33616,221.0,Ainavolu,16.48505973815918,80.4857177734375,380,MEDIUM,HIGH
2025-06-29 16:00,34.15,45.611458,14.096425,216.0,Ainavolu,16.48505973815918,80.4857177734375,380,MEDIUM,HIGH
2025-06-29 17:00,33.9,46.96884,12.931218,117.0,Ainavolu,16.48505973815918,80.4857177734375,380,MEDIUM,HIGH
2025-06-29 18:00,30.55,57.287903,14.2336645,23.0,Ainavolu,16.48505973815918,80.4857177734375,380,MEDIUM,HIGH
2025-06-29 19:00,30.75,56.289753,16.16496,1.0,Ainavolu,16.48505973815918,80.4857177734375,380,MEDIUM,HIGH
2025-06-29 20:00,29.2,65.81652,7.44121,0.0,Ainavolu,16.48505973815918,80.4857177734375,380,MEDIUM,HIGH
2025-06-29 21:00,27.75,72.92106,14.336861,0.0,Ainavolu,16.48505973815918,80.4857177734375,380,MEDIUM,HIGH
2025-06-29 22:00,25.15,93.07286,15.292585,0.0,Ainavolu,16.48505973815918,80.4857177734375,380,MEDIUM,HIGH
2025-06-29 23:00,25.05,92.788376,15.056652,0.0,Ainavolu,16.48505973815918,80.4857177734375,380,MEDIUM,HIGH
2025-06-30 00:00,25.1,93.07031,10.787993,0.0,Ainavolu,16.48505973815918,80.4857177734375,380,MEDIUM,HIGH
2025-06-30 01:00,25.45,87.386406,14.0734215,0.0,Ainavolu,16.48505973815918,80.4857177734375,380,MEDIUM,HIGH
2025-06-30 02:00,25.4,86.59277,14.008811,0.0,Ainavolu,16.48505973815918,80.4857177734375,380,MEDIUM,HIGH
2025-06-30 03:00,25.65,83.52602,12.337553,0.0,Ainavolu,16.48505973815918,80.4857177734375,380,MEDIUM,HIGH
2025-06-30 04:00,25.75,82.279305,9.292254,0.0,Ainavolu,16.48505973815918,80.4857177734375,380,MEDIUM,HIGH
2025-06-30 05:00,26.05,80.340614,8.477216,0.0,Ainavolu,16.48505973815918,80.4857177734375,380,MEDIUM,HIGH
2025-06-30 06:00,26.2,85.37215,9.9571085,9.0,Ainavolu,16.48505973815918,80.4857177734375,380,MEDIUM,HIGH
2025-06-30 07:00,27.3,80.99029,8.027677,69.0,Ainavolu,16.48505973815918,80.4857177734375,380,MEDIUM,HIGH
2025-06-30 08:00,29.1,66.805405,10.4166975,172.0,Ainavolu,16.48505973815918,80.4857177734375,380,MEDIUM,HIGH
2025-06-30 09:00,30.2,57.02891,15.655861,211.0,Ainavolu,16.48505973815918,80.4857177734375,380,MEDIUM,HIGH
2025-06-30 10:00,30.55,55.2121,19.689238,246.0,Ainavolu,16.48505973815918,80.4857177734375,380,MEDIUM,HIGH
2025-06-30 11:00,30.8,56.301804,18.459436,328.0,Ainavolu,16.48505973815918,80.4857177734375,380,MEDIUM,HIGH
2025-06-30 12:00,30.5,61.074364,16.640022,336.0,Ainavolu,16.48505973815918,80.4857177734375,380,MEDIUM,HIGH
2025-06-30 13:00,32.6,51.778442,19.110542,446.0,Ainavolu,16.48505973815918,80.4857177734375,380,MEDIUM,HIGH
2025-06-30 14:00,32.6,50.834553,16.069473,287.0,Ainavolu,16.48505973815918,80.4857177734375,380,MEDIUM,HIGH
2025-06-30 15:00,33.0,49.550194,20.880775,266.0,Ainavolu,16.48505973815918,80.4857177734375,380,MEDIUM,HIGH
2025-06-30 16:00,31.9,53.70342,15.451717,88.0,Ainavolu,16.48505973815918,80.4857177734375,380,MEDIUM,HIGH
2025-06-30 17:00,31.3,57.11578,11.753877,57.0,Ainavolu,16.48505973815918,80.4857177734375,380,MEDIUM,HIGH
2025-06-30 18:00,31.05,57.23117,11.833546,41.0,Ainavolu,16.48505973815918,80.4857177734375,380,MEDIUM,HIGH
2025-06-30 19:00,30.15,61.182514,9.54679,1.0,Ainavolu,16.48505973815918,80.4857177734375,380,MEDIUM,HIGH
2025-06-30 20:00,29.3,66.037636,8.461914,0.0,Ainavolu,16.48505973815918,80.4857177734375,380,MEDIUM,HIGH
2025-06-30 21:00,28.9,68.618126,7.256032,0.0,Ainavolu,16.48505973815918,80.4857177734375,380,MEDIUM,HIGH
2025-06-30 22:00,28.65,71.11354,12.69351,0.0,Ainavolu,16.48505973815918,80.4857177734375,380,MEDIUM,HIGH
2025-06-30 23:00,26.35,89.05284,13.026081,0.0,Ainavolu,16.48505973815918,80.4857177734375,380,MEDIUM,HIGH
