timestamp,temperature,relative_humidity,wind_speed,solar_radiation,location,latitude,longitude,population_density,elderly_population,outdoor_worker_population
2025-05-01 00:00,28.4,84.83325,8.626865,0.0,Vijayawada,16.48505973815918,80.65714263916016,HIGH,HIGH,HIGH
2025-05-01 01:00,28.3,85.32808,9.582358,0.0,Vijayawada,16.48505973815918,80.65714263916016,HIGH,HIGH,HIGH
2025-05-01 02:00,28.1,86.58401,10.34178,0.0,Vijayawada,16.48505973815918,80.65714263916016,HIGH,HIGH,HIGH
2025-05-01 03:00,28.0,87.090164,8.797931,0.0,Vijayawada,16.48505973815918,80.65714263916016,HIGH,HIGH,HIGH
2025-05-01 04:00,27.8,88.11253,6.269067,0.0,Vijayawada,16.48505973815918,80.65714263916016,HIGH,HIGH,HIGH
2025-05-01 05:00,27.55,89.40952,6.1858225,0.0,Vijayawada,16.48505973815918,80.65714263916016,HIGH,HIGH,HIGH
2025-05-01 06:00,28.35,82.09699,8.305396,27.0,Vijayawada,16.48505973815918,80.65714263916016,HIGH,HIGH,HIGH
2025-05-01 07:00,30.0,73.523056,11.919479,178.0,Vijayawada,16.48505973815918,80.65714263916016,HIGH,HIGH,HIGH
2025-05-01 08:00,31.8,64.19532,10.931203,362.0,Vijayawada,16.48505973815918,80.65714263916016,HIGH,HIGH,HIGH
2025-05-01 09:00,33.65,55.29098,10.261578,577.0,Vijayawada,16.48505973815918,80.65714263916016,HIGH,HIGH,HIGH
2025-05-01 10:00,35.35,48.364628,9.0,737.0,Vijayawada,16.48505973815918,80.65714263916016,HIGH,HIGH,HIGH
2025-05-01 11:00,36.75,43.57371,8.461914,799.0,Vijayawada,16.48505973815918,80.65714263916016,HIGH,HIGH,HIGH
2025-05-01 12:00,38.0,39.968525,9.0645685,887.0,Vijayawada,16.48505973815918,80.65714263916016,HIGH,HIGH,HIGH
2025-05-01 13:00,37.4,40.544285,11.34,811.0,Vijayawada,16.48505973815918,80.65714263916016,HIGH,HIGH,HIGH
2025-05-01 14:00,34.75,47.9166,15.151039,735.0,Vijayawada,16.48505973815918,80.65714263916016,HIGH,HIGH,HIGH
2025-05-01 15:00,36.15,42.49433,10.495713,412.0,Vijayawada,16.48505973815918,80.65714263916016,HIGH,HIGH,HIGH
2025-05-01 16:00,36.15,42.755344,9.05205,330.0,Vijayawada,16.48505973815918,80.65714263916016,HIGH,HIGH,HIGH
2025-05-01 17:00,35.2,45.47014,12.081473,196.0,Vijayawada,16.48505973815918,80.65714263916016,HIGH,HIGH,HIGH
2025-05-01 18:00,33.85,51.77758,13.5012,44.0,Vijayawada,16.48505973815918,80.65714263916016,HIGH,HIGH,HIGH
2025-05-01 19:00,32.4,61.681194,13.878688,0.0,Vijayawada,16.48505973815918,80.65714263916016,HIGH,HIGH,HIGH
2025-05-01 20:00,31.05,70.69526,12.855831,0.0,Vijayawada,16.48505973815918,80.65714263916016,HIGH,HIGH,HIGH
2025-05-01 21:00,30.05,77.11823,10.819482,0.0,Vijayawada,16.48505973815918,80.65714263916016,HIGH,HIGH,HIGH
2025-05-01 22:00,29.35,82.216515,9.9408245,0.0,Vijayawada,16.48505973815918,80.65714263916016,HIGH,HIGH,HIGH
2025-05-01 23:00,28.85,85.635765,9.734988,0.0,Vijayawada,16.48505973815918,80.65714263916016,HIGH,HIGH,HIGH
2025-05-02 00:00,28.5,87.6511,8.707237,0.0,Vijayawada,16.48505973815918,80.65714263916016,HIGH,HIGH,HIGH
2025-05-02 01:00,28.35,87.37945,9.703319,0.0,Vijayawada,16.48505973815918,80.65714263916016,HIGH,HIGH,HIGH
2025-05-02 02:00,28.1,88.92302,9.144637,0.0,Vijayawada,16.48505973815918,80.65714263916016,HIGH,HIGH,HIGH
2025-05-02 03:00,27.8,91.02935,8.53815,0.0,Vijayawada,16.48505973815918,80.65714263916016,HIGH,HIGH,HIGH
2025-05-02 04:00,27.5,93.18871,8.3520775,0.0,Vijayawada,16.48505973815918,80.65714263916016,HIGH,HIGH,HIGH
2025-05-02 05:00,27.25,94.84306,7.256032,0.0,Vijayawada,16.48505973815918,80.65714263916016,HIGH,HIGH,HIGH
2025-05-02 06:00,27.95,88.91143,6.552099,28.0,Vijayawada,16.48505973815918,80.65714263916016,HIGH,HIGH,HIGH
2025-05-02 07:00,29.8,78.00271,10.172787,175.0,Vijayawada,16.48505973815918,80.65714263916016,HIGH,HIGH,HIGH
2025-05-02 08:00,32.0,64.623,11.173057,385.0,Vijayawada,16.48505973815918,80.65714263916016,HIGH,HIGH,HIGH
2025-05-02 09:00,33.25,57.402523,9.187056,467.0,Vijayawada,16.48505973815918,80.65714263916016,HIGH,HIGH,HIGH
2025-05-02 10:00,34.8,51.391754,8.101999,721.0,Vijayawada,16.48505973815918,80.65714263916016,HIGH,HIGH,HIGH
2025-05-02 11:00,35.35,49.69969,6.6818557,805.0,Vijayawada,16.48505973815918,80.65714263916016,HIGH,HIGH,HIGH
2025-05-02 12:00,36.5,43.906487,7.628263,704.0,Vijayawada,16.48505973815918,80.65714263916016,HIGH,HIGH,HIGH
2025-05-02 13:00,31.8,61.92113,15.455911,509.0,Vijayawada,16.48505973815918,80.65714263916016,HIGH,HIGH,HIGH
2025-05-02 14:00,33.9,50.699978,8.55142,433.0,Vijayawada,16.48505973815918,80.65714263916016,HIGH,HIGH,HIGH
2025-05-02 15:00,35.45,45.39739,8.827344,531.0,Vijayawada,16.48505973815918,80.65714263916016,HIGH,HIGH,HIGH
2025-05-02 16:00,35.75,42.91082,9.227524,407.0,Vijayawada,16.48505973815918,80.65714263916016,HIGH,HIGH,HIGH
2025-05-02 17:00,34.9,44.97529,12.20023,189.0,Vijayawada,16.48505973815918,80.65714263916016,HIGH,HIGH,HIGH
2025-05-02 18:00,34.6,45.590443,10.4166975,34.0,Vijayawada,16.48505973815918,80.65714263916016,HIGH,HIGH,HIGH
2025-05-02 19:00,32.4,61.681194,15.277749,0.0,Vijayawada,16.48505973815918,80.65714263916016,HIGH,HIGH,HIGH
2025-05-02 20:00,31.15,69.66771,14.50983,0.0,Vijayawada,16.48505973815918,80.65714263916016,HIGH,HIGH,HIGH
2025-05-02 21:00,30.2,76.6842,12.7279215,0.0,Vijayawada,16.48505973815918,80.65714263916016,HIGH,HIGH,HIGH
2025-05-02 22:00,29.85,78.47411,10.472535,0.0,Vijayawada,16.48505973815918,80.65714263916016,HIGH,HIGH,HIGH
2025-05-02 23:00,29.35,81.007965,9.139322,0.0,Vijayawada,16.48505973815918,80.65714263916016,HIGH,HIGH,HIGH
2025-05-03 00:00,29.05,83.16072,8.827344,0.0,Vijayawada,16.48505973815918,80.65714263916016,HIGH,HIGH,HIGH
2025-05-03 01:00,28.9,85.1361,8.61371,0.0,Vijayawada,16.48505973815918,80.65714263916016,HIGH,HIGH,HIGH
2025-05-03 02:00,28.7,86.89551,9.102021,0.0,Vijayawada,16.48505973815918,80.65714263916016,HIGH,HIGH,HIGH
2025-05-03 03:00,28.7,87.15241,8.775807,0.0,Vijayawada,16.48505973815918,80.65714263916016,HIGH,HIGH,HIGH
2025-05-03 04:00,28.5,88.43072,7.538541,0.0,Vijayawada,16.48505973815918,80.65714263916016,HIGH,HIGH,HIGH
2025-05-03 05:00,28.3,89.72929,6.6818557,0.0,Vijayawada,16.48505973815918,80.65714263916016,HIGH,HIGH,HIGH
2025-05-03 06:00,29.55,85.20171,8.461914,25.0,Vijayawada,16.48505973815918,80.65714263916016,HIGH,HIGH,HIGH
2025-05-03 07:00,31.2,73.72272,11.375658,177.0,Vijayawada,16.48505973815918,80.65714263916016,HIGH,HIGH,HIGH
2025-05-03 08:00,33.1,62.390656,11.571914,389.0,Vijayawada,16.48505973815918,80.65714263916016,HIGH,HIGH,HIGH
2025-05-03 09:00,35.0,52.695892,13.570615,586.0,Vijayawada,16.48505973815918,80.65714263916016,HIGH,HIGH,HIGH
2025-05-03 10:00,36.5,46.651173,13.040997,728.0,Vijayawada,16.48505973815918,80.65714263916016,HIGH,HIGH,HIGH
2025-05-03 11:00,35.4,51.079494,9.1958685,791.0,Vijayawada,16.48505973815918,80.65714263916016,HIGH,HIGH,HIGH
2025-05-03 12:00,36.15,48.278973,4.863332,761.0,Vijayawada,16.48505973815918,80.65714263916016,HIGH,HIGH,HIGH
2025-05-03 13:00,35.4,48.524296,7.102591,837.0,Vijayawada,16.48505973815918,80.65714263916016,HIGH,HIGH,HIGH
2025-05-03 14:00,33.5,54.42608,10.441551,625.0,Vijayawada,16.48505973815918,80.65714263916016,HIGH,HIGH,HIGH
2025-05-03 15:00,32.85,58.179382,6.489992,341.0,Vijayawada,16.48505973815918,80.65714263916016,HIGH,HIGH,HIGH
2025-05-03 16:00,34.05,54.724716,7.16617,374.0,Vijayawada,16.48505973815918,80.65714263916016,HIGH,HIGH,HIGH
2025-05-03 17:00,33.85,53.85708,5.0432134,191.0,Vijayawada,16.48505973815918,80.65714263916016,HIGH,HIGH,HIGH
2025-05-03 18:00,35.05,43.52011,5.0528407,37.0,Vijayawada,16.48505973815918,80.65714263916016,HIGH,HIGH,HIGH
2025-05-03 19:00,34.05,48.76743,10.348043,0.0,Vijayawada,16.48505973815918,80.65714263916016,HIGH,HIGH,HIGH
2025-05-03 20:00,32.3,62.967556,12.932471,0.0,Vijayawada,16.48505973815918,80.65714263916016,HIGH,HIGH,HIGH
2025-05-03 21:00,31.05,73.26223,10.717182,0.0,Vijayawada,16.48505973815918,80.65714263916016,HIGH,HIGH,HIGH
2025-05-03 22:00,30.15,79.450356,10.1902895,0.0,Vijayawada,16.48505973815918,80.65714263916016,HIGH,HIGH,HIGH
2025-05-03 23:00,29.6,83.96206,10.185519,0.0,Vijayawada,16.48505973815918,80.65714263916016,HIGH,HIGH,HIGH
2025-05-04 00:00,29.3,86.43968,11.556504,0.0,Vijayawada,16.48505973815918,80.65714263916016,HIGH,HIGH,HIGH
2025-05-04 01:00,29.15,87.44901,7.8480825,0.0,Vijayawada,16.48505973815918,80.65714263916016,HIGH,HIGH,HIGH
2025-05-04 02:00,28.85,88.98076,6.6624317,0.0,Vijayawada,16.48505973815918,80.65714263916016,HIGH,HIGH,HIGH
2025-05-04 03:00,28.55,90.542854,5.728979,0.0,Vijayawada,16.48505973815918,80.65714263916016,HIGH,HIGH,HIGH
2025-05-04 04:00,28.35,91.60137,5.3457265,0.0,Vijayawada,16.48505973815918,80.65714263916016,HIGH,HIGH,HIGH
2025-05-04 05:00,28.15,92.673904,6.522361,0.0,Vijayawada,16.48505973815918,80.65714263916016,HIGH,HIGH,HIGH
2025-05-04 06:00,29.2,87.4533,6.3639607,26.0,Vijayawada,16.48505973815918,80.65714263916016,HIGH,HIGH,HIGH
2025-05-04 07:00,29.7,82.744865,8.942214,128.0,Vijayawada,16.48505973815918,80.65714263916016,HIGH,HIGH,HIGH
2025-05-04 08:00,27.85,86.047646,9.299225,181.0,Vijayawada,16.48505973815918,80.65714263916016,HIGH,HIGH,HIGH
2025-05-04 09:00,28.9,77.87333,6.3690495,283.0,Vijayawada,16.48505973815918,80.65714263916016,HIGH,HIGH,HIGH
2025-05-04 10:00,31.45,65.68047,9.252069,571.0,Vijayawada,16.48505973815918,80.65714263916016,HIGH,HIGH,HIGH
2025-05-04 11:00,33.45,58.493732,10.948973,777.0,Vijayawada,16.48505973815918,80.65714263916016,HIGH,HIGH,HIGH
2025-05-04 12:00,35.05,52.078167,10.819482,868.0,Vijayawada,16.48505973815918,80.65714263916016,HIGH,HIGH,HIGH
2025-05-04 13:00,36.15,46.984474,8.78872,877.0,Vijayawada,16.48505973815918,80.65714263916016,HIGH,HIGH,HIGH
2025-05-04 14:00,36.65,43.414783,7.0843205,731.0,Vijayawada,16.48505973815918,80.65714263916016,HIGH,HIGH,HIGH
2025-05-04 15:00,37.0,42.591663,5.22,586.0,Vijayawada,16.48505973815918,80.65714263916016,HIGH,HIGH,HIGH
2025-05-04 16:00,36.65,37.929413,3.4763772,395.0,Vijayawada,16.48505973815918,80.65714263916016,HIGH,HIGH,HIGH
2025-05-04 17:00,36.2,40.469566,3.84796,155.0,Vijayawada,16.48505973815918,80.65714263916016,HIGH,HIGH,HIGH
2025-05-04 18:00,29.5,64.293434,2.2553935,46.0,Vijayawada,16.48505973815918,80.65714263916016,HIGH,HIGH,HIGH
2025-05-04 19:00,29.15,66.00704,1.9469976,0.0,Vijayawada,16.48505973815918,80.65714263916016,HIGH,HIGH,HIGH
2025-05-04 20:00,28.8,69.6481,5.1919937,0.0,Vijayawada,16.48505973815918,80.65714263916016,HIGH,HIGH,HIGH
2025-05-04 21:00,28.25,72.565926,3.710795,0.0,Vijayawada,16.48505973815918,80.65714263916016,HIGH,HIGH,HIGH
2025-05-04 22:00,27.75,75.85195,3.6402748,0.0,Vijayawada,16.48505973815918,80.65714263916016,HIGH,HIGH,HIGH
2025-05-04 23:00,27.35,78.35512,8.880405,0.0,Vijayawada,16.48505973815918,80.65714263916016,HIGH,HIGH,HIGH
2025-05-05 00:00,26.4,88.52497,8.461914,0.0,Vijayawada,16.48505973815918,80.65714263916016,HIGH,HIGH,HIGH
2025-05-05 01:00,25.9,92.55523,10.296251,0.0,Vijayawada,16.48505973815918,80.65714263916016,HIGH,HIGH,HIGH
2025-05-05 02:00,25.6,94.216225,6.542201,0.0,Vijayawada,16.48505973815918,80.65714263916016,HIGH,HIGH,HIGH
2025-05-05 03:00,25.3,95.910866,3.143565,0.0,Vijayawada,16.48505973815918,80.65714263916016,HIGH,HIGH,HIGH
2025-05-05 04:00,25.6,95.064674,4.0249224,0.0,Vijayawada,16.48505973815918,80.65714263916016,HIGH,HIGH,HIGH
2025-05-05 05:00,25.6,95.064674,5.2416787,0.0,Vijayawada,16.48505973815918,80.65714263916016,HIGH,HIGH,HIGH
2025-05-05 06:00,26.85,88.296974,5.991594,31.0,Vijayawada,16.48505973815918,80.65714263916016,HIGH,HIGH,HIGH
2025-05-05 07:00,28.95,77.88054,10.436895,195.0,Vijayawada,16.48505973815918,80.65714263916016,HIGH,HIGH,HIGH
2025-05-05 08:00,30.95,67.37552,10.8792095,374.0,Vijayawada,16.48505973815918,80.65714263916016,HIGH,HIGH,HIGH
2025-05-05 09:00,33.05,57.355553,6.4924874,591.0,Vijayawada,16.48505973815918,80.65714263916016,HIGH,HIGH,HIGH
2025-05-05 10:00,34.65,49.973488,2.5455842,760.0,Vijayawada,16.48505973815918,80.65714263916016,HIGH,HIGH,HIGH
2025-05-05 11:00,36.0,43.90746,3.8268526,873.0,Vijayawada,16.48505973815918,80.65714263916016,HIGH,HIGH,HIGH
2025-05-05 12:00,37.1,39.362015,7.7043357,924.0,Vijayawada,16.48505973815918,80.65714263916016,HIGH,HIGH,HIGH
2025-05-05 13:00,37.85,35.858425,6.6624317,892.0,Vijayawada,16.48505973815918,80.65714263916016,HIGH,HIGH,HIGH
2025-05-05 14:00,37.8,34.967464,7.406295,739.0,Vijayawada,16.48505973815918,80.65714263916016,HIGH,HIGH,HIGH
2025-05-05 15:00,37.75,34.308285,8.209263,565.0,Vijayawada,16.48505973815918,80.65714263916016,HIGH,HIGH,HIGH
2025-05-05 16:00,36.9,37.530136,12.475961,410.0,Vijayawada,16.48505973815918,80.65714263916016,HIGH,HIGH,HIGH
2025-05-05 17:00,34.5,50.39186,15.273505,205.0,Vijayawada,16.48505973815918,80.65714263916016,HIGH,HIGH,HIGH
2025-05-05 18:00,32.7,57.100266,16.966848,40.0,Vijayawada,16.48505973815918,80.65714263916016,HIGH,HIGH,HIGH
2025-05-05 19:00,31.2,62.352398,13.379461,0.0,Vijayawada,16.48505973815918,80.65714263916016,HIGH,HIGH,HIGH
2025-05-05 20:00,30.15,64.62615,10.404249,0.0,Vijayawada,16.48505973815918,80.65714263916016,HIGH,HIGH,HIGH
2025-05-05 21:00,29.4,69.340164,7.8954163,0.0,Vijayawada,16.48505973815918,80.65714263916016,HIGH,HIGH,HIGH
2025-05-05 22:00,28.65,75.76403,9.139322,0.0,Vijayawada,16.48505973815918,80.65714263916016,HIGH,HIGH,HIGH
2025-05-05 23:00,28.05,81.08533,9.741642,0.0,Vijayawada,16.48505973815918,80.65714263916016,HIGH,HIGH,HIGH
2025-05-06 00:00,27.6,84.75021,9.939196,0.0,Vijayawada,16.48505973815918,80.65714263916016,HIGH,HIGH,HIGH
2025-05-06 01:00,27.25,87.54361,7.9077177,0.0,Vijayawada,16.48505973815918,80.65714263916016,HIGH,HIGH,HIGH
2025-05-06 02:00,27.1,89.37603,7.4672885,0.0,Vijayawada,16.48505973815918,80.65714263916016,HIGH,HIGH,HIGH
2025-05-06 03:00,27.15,90.71823,7.9138603,0.0,Vijayawada,16.48505973815918,80.65714263916016,HIGH,HIGH,HIGH
2025-05-06 04:00,27.05,93.443115,5.0142193,0.0,Vijayawada,16.48505973815918,80.65714263916016,HIGH,HIGH,HIGH
2025-05-06 05:00,26.95,95.67667,3.572898,0.0,Vijayawada,16.48505973815918,80.65714263916016,HIGH,HIGH,HIGH
2025-05-06 06:00,28.15,87.10355,0.40249225,24.0,Vijayawada,16.48505973815918,80.65714263916016,HIGH,HIGH,HIGH
2025-05-06 07:00,29.55,80.078674,4.752136,139.0,Vijayawada,16.48505973815918,80.65714263916016,HIGH,HIGH,HIGH
2025-05-06 08:00,31.85,65.761894,7.4932766,348.0,Vijayawada,16.48505973815918,80.65714263916016,HIGH,HIGH,HIGH
2025-05-06 09:00,34.25,51.878017,9.567131,599.0,Vijayawada,16.48505973815918,80.65714263916016,HIGH,HIGH,HIGH
2025-05-06 10:00,36.15,42.62467,9.039514,758.0,Vijayawada,16.48505973815918,80.65714263916016,HIGH,HIGH,HIGH
2025-05-06 11:00,37.7,35.70709,6.9270773,871.0,Vijayawada,16.48505973815918,80.65714263916016,HIGH,HIGH,HIGH
2025-05-06 12:00,39.05,31.583342,5.6060677,902.0,Vijayawada,16.48505973815918,80.65714263916016,HIGH,HIGH,HIGH
2025-05-06 13:00,38.7,31.588047,10.223619,800.0,Vijayawada,16.48505973815918,80.65714263916016,HIGH,HIGH,HIGH
2025-05-06 14:00,32.7,44.94515,12.906138,618.0,Vijayawada,16.48505973815918,80.65714263916016,HIGH,HIGH,HIGH
2025-05-06 15:00,35.7,38.50137,8.574123,455.0,Vijayawada,16.48505973815918,80.65714263916016,HIGH,HIGH,HIGH
2025-05-06 16:00,35.75,37.684853,2.5582807,387.0,Vijayawada,16.48505973815918,80.65714263916016,HIGH,HIGH,HIGH
2025-05-06 17:00,35.6,37.29306,3.964089,210.0,Vijayawada,16.48505973815918,80.65714263916016,HIGH,HIGH,HIGH
2025-05-06 18:00,32.85,57.30849,6.489992,43.0,Vijayawada,16.48505973815918,80.65714263916016,HIGH,HIGH,HIGH
2025-05-06 19:00,31.4,63.15326,7.256032,0.0,Vijayawada,16.48505973815918,80.65714263916016,HIGH,HIGH,HIGH
2025-05-06 20:00,30.55,65.69426,7.5019197,0.0,Vijayawada,16.48505973815918,80.65714263916016,HIGH,HIGH,HIGH
2025-05-06 21:00,30.2,70.75266,8.958504,0.0,Vijayawada,16.48505973815918,80.65714263916016,HIGH,HIGH,HIGH
2025-05-06 22:00,29.35,78.87167,9.449572,0.0,Vijayawada,16.48505973815918,80.65714263916016,HIGH,HIGH,HIGH
2025-05-06 23:00,28.8,82.64036,8.049845,0.0,Vijayawada,16.48505973815918,80.65714263916016,HIGH,HIGH,HIGH
2025-05-07 00:00,28.45,85.343094,7.3447943,0.0,Vijayawada,16.48505973815918,80.65714263916016,HIGH,HIGH,HIGH
2025-05-07 01:00,28.05,87.61256,7.7879906,0.0,Vijayawada,16.48505973815918,80.65714263916016,HIGH,HIGH,HIGH
2025-05-07 02:00,27.7,89.95198,6.792466,0.0,Vijayawada,16.48505973815918,80.65714263916016,HIGH,HIGH,HIGH
2025-05-07 03:00,27.4,92.36109,5.5887027,0.0,Vijayawada,16.48505973815918,80.65714263916016,HIGH,HIGH,HIGH
2025-05-07 04:00,27.25,94.00658,6.2613096,0.0,Vijayawada,16.48505973815918,80.65714263916016,HIGH,HIGH,HIGH
2025-05-07 05:00,27.15,95.401024,5.4744864,0.0,Vijayawada,16.48505973815918,80.65714263916016,HIGH,HIGH,HIGH
2025-05-07 06:00,28.6,88.96157,7.596341,27.0,Vijayawada,16.48505973815918,80.65714263916016,HIGH,HIGH,HIGH
2025-05-07 07:00,30.05,80.14425,7.056826,147.0,Vijayawada,16.48505973815918,80.65714263916016,HIGH,HIGH,HIGH
2025-05-07 08:00,31.9,68.57411,4.6452556,359.0,Vijayawada,16.48505973815918,80.65714263916016,HIGH,HIGH,HIGH
2025-05-07 09:00,28.8,72.88053,12.324414,578.0,Vijayawada,16.48505973815918,80.65714263916016,HIGH,HIGH,HIGH
2025-05-07 10:00,30.65,65.91307,4.5,467.0,Vijayawada,16.48505973815918,80.65714263916016,HIGH,HIGH,HIGH
2025-05-07 11:00,33.45,56.933464,4.896529,875.0,Vijayawada,16.48505973815918,80.65714263916016,HIGH,HIGH,HIGH
2025-05-07 12:00,35.05,49.924263,4.1046314,913.0,Vijayawada,16.48505973815918,80.65714263916016,HIGH,HIGH,HIGH
2025-05-07 13:00,36.0,46.9454,3.7585104,848.0,Vijayawada,16.48505973815918,80.65714263916016,HIGH,HIGH,HIGH
2025-05-07 14:00,36.55,45.136757,5.5887027,738.0,Vijayawada,16.48505973815918,80.65714263916016,HIGH,HIGH,HIGH
2025-05-07 15:00,33.5,54.92197,14.668619,541.0,Vijayawada,16.48505973815918,80.65714263916016,HIGH,HIGH,HIGH
2025-05-07 16:00,32.65,57.261368,5.7628117,240.0,Vijayawada,16.48505973815918,80.65714263916016,HIGH,HIGH,HIGH
2025-05-07 17:00,33.1,55.661106,3.494968,197.0,Vijayawada,16.48505973815918,80.65714263916016,HIGH,HIGH,HIGH
2025-05-07 18:00,29.45,70.61636,2.7943513,41.0,Vijayawada,16.48505973815918,80.65714263916016,HIGH,HIGH,HIGH
2025-05-07 19:00,29.2,72.51138,6.4323244,0.0,Vijayawada,16.48505973815918,80.65714263916016,HIGH,HIGH,HIGH
2025-05-07 20:00,28.95,74.23443,5.072041,0.0,Vijayawada,16.48505973815918,80.65714263916016,HIGH,HIGH,HIGH
2025-05-07 21:00,29.1,74.4823,8.305396,0.0,Vijayawada,16.48505973815918,80.65714263916016,HIGH,HIGH,HIGH
2025-05-07 22:00,29.0,80.00617,6.489992,0.0,Vijayawada,16.48505973815918,80.65714263916016,HIGH,HIGH,HIGH
2025-05-07 23:00,28.65,84.357605,6.889557,0.0,Vijayawada,16.48505973815918,80.65714263916016,HIGH,HIGH,HIGH
2025-05-08 00:00,28.2,86.85028,5.637765,0.0,Vijayawada,16.48505973815918,80.65714263916016,HIGH,HIGH,HIGH
2025-05-08 01:00,27.9,87.85992,6.924738,0.0,Vijayawada,16.48505973815918,80.65714263916016,HIGH,HIGH,HIGH
2025-05-08 02:00,27.55,89.94142,5.5799994,0.0,Vijayawada,16.48505973815918,80.65714263916016,HIGH,HIGH,HIGH
2025-05-08 03:00,27.25,92.62676,4.514377,0.0,Vijayawada,16.48505973815918,80.65714263916016,HIGH,HIGH,HIGH
2025-05-08 04:00,27.1,94.00009,5.00128,0.0,Vijayawada,16.48505973815918,80.65714263916016,HIGH,HIGH,HIGH
2025-05-08 05:00,26.9,95.11098,5.876938,0.0,Vijayawada,16.48505973815918,80.65714263916016,HIGH,HIGH,HIGH
2025-05-08 06:00,28.95,87.17454,5.5799994,26.0,Vijayawada,16.48505973815918,80.65714263916016,HIGH,HIGH,HIGH
2025-05-08 07:00,30.05,80.38124,5.1544156,150.0,Vijayawada,16.48505973815918,80.65714263916016,HIGH,HIGH,HIGH
2025-05-08 08:00,31.9,68.167534,4.175069,359.0,Vijayawada,16.48505973815918,80.65714263916016,HIGH,HIGH,HIGH
2025-05-08 09:00,33.6,57.830696,5.728979,606.0,Vijayawada,16.48505973815918,80.65714263916016,HIGH,HIGH,HIGH
2025-05-08 10:00,35.15,49.19982,4.072935,755.0,Vijayawada,16.48505973815918,80.65714263916016,HIGH,HIGH,HIGH
2025-05-08 11:00,36.25,45.19473,2.3469126,849.0,Vijayawada,16.48505973815918,80.65714263916016,HIGH,HIGH,HIGH
2025-05-08 12:00,37.35,40.530846,1.6299692,879.0,Vijayawada,16.48505973815918,80.65714263916016,HIGH,HIGH,HIGH
2025-05-08 13:00,35.35,43.46661,10.8792095,643.0,Vijayawada,16.48505973815918,80.65714263916016,HIGH,HIGH,HIGH
2025-05-08 14:00,31.45,58.739216,8.452336,405.0,Vijayawada,16.48505973815918,80.65714263916016,HIGH,HIGH,HIGH
2025-05-08 15:00,31.0,64.999016,3.096837,382.0,Vijayawada,16.48505973815918,80.65714263916016,HIGH,HIGH,HIGH
2025-05-08 16:00,31.45,64.12169,7.1208143,312.0,Vijayawada,16.48505973815918,80.65714263916016,HIGH,HIGH,HIGH
2025-05-08 17:00,31.25,65.24655,8.133928,151.0,Vijayawada,16.48505973815918,80.65714263916016,HIGH,HIGH,HIGH
2025-05-08 18:00,30.6,60.356945,8.089993,45.0,Vijayawada,16.48505973815918,80.65714263916016,HIGH,HIGH,HIGH
2025-05-08 19:00,29.45,68.72367,5.95906,0.0,Vijayawada,16.48505973815918,80.65714263916016,HIGH,HIGH,HIGH
2025-05-08 20:00,28.7,74.866264,2.34,0.0,Vijayawada,16.48505973815918,80.65714263916016,HIGH,HIGH,HIGH
2025-05-08 21:00,28.35,76.864685,2.226477,0.0,Vijayawada,16.48505973815918,80.65714263916016,HIGH,HIGH,HIGH
2025-05-08 22:00,28.1,78.4616,5.0975285,0.0,Vijayawada,16.48505973815918,80.65714263916016,HIGH,HIGH,HIGH
2025-05-08 23:00,27.9,78.43327,3.9477081,0.0,Vijayawada,16.48505973815918,80.65714263916016,HIGH,HIGH,HIGH
2025-05-09 00:00,27.2,81.466545,3.4949677,0.0,Vijayawada,16.48505973815918,80.65714263916016,HIGH,HIGH,HIGH
2025-05-09 01:00,27.05,81.44788,4.2021427,0.0,Vijayawada,16.48505973815918,80.65714263916016,HIGH,HIGH,HIGH
2025-05-09 02:00,26.4,85.649605,2.5772076,0.0,Vijayawada,16.48505973815918,80.65714263916016,HIGH,HIGH,HIGH
2025-05-09 03:00,26.4,86.16623,1.1384199,0.0,Vijayawada,16.48505973815918,80.65714263916016,HIGH,HIGH,HIGH
2025-05-09 04:00,26.4,86.6856,0.0,0.0,Vijayawada,16.48505973815918,80.65714263916016,HIGH,HIGH,HIGH
2025-05-09 05:00,26.35,88.256,0.8049845,0.0,Vijayawada,16.48505973815918,80.65714263916016,HIGH,HIGH,HIGH
2025-05-09 06:00,27.2,84.20248,1.6299692,20.0,Vijayawada,16.48505973815918,80.65714263916016,HIGH,HIGH,HIGH
2025-05-09 07:00,29.05,76.51051,3.438895,196.0,Vijayawada,16.48505973815918,80.65714263916016,HIGH,HIGH,HIGH
2025-05-09 08:00,30.4,71.85495,4.8633323,316.0,Vijayawada,16.48505973815918,80.65714263916016,HIGH,HIGH,HIGH
2025-05-09 09:00,32.55,60.795143,5.5450516,573.0,Vijayawada,16.48505973815918,80.65714263916016,HIGH,HIGH,HIGH
2025-05-09 10:00,34.45,50.685658,4.3832865,784.0,Vijayawada,16.48505973815918,80.65714263916016,HIGH,HIGH,HIGH
2025-05-09 11:00,35.85,44.13649,3.4152596,887.0,Vijayawada,16.48505973815918,80.65714263916016,HIGH,HIGH,HIGH
2025-05-09 12:00,36.75,39.631767,2.4014995,815.0,Vijayawada,16.48505973815918,80.65714263916016,HIGH,HIGH,HIGH
2025-05-09 13:00,37.65,36.928196,1.4512063,833.0,Vijayawada,16.48505973815918,80.65714263916016,HIGH,HIGH,HIGH
2025-05-09 14:00,37.5,36.434338,1.6981165,739.0,Vijayawada,16.48505973815918,80.65714263916016,HIGH,HIGH,HIGH
2025-05-09 15:00,37.35,36.393692,4.353619,568.0,Vijayawada,16.48505973815918,80.65714263916016,HIGH,HIGH,HIGH
2025-05-09 16:00,35.35,45.37099,10.703569,353.0,Vijayawada,16.48505973815918,80.65714263916016,HIGH,HIGH,HIGH
2025-05-09 17:00,34.0,54.056747,11.51578,173.0,Vijayawada,16.48505973815918,80.65714263916016,HIGH,HIGH,HIGH
2025-05-09 18:00,32.5,60.23821,11.298495,45.0,Vijayawada,16.48505973815918,80.65714263916016,HIGH,HIGH,HIGH
2025-05-09 19:00,31.45,65.87762,10.9859,0.0,Vijayawada,16.48505973815918,80.65714263916016,HIGH,HIGH,HIGH
2025-05-09 20:00,30.4,70.788895,10.946013,0.0,Vijayawada,16.48505973815918,80.65714263916016,HIGH,HIGH,HIGH
2025-05-09 21:00,29.55,76.35825,9.5535755,0.0,Vijayawada,16.48505973815918,80.65714263916016,HIGH,HIGH,HIGH
2025-05-09 22:00,29.05,79.775024,9.335737,0.0,Vijayawada,16.48505973815918,80.65714263916016,HIGH,HIGH,HIGH
2025-05-09 23:00,28.6,83.10958,7.4867883,0.0,Vijayawada,16.48505973815918,80.65714263916016,HIGH,HIGH,HIGH
2025-05-10 00:00,28.2,86.08116,6.9247384,0.0,Vijayawada,16.48505973815918,80.65714263916016,HIGH,HIGH,HIGH
2025-05-10 01:00,27.95,87.864105,7.0015144,0.0,Vijayawada,16.48505973815918,80.65714263916016,HIGH,HIGH,HIGH
2025-05-10 02:00,27.75,89.42434,6.1437774,0.0,Vijayawada,16.48505973815918,80.65714263916016,HIGH,HIGH,HIGH
2025-05-10 03:00,27.35,92.08544,3.84796,0.0,Vijayawada,16.48505973815918,80.65714263916016,HIGH,HIGH,HIGH
2025-05-10 04:00,27.3,92.629395,4.4274144,0.0,Vijayawada,16.48505973815918,80.65714263916016,HIGH,HIGH,HIGH
2025-05-10 05:00,27.05,94.27645,3.3092597,0.0,Vijayawada,16.48505973815918,80.65714263916016,HIGH,HIGH,HIGH
2025-05-10 06:00,28.95,87.68947,4.942631,32.0,Vijayawada,16.48505973815918,80.65714263916016,HIGH,HIGH,HIGH
2025-05-10 07:00,30.65,77.664154,8.836514,184.0,Vijayawada,16.48505973815918,80.65714263916016,HIGH,HIGH,HIGH
2025-05-10 08:00,32.2,64.858025,9.36,391.0,Vijayawada,16.48505973815918,80.65714263916016,HIGH,HIGH,HIGH
2025-05-10 09:00,33.55,57.128555,8.107996,543.0,Vijayawada,16.48505973815918,80.65714263916016,HIGH,HIGH,HIGH
2025-05-10 10:00,35.15,51.790592,6.6818557,711.0,Vijayawada,16.48505973815918,80.65714263916016,HIGH,HIGH,HIGH
2025-05-10 11:00,36.45,46.357033,5.6262593,780.0,Vijayawada,16.48505973815918,80.65714263916016,HIGH,HIGH,HIGH
2025-05-10 12:00,37.6,40.105343,3.671294,777.0,Vijayawada,16.48505973815918,80.65714263916016,HIGH,HIGH,HIGH
2025-05-10 13:00,35.9,42.297333,7.8625183,425.0,Vijayawada,16.48505973815918,80.65714263916016,HIGH,HIGH,HIGH
2025-05-10 14:00,36.6,41.71265,7.8728137,655.0,Vijayawada,16.48505973815918,80.65714263916016,HIGH,HIGH,HIGH
2025-05-10 15:00,36.1,42.611286,7.029225,520.0,Vijayawada,16.48505973815918,80.65714263916016,HIGH,HIGH,HIGH
2025-05-10 16:00,35.45,47.23046,10.691453,418.0,Vijayawada,16.48505973815918,80.65714263916016,HIGH,HIGH,HIGH
2025-05-10 17:00,34.0,52.13041,10.120099,201.0,Vijayawada,16.48505973815918,80.65714263916016,HIGH,HIGH,HIGH
2025-05-10 18:00,33.75,50.971363,7.596341,44.0,Vijayawada,16.48505973815918,80.65714263916016,HIGH,HIGH,HIGH
2025-05-10 19:00,32.6,55.709454,4.514377,0.0,Vijayawada,16.48505973815918,80.65714263916016,HIGH,HIGH,HIGH
2025-05-10 20:00,31.7,60.42196,3.8521678,0.0,Vijayawada,16.48505973815918,80.65714263916016,HIGH,HIGH,HIGH
2025-05-10 21:00,30.95,64.403656,5.8048253,0.0,Vijayawada,16.48505973815918,80.65714263916016,HIGH,HIGH,HIGH
2025-05-10 22:00,30.05,70.30224,7.6642804,0.0,Vijayawada,16.48505973815918,80.65714263916016,HIGH,HIGH,HIGH
2025-05-10 23:00,29.35,77.0143,7.2805495,0.0,Vijayawada,16.48505973815918,80.65714263916016,HIGH,HIGH,HIGH
2025-05-11 00:00,28.8,82.15094,6.698806,0.0,Vijayawada,16.48505973815918,80.65714263916016,HIGH,HIGH,HIGH
2025-05-11 01:00,28.35,86.09548,6.1858225,0.0,Vijayawada,16.48505973815918,80.65714263916016,HIGH,HIGH,HIGH
2025-05-11 02:00,28.0,89.44285,5.4029994,0.0,Vijayawada,16.48505973815918,80.65714263916016,HIGH,HIGH,HIGH
2025-05-11 03:00,27.45,93.186295,3.4949677,0.0,Vijayawada,16.48505973815918,80.65714263916016,HIGH,HIGH,HIGH
2025-05-11 04:00,27.2,94.84119,2.97953,0.0,Vijayawada,16.48505973815918,80.65714263916016,HIGH,HIGH,HIGH
2025-05-11 05:00,26.95,95.67667,2.5455842,0.0,Vijayawada,16.48505973815918,80.65714263916016,HIGH,HIGH,HIGH
2025-05-11 06:00,28.6,90.28036,4.2136917,34.0,Vijayawada,16.48505973815918,80.65714263916016,HIGH,HIGH,HIGH
2025-05-11 07:00,30.6,79.51084,7.5942082,195.0,Vijayawada,16.48505973815918,80.65714263916016,HIGH,HIGH,HIGH
2025-05-11 08:00,32.85,64.032555,6.297428,405.0,Vijayawada,16.48505973815918,80.65714263916016,HIGH,HIGH,HIGH
2025-05-11 09:00,35.0,51.753033,5.09435,619.0,Vijayawada,16.48505973815918,80.65714263916016,HIGH,HIGH,HIGH
2025-05-11 10:00,36.65,43.679817,2.968636,777.0,Vijayawada,16.48505973815918,80.65714263916016,HIGH,HIGH,HIGH
2025-05-11 11:00,37.9,37.56927,1.781909,829.0,Vijayawada,16.48505973815918,80.65714263916016,HIGH,HIGH,HIGH
2025-05-11 12:00,39.0,33.800945,2.6208394,871.0,Vijayawada,16.48505973815918,80.65714263916016,HIGH,HIGH,HIGH
2025-05-11 13:00,39.65,31.255022,4.0449963,855.0,Vijayawada,16.48505973815918,80.65714263916016,HIGH,HIGH,HIGH
2025-05-11 14:00,39.55,30.081894,4.91634,729.0,Vijayawada,16.48505973815918,80.65714263916016,HIGH,HIGH,HIGH
2025-05-11 15:00,40.0,28.729565,5.6920996,595.0,Vijayawada,16.48505973815918,80.65714263916016,HIGH,HIGH,HIGH
2025-05-11 16:00,38.5,32.131042,13.184308,392.0,Vijayawada,16.48505973815918,80.65714263916016,HIGH,HIGH,HIGH
2025-05-11 17:00,35.9,42.167656,16.18199,199.0,Vijayawada,16.48505973815918,80.65714263916016,HIGH,HIGH,HIGH
2025-05-11 18:00,35.95,39.53747,11.885453,46.0,Vijayawada,16.48505973815918,80.65714263916016,HIGH,HIGH,HIGH
2025-05-11 19:00,34.35,47.95886,10.163227,0.0,Vijayawada,16.48505973815918,80.65714263916016,HIGH,HIGH,HIGH
2025-05-11 20:00,32.85,56.108437,11.928989,0.0,Vijayawada,16.48505973815918,80.65714263916016,HIGH,HIGH,HIGH
2025-05-11 21:00,31.4,67.06161,9.901636,0.0,Vijayawada,16.48505973815918,80.65714263916016,HIGH,HIGH,HIGH
2025-05-11 22:00,30.4,74.69267,9.375563,0.0,Vijayawada,16.48505973815918,80.65714263916016,HIGH,HIGH,HIGH
2025-05-11 23:00,29.6,81.03945,8.827344,0.0,Vijayawada,16.48505973815918,80.65714263916016,HIGH,HIGH,HIGH
2025-05-12 00:00,28.95,87.43165,7.6642804,0.0,Vijayawada,16.48505973815918,80.65714263916016,HIGH,HIGH,HIGH
2025-05-12 01:00,28.4,91.87397,6.379216,0.0,Vijayawada,16.48505973815918,80.65714263916016,HIGH,HIGH,HIGH
2025-05-12 02:00,28.0,95.42918,5.2694216,0.0,Vijayawada,16.48505973815918,80.65714263916016,HIGH,HIGH,HIGH
2025-05-12 03:00,27.9,97.119286,6.6185193,0.0,Vijayawada,16.48505973815918,80.65714263916016,HIGH,HIGH,HIGH
2025-05-12 04:00,27.9,97.689575,4.91634,0.0,Vijayawada,16.48505973815918,80.65714263916016,HIGH,HIGH,HIGH
2025-05-12 05:00,28.1,95.99324,4.0449963,0.0,Vijayawada,16.48505973815918,80.65714263916016,HIGH,HIGH,HIGH
2025-05-12 06:00,29.2,89.53096,5.3999996,32.0,Vijayawada,16.48505973815918,80.65714263916016,HIGH,HIGH,HIGH
2025-05-12 07:00,30.75,79.064316,4.5891175,188.0,Vijayawada,16.48505973815918,80.65714263916016,HIGH,HIGH,HIGH
2025-05-12 08:00,33.05,64.074524,4.0249224,408.0,Vijayawada,16.48505973815918,80.65714263916016,HIGH,HIGH,HIGH
2025-05-12 09:00,35.4,51.387703,4.6834598,607.0,Vijayawada,16.48505973815918,80.65714263916016,HIGH,HIGH,HIGH
2025-05-12 10:00,37.5,41.446198,4.412754,775.0,Vijayawada,16.48505973815918,80.65714263916016,HIGH,HIGH,HIGH
2025-05-12 11:00,38.9,35.156303,4.5,841.0,Vijayawada,16.48505973815918,80.65714263916016,HIGH,HIGH,HIGH
2025-05-12 12:00,39.95,30.094307,6.1305785,869.0,Vijayawada,16.48505973815918,80.65714263916016,HIGH,HIGH,HIGH
2025-05-12 13:00,40.55,27.207106,8.027678,782.0,Vijayawada,16.48505973815918,80.65714263916016,HIGH,HIGH,HIGH
2025-05-12 14:00,40.75,26.582565,7.519175,719.0,Vijayawada,16.48505973815918,80.65714263916016,HIGH,HIGH,HIGH
2025-05-12 15:00,40.95,25.646646,5.2478566,621.0,Vijayawada,16.48505973815918,80.65714263916016,HIGH,HIGH,HIGH
2025-05-12 16:00,40.65,25.894964,4.143911,429.0,Vijayawada,16.48505973815918,80.65714263916016,HIGH,HIGH,HIGH
2025-05-12 17:00,39.75,26.913328,0.6489992,223.0,Vijayawada,16.48505973815918,80.65714263916016,HIGH,HIGH,HIGH
2025-05-12 18:00,37.15,31.867777,10.316686,46.0,Vijayawada,16.48505973815918,80.65714263916016,HIGH,HIGH,HIGH
2025-05-12 19:00,34.4,51.446537,14.387619,0.0,Vijayawada,16.48505973815918,80.65714263916016,HIGH,HIGH,HIGH
2025-05-12 20:00,33.05,60.724464,10.195057,0.0,Vijayawada,16.48505973815918,80.65714263916016,HIGH,HIGH,HIGH
2025-05-12 21:00,32.25,63.906303,9.044888,0.0,Vijayawada,16.48505973815918,80.65714263916016,HIGH,HIGH,HIGH
2025-05-12 22:00,31.65,65.91822,7.289445,0.0,Vijayawada,16.48505973815918,80.65714263916016,HIGH,HIGH,HIGH
2025-05-12 23:00,31.0,68.60698,4.896529,0.0,Vijayawada,16.48505973815918,80.65714263916016,HIGH,HIGH,HIGH
2025-05-13 00:00,30.45,71.43572,1.659518,0.0,Vijayawada,16.48505973815918,80.65714263916016,HIGH,HIGH,HIGH
2025-05-13 01:00,30.15,72.458176,0.9,0.0,Vijayawada,16.48505973815918,80.65714263916016,HIGH,HIGH,HIGH
2025-05-13 02:00,29.7,74.57969,0.8049845,0.0,Vijayawada,16.48505973815918,80.65714263916016,HIGH,HIGH,HIGH
2025-05-13 03:00,29.3,77.46773,2.50064,0.0,Vijayawada,16.48505973815918,80.65714263916016,HIGH,HIGH,HIGH
2025-05-13 04:00,28.9,79.75497,3.8521678,0.0,Vijayawada,16.48505973815918,80.65714263916016,HIGH,HIGH,HIGH
2025-05-13 05:00,28.55,81.1483,4.0449967,0.0,Vijayawada,16.48505973815918,80.65714263916016,HIGH,HIGH,HIGH
2025-05-13 06:00,29.7,77.756966,2.9301877,35.0,Vijayawada,16.48505973815918,80.65714263916016,HIGH,HIGH,HIGH
2025-05-13 07:00,31.6,71.85144,1.9134263,196.0,Vijayawada,16.48505973815918,80.65714263916016,HIGH,HIGH,HIGH
2025-05-13 08:00,33.65,62.509415,3.62243,400.0,Vijayawada,16.48505973815918,80.65714263916016,HIGH,HIGH,HIGH
2025-05-13 09:00,35.95,50.455353,3.5864744,611.0,Vijayawada,16.48505973815918,80.65714263916016,HIGH,HIGH,HIGH
2025-05-13 10:00,38.0,41.7062,1.2727921,777.0,Vijayawada,16.48505973815918,80.65714263916016,HIGH,HIGH,HIGH
2025-05-13 11:00,39.4,35.726215,1.2074767,840.0,Vijayawada,16.48505973815918,80.65714263916016,HIGH,HIGH,HIGH
2025-05-13 12:00,40.5,32.069675,2.226477,888.0,Vijayawada,16.48505973815918,80.65714263916016,HIGH,HIGH,HIGH
2025-05-13 13:00,41.15,29.577707,3.4152596,830.0,Vijayawada,16.48505973815918,80.65714263916016,HIGH,HIGH,HIGH
2025-05-13 14:00,40.95,29.708645,2.7943513,718.0,Vijayawada,16.48505973815918,80.65714263916016,HIGH,HIGH,HIGH
2025-05-13 15:00,40.85,29.682236,4.0449967,541.0,Vijayawada,16.48505973815918,80.65714263916016,HIGH,HIGH,HIGH
2025-05-13 16:00,40.35,30.767942,8.490582,416.0,Vijayawada,16.48505973815918,80.65714263916016,HIGH,HIGH,HIGH
2025-05-13 17:00,39.1,33.41223,10.908951,212.0,Vijayawada,16.48505973815918,80.65714263916016,HIGH,HIGH,HIGH
2025-05-13 18:00,37.7,37.17019,13.719023,48.0,Vijayawada,16.48505973815918,80.65714263916016,HIGH,HIGH,HIGH
2025-05-13 19:00,34.2,53.942905,15.882896,0.0,Vijayawada,16.48505973815918,80.65714263916016,HIGH,HIGH,HIGH
2025-05-13 20:00,33.55,55.26684,11.448055,0.0,Vijayawada,16.48505973815918,80.65714263916016,HIGH,HIGH,HIGH
2025-05-13 21:00,32.85,56.963356,9.165871,0.0,Vijayawada,16.48505973815918,80.65714263916016,HIGH,HIGH,HIGH
2025-05-13 22:00,32.2,59.628536,8.777654,0.0,Vijayawada,16.48505973815918,80.65714263916016,HIGH,HIGH,HIGH
2025-05-13 23:00,31.55,62.617085,7.8480825,0.0,Vijayawada,16.48505973815918,80.65714263916016,HIGH,HIGH,HIGH
2025-05-14 00:00,30.95,65.57834,7.386582,0.0,Vijayawada,16.48505973815918,80.65714263916016,HIGH,HIGH,HIGH
2025-05-14 01:00,30.4,69.11199,5.4744864,0.0,Vijayawada,16.48505973815918,80.65714263916016,HIGH,HIGH,HIGH
2025-05-14 02:00,30.0,72.649254,4.8433046,0.0,Vijayawada,16.48505973815918,80.65714263916016,HIGH,HIGH,HIGH
2025-05-14 03:00,29.8,74.151634,3.563818,0.0,Vijayawada,16.48505973815918,80.65714263916016,HIGH,HIGH,HIGH
2025-05-14 04:00,29.4,77.021774,7.2,0.0,Vijayawada,16.48505973815918,80.65714263916016,HIGH,HIGH,HIGH
2025-05-14 05:00,26.65,88.81012,6.5223618,0.0,Vijayawada,16.48505973815918,80.65714263916016,HIGH,HIGH,HIGH
2025-05-14 06:00,25.9,88.48464,8.035746,20.0,Vijayawada,16.48505973815918,80.65714263916016,HIGH,HIGH,HIGH
2025-05-14 07:00,26.65,89.07592,3.244996,56.0,Vijayawada,16.48505973815918,80.65714263916016,HIGH,HIGH,HIGH
2025-05-14 08:00,28.2,84.30967,1.1384199,227.0,Vijayawada,16.48505973815918,80.65714263916016,HIGH,HIGH,HIGH
2025-05-14 09:00,30.95,69.6305,3.671294,433.0,Vijayawada,16.48505973815918,80.65714263916016,HIGH,HIGH,HIGH
2025-05-14 10:00,33.25,56.88617,1.8,576.0,Vijayawada,16.48505973815918,80.65714263916016,HIGH,HIGH,HIGH
2025-05-14 11:00,34.05,53.25904,1.609969,541.0,Vijayawada,16.48505973815918,80.65714263916016,HIGH,HIGH,HIGH
2025-05-14 12:00,35.1,49.937023,1.4512063,626.0,Vijayawada,16.48505973815918,80.65714263916016,HIGH,HIGH,HIGH
2025-05-14 13:00,36.0,46.661808,1.98,665.0,Vijayawada,16.48505973815918,80.65714263916016,HIGH,HIGH,HIGH
2025-05-14 14:00,36.75,43.177784,1.3104197,603.0,Vijayawada,16.48505973815918,80.65714263916016,HIGH,HIGH,HIGH
2025-05-14 15:00,36.9,41.920868,2.9301877,494.0,Vijayawada,16.48505973815918,80.65714263916016,HIGH,HIGH,HIGH
2025-05-14 16:00,37.0,40.809887,1.4512063,399.0,Vijayawada,16.48505973815918,80.65714263916016,HIGH,HIGH,HIGH
2025-05-14 17:00,36.75,41.371487,4.4565907,207.0,Vijayawada,16.48505973815918,80.65714263916016,HIGH,HIGH,HIGH
2025-05-14 18:00,36.4,44.28243,10.950452,48.0,Vijayawada,16.48505973815918,80.65714263916016,HIGH,HIGH,HIGH
2025-05-14 19:00,35.55,46.54412,9.335737,0.0,Vijayawada,16.48505973815918,80.65714263916016,HIGH,HIGH,HIGH
2025-05-14 20:00,34.15,53.28372,10.685391,0.0,Vijayawada,16.48505973815918,80.65714263916016,HIGH,HIGH,HIGH
2025-05-14 21:00,32.25,66.03953,10.215693,0.0,Vijayawada,16.48505973815918,80.65714263916016,HIGH,HIGH,HIGH
2025-05-14 22:00,31.8,67.9457,9.430695,0.0,Vijayawada,16.48505973815918,80.65714263916016,HIGH,HIGH,HIGH
2025-05-14 23:00,31.25,70.73137,8.913181,0.0,Vijayawada,16.48505973815918,80.65714263916016,HIGH,HIGH,HIGH
2025-05-15 00:00,30.5,77.41326,7.8149853,0.0,Vijayawada,16.48505973815918,80.65714263916016,HIGH,HIGH,HIGH
2025-05-15 01:00,30.1,82.3054,8.244708,0.0,Vijayawada,16.48505973815918,80.65714263916016,HIGH,HIGH,HIGH
2025-05-15 02:00,29.8,85.4774,7.8583965,0.0,Vijayawada,16.48505973815918,80.65714263916016,HIGH,HIGH,HIGH
2025-05-15 03:00,29.7,86.73071,5.8631387,0.0,Vijayawada,16.48505973815918,80.65714263916016,HIGH,HIGH,HIGH
2025-05-15 04:00,29.65,87.236176,5.815978,0.0,Vijayawada,16.48505973815918,80.65714263916016,HIGH,HIGH,HIGH
2025-05-15 05:00,26.1,93.6771,8.707238,0.0,Vijayawada,16.48505973815918,80.65714263916016,HIGH,HIGH,HIGH
2025-05-15 06:00,30.7,83.59041,10.993271,33.0,Vijayawada,16.48505973815918,80.65714263916016,HIGH,HIGH,HIGH
2025-05-15 07:00,28.1,86.84123,5.5916004,129.0,Vijayawada,16.48505973815918,80.65714263916016,HIGH,HIGH,HIGH
2025-05-15 08:00,28.65,85.869774,2.968636,119.0,Vijayawada,16.48505973815918,80.65714263916016,HIGH,HIGH,HIGH
2025-05-15 09:00,30.55,77.879425,2.2553935,342.0,Vijayawada,16.48505973815918,80.65714263916016,HIGH,HIGH,HIGH
2025-05-15 10:00,32.05,68.60266,6.310277,482.0,Vijayawada,16.48505973815918,80.65714263916016,HIGH,HIGH,HIGH
2025-05-15 11:00,33.8,58.925747,7.69592,650.0,Vijayawada,16.48505973815918,80.65714263916016,HIGH,HIGH,HIGH
2025-05-15 12:00,34.55,56.85183,7.42159,628.0,Vijayawada,16.48505973815918,80.65714263916016,HIGH,HIGH,HIGH
2025-05-15 13:00,34.75,57.068794,5.369916,601.0,Vijayawada,16.48505973815918,80.65714263916016,HIGH,HIGH,HIGH
2025-05-15 14:00,34.85,56.922394,5.6233797,480.0,Vijayawada,16.48505973815918,80.65714263916016,HIGH,HIGH,HIGH
2025-05-15 15:00,35.1,55.805473,5.876938,470.0,Vijayawada,16.48505973815918,80.65714263916016,HIGH,HIGH,HIGH
2025-05-15 16:00,34.75,56.055977,7.8149853,325.0,Vijayawada,16.48505973815918,80.65714263916016,HIGH,HIGH,HIGH
2025-05-15 17:00,34.0,59.14773,7.029225,171.0,Vijayawada,16.48505973815918,80.65714263916016,HIGH,HIGH,HIGH
2025-05-15 18:00,36.1,43.004402,12.750811,48.0,Vijayawada,16.48505973815918,80.65714263916016,HIGH,HIGH,HIGH
2025-05-15 19:00,32.65,62.106922,17.063011,0.0,Vijayawada,16.48505973815918,80.65714263916016,HIGH,HIGH,HIGH
2025-05-15 20:00,32.3,61.474266,11.638917,0.0,Vijayawada,16.48505973815918,80.65714263916016,HIGH,HIGH,HIGH
2025-05-15 21:00,31.85,62.68203,10.934166,0.0,Vijayawada,16.48505973815918,80.65714263916016,HIGH,HIGH,HIGH
2025-05-15 22:00,31.5,64.13222,8.714677,0.0,Vijayawada,16.48505973815918,80.65714263916016,HIGH,HIGH,HIGH
2025-05-15 23:00,31.2,65.629456,8.133928,0.0,Vijayawada,16.48505973815918,80.65714263916016,HIGH,HIGH,HIGH
2025-05-16 00:00,30.3,70.559166,8.863972,0.0,Vijayawada,16.48505973815918,80.65714263916016,HIGH,HIGH,HIGH
2025-05-16 01:00,28.6,82.86296,1.484318,0.0,Vijayawada,16.48505973815918,80.65714263916016,HIGH,HIGH,HIGH
2025-05-16 02:00,27.45,89.9343,3.189608,0.0,Vijayawada,16.48505973815918,80.65714263916016,HIGH,HIGH,HIGH
2025-05-16 03:00,27.6,83.4933,5.8104043,0.0,Vijayawada,16.48505973815918,80.65714263916016,HIGH,HIGH,HIGH
2025-05-16 04:00,27.5,84.486946,5.7628117,0.0,Vijayawada,16.48505973815918,80.65714263916016,HIGH,HIGH,HIGH
2025-05-16 05:00,27.55,84.998474,3.710795,0.0,Vijayawada,16.48505973815918,80.65714263916016,HIGH,HIGH,HIGH
2025-05-16 06:00,26.0,92.56054,6.090812,14.0,Vijayawada,16.48505973815918,80.65714263916016,HIGH,HIGH,HIGH
2025-05-16 07:00,26.75,88.81795,6.2613096,82.0,Vijayawada,16.48505973815918,80.65714263916016,HIGH,HIGH,HIGH
2025-05-16 08:00,27.45,82.72955,2.0991426,136.0,Vijayawada,16.48505973815918,80.65714263916016,HIGH,HIGH,HIGH
2025-05-16 09:00,28.65,75.76403,5.0816135,228.0,Vijayawada,16.48505973815918,80.65714263916016,HIGH,HIGH,HIGH
2025-05-16 10:00,29.9,69.22549,6.66,332.0,Vijayawada,16.48505973815918,80.65714263916016,HIGH,HIGH,HIGH
2025-05-16 11:00,30.95,64.01621,9.335737,404.0,Vijayawada,16.48505973815918,80.65714263916016,HIGH,HIGH,HIGH
2025-05-16 12:00,32.7,57.100266,9.144637,639.0,Vijayawada,16.48505973815918,80.65714263916016,HIGH,HIGH,HIGH
2025-05-16 13:00,33.9,52.581367,9.432412,680.0,Vijayawada,16.48505973815918,80.65714263916016,HIGH,HIGH,HIGH
2025-05-16 14:00,34.1,51.21528,8.4963045,542.0,Vijayawada,16.48505973815918,80.65714263916016,HIGH,HIGH,HIGH
2025-05-16 15:00,34.4,50.213734,5.7204895,477.0,Vijayawada,16.48505973815918,80.65714263916016,HIGH,HIGH,HIGH
2025-05-16 16:00,34.25,50.17548,2.226477,378.0,Vijayawada,16.48505973815918,80.65714263916016,HIGH,HIGH,HIGH
2025-05-16 17:00,33.8,50.984047,1.9469976,190.0,Vijayawada,16.48505973815918,80.65714263916016,HIGH,HIGH,HIGH
2025-05-16 18:00,32.55,56.54862,1.2979984,48.0,Vijayawada,16.48505973815918,80.65714263916016,HIGH,HIGH,HIGH
2025-05-16 19:00,31.5,62.04227,2.5264204,0.0,Vijayawada,16.48505973815918,80.65714263916016,HIGH,HIGH,HIGH
2025-05-16 20:00,30.6,65.90289,3.9518096,0.0,Vijayawada,16.48505973815918,80.65714263916016,HIGH,HIGH,HIGH
2025-05-16 21:00,30.25,67.03502,5.257109,0.0,Vijayawada,16.48505973815918,80.65714263916016,HIGH,HIGH,HIGH
2025-05-16 22:00,30.1,66.40066,5.8631387,0.0,Vijayawada,16.48505973815918,80.65714263916016,HIGH,HIGH,HIGH
2025-05-16 23:00,29.7,67.94559,4.6938252,0.0,Vijayawada,16.48505973815918,80.65714263916016,HIGH,HIGH,HIGH
2025-05-17 00:00,29.05,72.04986,3.4763772,0.0,Vijayawada,16.48505973815918,80.65714263916016,HIGH,HIGH,HIGH
2025-05-17 01:00,28.85,74.8904,7.6579366,0.0,Vijayawada,16.48505973815918,80.65714263916016,HIGH,HIGH,HIGH
2025-05-17 02:00,28.75,81.9011,6.4624763,0.0,Vijayawada,16.48505973815918,80.65714263916016,HIGH,HIGH,HIGH
2025-05-17 03:00,28.1,85.054756,10.308831,0.0,Vijayawada,16.48505973815918,80.65714263916016,HIGH,HIGH,HIGH
2025-05-17 04:00,27.5,86.27088,6.8541956,0.0,Vijayawada,16.48505973815918,80.65714263916016,HIGH,HIGH,HIGH
2025-05-17 05:00,26.95,87.51761,8.197414,0.0,Vijayawada,16.48505973815918,80.65714263916016,HIGH,HIGH,HIGH
2025-05-17 06:00,28.55,84.09707,6.391901,30.0,Vijayawada,16.48505973815918,80.65714263916016,HIGH,HIGH,HIGH
2025-05-17 07:00,29.95,79.894615,5.068846,185.0,Vijayawada,16.48505973815918,80.65714263916016,HIGH,HIGH,HIGH
2025-05-17 08:00,31.1,74.36372,1.4512063,306.0,Vijayawada,16.48505973815918,80.65714263916016,HIGH,HIGH,HIGH
2025-05-17 09:00,32.6,66.899826,1.1384199,505.0,Vijayawada,16.48505973815918,80.65714263916016,HIGH,HIGH,HIGH
2025-05-17 10:00,33.95,60.203583,1.4058449,682.0,Vijayawada,16.48505973815918,80.65714263916016,HIGH,HIGH,HIGH
2025-05-17 11:00,34.9,54.9305,2.1674871,734.0,Vijayawada,16.48505973815918,80.65714263916016,HIGH,HIGH,HIGH
2025-05-17 12:00,35.65,50.22802,2.6758924,716.0,Vijayawada,16.48505973815918,80.65714263916016,HIGH,HIGH,HIGH
2025-05-17 13:00,35.4,50.46789,3.8773184,486.0,Vijayawada,16.48505973815918,80.65714263916016,HIGH,HIGH,HIGH
2025-05-17 14:00,35.95,48.66596,4.39436,598.0,Vijayawada,16.48505973815918,80.65714263916016,HIGH,HIGH,HIGH
2025-05-17 15:00,35.8,46.327354,6.090812,489.0,Vijayawada,16.48505973815918,80.65714263916016,HIGH,HIGH,HIGH
2025-05-17 16:00,35.25,47.61059,9.984729,267.0,Vijayawada,16.48505973815918,80.65714263916016,HIGH,HIGH,HIGH
2025-05-17 17:00,33.85,56.516575,12.882267,160.0,Vijayawada,16.48505973815918,80.65714263916016,HIGH,HIGH,HIGH
2025-05-17 18:00,33.25,58.97624,12.348052,42.0,Vijayawada,16.48505973815918,80.65714263916016,HIGH,HIGH,HIGH
2025-05-17 19:00,31.25,71.79016,14.082628,0.0,Vijayawada,16.48505973815918,80.65714263916016,HIGH,HIGH,HIGH
2025-05-17 20:00,30.45,74.47905,12.242646,0.0,Vijayawada,16.48505973815918,80.65714263916016,HIGH,HIGH,HIGH
2025-05-17 21:00,29.95,77.79308,9.703319,0.0,Vijayawada,16.48505973815918,80.65714263916016,HIGH,HIGH,HIGH
2025-05-17 22:00,29.75,80.10493,10.062305,0.0,Vijayawada,16.48505973815918,80.65714263916016,HIGH,HIGH,HIGH
2025-05-17 23:00,29.45,82.22842,8.415842,0.0,Vijayawada,16.48505973815918,80.65714263916016,HIGH,HIGH,HIGH
2025-05-18 00:00,29.15,84.410576,5.48631,0.0,Vijayawada,16.48505973815918,80.65714263916016,HIGH,HIGH,HIGH
2025-05-18 01:00,28.65,87.663895,2.5582807,0.0,Vijayawada,16.48505973815918,80.65714263916016,HIGH,HIGH,HIGH
2025-05-18 02:00,27.55,90.47607,8.435069,0.0,Vijayawada,16.48505973815918,80.65714263916016,HIGH,HIGH,HIGH
2025-05-18 03:00,26.35,92.02885,4.863332,0.0,Vijayawada,16.48505973815918,80.65714263916016,HIGH,HIGH,HIGH
2025-05-18 04:00,26.6,90.41192,2.6999998,0.0,Vijayawada,16.48505973815918,80.65714263916016,HIGH,HIGH,HIGH
2025-05-18 05:00,26.55,91.76652,0.742159,0.0,Vijayawada,16.48505973815918,80.65714263916016,HIGH,HIGH,HIGH
2025-05-18 06:00,26.65,90.95602,1.835647,31.0,Vijayawada,16.48505973815918,80.65714263916016,HIGH,HIGH,HIGH
2025-05-18 07:00,28.35,82.58776,5.09435,192.0,Vijayawada,16.48505973815918,80.65714263916016,HIGH,HIGH,HIGH
2025-05-18 08:00,30.3,73.57317,4.1556225,399.0,Vijayawada,16.48505973815918,80.65714263916016,HIGH,HIGH,HIGH
2025-05-18 09:00,31.45,68.28424,4.4565907,536.0,Vijayawada,16.48505973815918,80.65714263916016,HIGH,HIGH,HIGH
2025-05-18 10:00,32.5,63.578075,4.060985,654.0,Vijayawada,16.48505973815918,80.65714263916016,HIGH,HIGH,HIGH
2025-05-18 11:00,33.45,60.451454,6.050785,753.0,Vijayawada,16.48505973815918,80.65714263916016,HIGH,HIGH,HIGH
2025-05-18 12:00,33.65,57.842346,8.856658,647.0,Vijayawada,16.48505973815918,80.65714263916016,HIGH,HIGH,HIGH
2025-05-18 13:00,34.05,55.721355,11.043261,558.0,Vijayawada,16.48505973815918,80.65714263916016,HIGH,HIGH,HIGH
2025-05-18 14:00,32.2,63.324455,12.620554,428.0,Vijayawada,16.48505973815918,80.65714263916016,HIGH,HIGH,HIGH
2025-05-18 15:00,31.9,65.772064,9.195868,305.0,Vijayawada,16.48505973815918,80.65714263916016,HIGH,HIGH,HIGH
2025-05-18 16:00,31.55,67.897285,9.187056,186.0,Vijayawada,16.48505973815918,80.65714263916016,HIGH,HIGH,HIGH
2025-05-18 17:00,31.2,69.05626,9.914717,131.0,Vijayawada,16.48505973815918,80.65714263916016,HIGH,HIGH,HIGH
2025-05-18 18:00,28.8,82.88605,6.1226463,19.0,Vijayawada,16.48505973815918,80.65714263916016,HIGH,HIGH,HIGH
2025-05-18 19:00,28.9,84.13476,8.604301,0.0,Vijayawada,16.48505973815918,80.65714263916016,HIGH,HIGH,HIGH
2025-05-18 20:00,29.25,85.17148,10.759423,0.0,Vijayawada,16.48505973815918,80.65714263916016,HIGH,HIGH,HIGH
2025-05-18 21:00,29.35,83.687546,10.914888,0.0,Vijayawada,16.48505973815918,80.65714263916016,HIGH,HIGH,HIGH
2025-05-18 22:00,29.05,84.4,9.568824,0.0,Vijayawada,16.48505973815918,80.65714263916016,HIGH,HIGH,HIGH
2025-05-18 23:00,28.7,85.62101,7.2,0.0,Vijayawada,16.48505973815918,80.65714263916016,HIGH,HIGH,HIGH
2025-05-19 00:00,28.3,87.116936,5.9427266,0.0,Vijayawada,16.48505973815918,80.65714263916016,HIGH,HIGH,HIGH
2025-05-19 01:00,27.9,88.90755,5.1544156,0.0,Vijayawada,16.48505973815918,80.65714263916016,HIGH,HIGH,HIGH
2025-05-19 02:00,27.7,90.4861,5.223103,0.0,Vijayawada,16.48505973815918,80.65714263916016,HIGH,HIGH,HIGH
2025-05-19 03:00,26.85,89.62419,7.970972,0.0,Vijayawada,16.48505973815918,80.65714263916016,HIGH,HIGH,HIGH
2025-05-19 04:00,26.5,93.41717,8.260411,0.0,Vijayawada,16.48505973815918,80.65714263916016,HIGH,HIGH,HIGH
2025-05-19 05:00,25.6,97.07044,0.25455844,0.0,Vijayawada,16.48505973815918,80.65714263916016,HIGH,HIGH,HIGH
2025-05-19 06:00,28.8,83.62689,7.344794,34.0,Vijayawada,16.48505973815918,80.65714263916016,HIGH,HIGH,HIGH
2025-05-19 07:00,29.9,78.01702,10.819482,178.0,Vijayawada,16.48505973815918,80.65714263916016,HIGH,HIGH,HIGH
2025-05-19 08:00,31.25,71.79016,10.3621235,392.0,Vijayawada,16.48505973815918,80.65714263916016,HIGH,HIGH,HIGH
2025-05-19 09:00,32.65,65.144554,13.339445,554.0,Vijayawada,16.48505973815918,80.65714263916016,HIGH,HIGH,HIGH
2025-05-19 10:00,32.3,63.345795,14.81259,625.0,Vijayawada,16.48505973815918,80.65714263916016,HIGH,HIGH,HIGH
2025-05-19 11:00,30.6,71.0369,16.947744,570.0,Vijayawada,16.48505973815918,80.65714263916016,HIGH,HIGH,HIGH
2025-05-19 12:00,32.2,63.895782,14.2336645,537.0,Vijayawada,16.48505973815918,80.65714263916016,HIGH,HIGH,HIGH
2025-05-19 13:00,31.75,65.93847,12.56008,479.0,Vijayawada,16.48505973815918,80.65714263916016,HIGH,HIGH,HIGH
2025-05-19 14:00,32.45,62.81146,8.211235,471.0,Vijayawada,16.48505973815918,80.65714263916016,HIGH,HIGH,HIGH
2025-05-19 15:00,32.55,62.08514,7.9383874,380.0,Vijayawada,16.48505973815918,80.65714263916016,HIGH,HIGH,HIGH
2025-05-19 16:00,32.55,62.08514,8.28,288.0,Vijayawada,16.48505973815918,80.65714263916016,HIGH,HIGH,HIGH
2025-05-19 17:00,31.75,65.34931,11.726277,150.0,Vijayawada,16.48505973815918,80.65714263916016,HIGH,HIGH,HIGH
2025-05-19 18:00,31.35,69.91266,10.158444,47.0,Vijayawada,16.48505973815918,80.65714263916016,HIGH,HIGH,HIGH
2025-05-19 19:00,30.15,78.05275,9.511088,0.0,Vijayawada,16.48505973815918,80.65714263916016,HIGH,HIGH,HIGH
2025-05-19 20:00,29.45,82.22842,6.248359,0.0,Vijayawada,16.48505973815918,80.65714263916016,HIGH,HIGH,HIGH
2025-05-19 21:00,29.2,83.671036,5.796447,0.0,Vijayawada,16.48505973815918,80.65714263916016,HIGH,HIGH,HIGH
2025-05-19 22:00,28.9,86.14787,4.599695,0.0,Vijayawada,16.48505973815918,80.65714263916016,HIGH,HIGH,HIGH
2025-05-19 23:00,28.45,89.212685,3.06,0.0,Vijayawada,16.48505973815918,80.65714263916016,HIGH,HIGH,HIGH
2025-05-20 00:00,28.25,90.789986,2.0124612,0.0,Vijayawada,16.48505973815918,80.65714263916016,HIGH,HIGH,HIGH
2025-05-20 01:00,28.05,91.583534,0.742159,0.0,Vijayawada,16.48505973815918,80.65714263916016,HIGH,HIGH,HIGH
2025-05-20 02:00,27.9,91.3048,4.8965297,0.0,Vijayawada,16.48505973815918,80.65714263916016,HIGH,HIGH,HIGH
2025-05-20 03:00,27.3,91.81032,7.570707,0.0,Vijayawada,16.48505973815918,80.65714263916016,HIGH,HIGH,HIGH
2025-05-20 04:00,25.55,97.64939,11.755254,0.0,Vijayawada,16.48505973815918,80.65714263916016,HIGH,HIGH,HIGH
2025-05-20 05:00,25.25,96.1966,10.32924,0.0,Vijayawada,16.48505973815918,80.65714263916016,HIGH,HIGH,HIGH
2025-05-20 06:00,26.15,95.084335,6.2613096,12.0,Vijayawada,16.48505973815918,80.65714263916016,HIGH,HIGH,HIGH
2025-05-20 07:00,26.4,94.53008,7.538541,54.0,Vijayawada,16.48505973815918,80.65714263916016,HIGH,HIGH,HIGH
2025-05-20 08:00,26.8,93.43134,8.39078,111.0,Vijayawada,16.48505973815918,80.65714263916016,HIGH,HIGH,HIGH
2025-05-20 09:00,27.25,90.72477,8.6867485,163.0,Vijayawada,16.48505973815918,80.65714263916016,HIGH,HIGH,HIGH
2025-05-20 10:00,29.55,78.43191,9.257321,390.0,Vijayawada,16.48505973815918,80.65714263916016,HIGH,HIGH,HIGH
2025-05-20 11:00,30.05,75.98127,9.984729,263.0,Vijayawada,16.48505973815918,80.65714263916016,HIGH,HIGH,HIGH
2025-05-20 12:00,32.65,66.90969,10.436895,827.0,Vijayawada,16.48505973815918,80.65714263916016,HIGH,HIGH,HIGH
2025-05-20 13:00,33.4,63.57924,12.399113,776.0,Vijayawada,16.48505973815918,80.65714263916016,HIGH,HIGH,HIGH
2025-05-20 14:00,33.45,62.652313,11.08572,644.0,Vijayawada,16.48505973815918,80.65714263916016,HIGH,HIGH,HIGH
2025-05-20 15:00,33.15,63.715572,10.6261,527.0,Vijayawada,16.48505973815918,80.65714263916016,HIGH,HIGH,HIGH
2025-05-20 16:00,30.75,72.99443,14.494192,306.0,Vijayawada,16.48505973815918,80.65714263916016,HIGH,HIGH,HIGH
2025-05-20 17:00,29.45,77.25911,10.897063,65.0,Vijayawada,16.48505973815918,80.65714263916016,HIGH,HIGH,HIGH
2025-05-20 18:00,30.0,76.65413,7.229191,41.0,Vijayawada,16.48505973815918,80.65714263916016,HIGH,HIGH,HIGH
2025-05-20 19:00,29.75,77.30331,10.062305,0.0,Vijayawada,16.48505973815918,80.65714263916016,HIGH,HIGH,HIGH
2025-05-20 20:00,29.05,81.69463,10.601679,0.0,Vijayawada,16.48505973815918,80.65714263916016,HIGH,HIGH,HIGH
2025-05-20 21:00,28.75,83.62134,9.686609,0.0,Vijayawada,16.48505973815918,80.65714263916016,HIGH,HIGH,HIGH
2025-05-20 22:00,28.0,86.06204,11.753876,0.0,Vijayawada,16.48505973815918,80.65714263916016,HIGH,HIGH,HIGH
2025-05-20 23:00,26.45,92.0345,13.110376,0.0,Vijayawada,16.48505973815918,80.65714263916016,HIGH,HIGH,HIGH
2025-05-21 00:00,26.0,95.078964,7.056826,0.0,Vijayawada,16.48505973815918,80.65714263916016,HIGH,HIGH,HIGH
2025-05-21 01:00,25.95,96.215996,7.0591216,0.0,Vijayawada,16.48505973815918,80.65714263916016,HIGH,HIGH,HIGH
2025-05-21 02:00,25.95,96.50257,4.6938257,0.0,Vijayawada,16.48505973815918,80.65714263916016,HIGH,HIGH,HIGH
2025-05-21 03:00,25.9,97.076866,4.32,0.0,Vijayawada,16.48505973815918,80.65714263916016,HIGH,HIGH,HIGH
2025-05-21 04:00,26.15,94.52017,3.1845248,0.0,Vijayawada,16.48505973815918,80.65714263916016,HIGH,HIGH,HIGH
2025-05-21 05:00,26.2,95.369194,3.7064266,0.0,Vijayawada,16.48505973815918,80.65714263916016,HIGH,HIGH,HIGH
2025-05-21 06:00,26.7,93.704346,3.143565,14.0,Vijayawada,16.48505973815918,80.65714263916016,HIGH,HIGH,HIGH
2025-05-21 07:00,27.35,88.337746,5.6521144,106.0,Vijayawada,16.48505973815918,80.65714263916016,HIGH,HIGH,HIGH
2025-05-21 08:00,28.95,79.28769,3.4576871,301.0,Vijayawada,16.48505973815918,80.65714263916016,HIGH,HIGH,HIGH
2025-05-21 09:00,30.35,73.800964,3.9763298,528.0,Vijayawada,16.48505973815918,80.65714263916016,HIGH,HIGH,HIGH
2025-05-21 10:00,31.05,70.9061,5.9834766,520.0,Vijayawada,16.48505973815918,80.65714263916016,HIGH,HIGH,HIGH
2025-05-21 11:00,31.8,67.14062,6.489992,592.0,Vijayawada,16.48505973815918,80.65714263916016,HIGH,HIGH,HIGH
2025-05-21 12:00,30.9,71.94253,8.790563,542.0,Vijayawada,16.48505973815918,80.65714263916016,HIGH,HIGH,HIGH
2025-05-21 13:00,31.15,70.713326,8.035746,400.0,Vijayawada,16.48505973815918,80.65714263916016,HIGH,HIGH,HIGH
2025-05-21 14:00,31.45,69.72336,5.5216303,422.0,Vijayawada,16.48505973815918,80.65714263916016,HIGH,HIGH,HIGH
2025-05-21 15:00,31.5,69.52549,4.0449963,290.0,Vijayawada,16.48505973815918,80.65714263916016,HIGH,HIGH,HIGH
2025-05-21 16:00,31.5,68.4978,4.5891175,228.0,Vijayawada,16.48505973815918,80.65714263916016,HIGH,HIGH,HIGH
2025-05-21 17:00,31.3,69.07516,6.601363,157.0,Vijayawada,16.48505973815918,80.65714263916016,HIGH,HIGH,HIGH
2025-05-21 18:00,30.3,76.472176,3.3481934,45.0,Vijayawada,16.48505973815918,80.65714263916016,HIGH,HIGH,HIGH
2025-05-21 19:00,29.6,79.848206,3.244996,0.0,Vijayawada,16.48505973815918,80.65714263916016,HIGH,HIGH,HIGH
2025-05-21 20:00,28.85,81.42772,6.5223618,0.0,Vijayawada,16.48505973815918,80.65714263916016,HIGH,HIGH,HIGH
2025-05-21 21:00,26.55,93.697586,5.2323985,0.0,Vijayawada,16.48505973815918,80.65714263916016,HIGH,HIGH,HIGH
2025-05-21 22:00,26.6,92.592415,1.484318,0.0,Vijayawada,16.48505973815918,80.65714263916016,HIGH,HIGH,HIGH
2025-05-21 23:00,25.7,96.78398,0.35999998,0.0,Vijayawada,16.48505973815918,80.65714263916016,HIGH,HIGH,HIGH
2025-05-22 00:00,25.65,97.94206,3.9312592,0.0,Vijayawada,16.48505973815918,80.65714263916016,HIGH,HIGH,HIGH
2025-05-22 01:00,25.65,97.071495,2.5264204,0.0,Vijayawada,16.48505973815918,80.65714263916016,HIGH,HIGH,HIGH
2025-05-22 02:00,25.7,96.78398,1.781909,0.0,Vijayawada,16.48505973815918,80.65714263916016,HIGH,HIGH,HIGH
2025-05-22 03:00,25.65,97.65114,3.219938,0.0,Vijayawada,16.48505973815918,80.65714263916016,HIGH,HIGH,HIGH
2025-05-22 04:00,25.7,97.072586,2.3469126,0.0,Vijayawada,16.48505973815918,80.65714263916016,HIGH,HIGH,HIGH
2025-05-22 05:00,25.7,98.234406,1.9881649,0.0,Vijayawada,16.48505973815918,80.65714263916016,HIGH,HIGH,HIGH
2025-05-22 06:00,25.65,95.9213,1.1384199,6.0,Vijayawada,16.48505973815918,80.65714263916016,HIGH,HIGH,HIGH
2025-05-22 07:00,25.95,95.0772,3.4763772,47.0,Vijayawada,16.48505973815918,80.65714263916016,HIGH,HIGH,HIGH
2025-05-22 08:00,27.5,86.014046,6.28713,242.0,Vijayawada,16.48505973815918,80.65714263916016,HIGH,HIGH,HIGH
2025-05-22 09:00,29.5,77.26651,7.3799996,525.0,Vijayawada,16.48505973815918,80.65714263916016,HIGH,HIGH,HIGH
2025-05-22 10:00,30.7,70.00145,8.64,662.0,Vijayawada,16.48505973815918,80.65714263916016,HIGH,HIGH,HIGH
2025-05-22 11:00,31.7,64.36714,9.144637,639.0,Vijayawada,16.48505973815918,80.65714263916016,HIGH,HIGH,HIGH
2025-05-22 12:00,32.9,59.251152,8.467655,825.0,Vijayawada,16.48505973815918,80.65714263916016,HIGH,HIGH,HIGH
2025-05-22 13:00,33.35,56.567986,6.9899354,627.0,Vijayawada,16.48505973815918,80.65714263916016,HIGH,HIGH,HIGH
2025-05-22 14:00,33.65,55.62535,8.217153,581.0,Vijayawada,16.48505973815918,80.65714263916016,HIGH,HIGH,HIGH
2025-05-22 15:00,33.65,55.457947,6.3690495,520.0,Vijayawada,16.48505973815918,80.65714263916016,HIGH,HIGH,HIGH
2025-05-22 16:00,33.6,55.781223,5.5567255,404.0,Vijayawada,16.48505973815918,80.65714263916016,HIGH,HIGH,HIGH
2025-05-22 17:00,32.05,64.247765,7.6579366,184.0,Vijayawada,16.48505973815918,80.65714263916016,HIGH,HIGH,HIGH
2025-05-22 18:00,31.1,69.45085,6.130579,30.0,Vijayawada,16.48505973815918,80.65714263916016,HIGH,HIGH,HIGH
2025-05-22 19:00,29.35,71.66978,10.304115,0.0,Vijayawada,16.48505973815918,80.65714263916016,HIGH,HIGH,HIGH
2025-05-22 20:00,28.65,76.909744,3.8141315,0.0,Vijayawada,16.48505973815918,80.65714263916016,HIGH,HIGH,HIGH
2025-05-22 21:00,28.2,81.10422,4.73506,0.0,Vijayawada,16.48505973815918,80.65714263916016,HIGH,HIGH,HIGH
2025-05-22 22:00,27.85,84.776215,6.037383,0.0,Vijayawada,16.48505973815918,80.65714263916016,HIGH,HIGH,HIGH
2025-05-22 23:00,27.7,87.06337,4.846648,0.0,Vijayawada,16.48505973815918,80.65714263916016,HIGH,HIGH,HIGH
2025-05-23 00:00,27.8,87.33138,5.1165614,0.0,Vijayawada,16.48505973815918,80.65714263916016,HIGH,HIGH,HIGH
2025-05-23 01:00,27.4,89.66422,1.484318,0.0,Vijayawada,16.48505973815918,80.65714263916016,HIGH,HIGH,HIGH
2025-05-23 02:00,27.55,86.79116,7.0199995,0.0,Vijayawada,16.48505973815918,80.65714263916016,HIGH,HIGH,HIGH
2025-05-23 03:00,27.7,86.54698,3.4949677,0.0,Vijayawada,16.48505973815918,80.65714263916016,HIGH,HIGH,HIGH
2025-05-23 04:00,27.35,87.55226,3.536439,0.0,Vijayawada,16.48505973815918,80.65714263916016,HIGH,HIGH,HIGH
2025-05-23 05:00,27.5,87.305,5.4833565,0.0,Vijayawada,16.48505973815918,80.65714263916016,HIGH,HIGH,HIGH
2025-05-23 06:00,28.35,76.40383,6.310277,37.0,Vijayawada,16.48505973815918,80.65714263916016,HIGH,HIGH,HIGH
2025-05-23 07:00,29.85,69.63418,5.1544156,195.0,Vijayawada,16.48505973815918,80.65714263916016,HIGH,HIGH,HIGH
2025-05-23 08:00,31.4,60.354324,6.778141,406.0,Vijayawada,16.48505973815918,80.65714263916016,HIGH,HIGH,HIGH
2025-05-23 09:00,32.6,53.38578,11.16145,608.0,Vijayawada,16.48505973815918,80.65714263916016,HIGH,HIGH,HIGH
2025-05-23 10:00,33.65,50.175076,10.086427,769.0,Vijayawada,16.48505973815918,80.65714263916016,HIGH,HIGH,HIGH
2025-05-23 11:00,34.4,48.56094,9.0,875.0,Vijayawada,16.48505973815918,80.65714263916016,HIGH,HIGH,HIGH
2025-05-23 12:00,34.85,47.506454,6.6818557,863.0,Vijayawada,16.48505973815918,80.65714263916016,HIGH,HIGH,HIGH
2025-05-23 13:00,35.5,45.410595,7.6409945,838.0,Vijayawada,16.48505973815918,80.65714263916016,HIGH,HIGH,HIGH
2025-05-23 14:00,35.65,45.311844,8.461914,732.0,Vijayawada,16.48505973815918,80.65714263916016,HIGH,HIGH,HIGH
2025-05-23 15:00,35.35,45.094524,8.856658,497.0,Vijayawada,16.48505973815918,80.65714263916016,HIGH,HIGH,HIGH
2025-05-23 16:00,34.45,49.019794,8.0599,334.0,Vijayawada,16.48505973815918,80.65714263916016,HIGH,HIGH,HIGH
2025-05-23 17:00,33.8,57.359177,3.319036,209.0,Vijayawada,16.48505973815918,80.65714263916016,HIGH,HIGH,HIGH
2025-05-23 18:00,32.0,63.092155,4.5,52.0,Vijayawada,16.48505973815918,80.65714263916016,HIGH,HIGH,HIGH
2025-05-23 19:00,31.1,65.01974,10.435344,0.0,Vijayawada,16.48505973815918,80.65714263916016,HIGH,HIGH,HIGH
2025-05-23 20:00,30.1,69.2632,7.989242,0.0,Vijayawada,16.48505973815918,80.65714263916016,HIGH,HIGH,HIGH
2025-05-23 21:00,29.55,72.35431,8.694204,0.0,Vijayawada,16.48505973815918,80.65714263916016,HIGH,HIGH,HIGH
2025-05-23 22:00,29.25,73.397194,7.7983837,0.0,Vijayawada,16.48505973815918,80.65714263916016,HIGH,HIGH,HIGH
2025-05-23 23:00,28.95,75.13167,18.108572,0.0,Vijayawada,16.48505973815918,80.65714263916016,HIGH,HIGH,HIGH
2025-05-24 00:00,27.85,80.57546,14.94,0.0,Vijayawada,16.48505973815918,80.65714263916016,HIGH,HIGH,HIGH
2025-05-24 01:00,27.45,83.4765,10.650465,0.0,Vijayawada,16.48505973815918,80.65714263916016,HIGH,HIGH,HIGH
2025-05-24 02:00,27.05,85.71373,9.361731,0.0,Vijayawada,16.48505973815918,80.65714263916016,HIGH,HIGH,HIGH
2025-05-24 03:00,27.0,87.000496,7.653705,0.0,Vijayawada,16.48505973815918,80.65714263916016,HIGH,HIGH,HIGH
2025-05-24 04:00,27.1,88.31738,8.61371,0.0,Vijayawada,16.48505973815918,80.65714263916016,HIGH,HIGH,HIGH
2025-05-24 05:00,27.05,89.37229,7.9036193,0.0,Vijayawada,16.48505973815918,80.65714263916016,HIGH,HIGH,HIGH
2025-05-24 06:00,26.25,94.24333,2.8460495,14.0,Vijayawada,16.48505973815918,80.65714263916016,HIGH,HIGH,HIGH
2025-05-24 07:00,26.85,93.15695,3.964089,77.0,Vijayawada,16.48505973815918,80.65714263916016,HIGH,HIGH,HIGH
2025-05-24 08:00,28.7,85.11583,4.072935,280.0,Vijayawada,16.48505973815918,80.65714263916016,HIGH,HIGH,HIGH
2025-05-24 09:00,30.9,73.237,5.1544156,527.0,Vijayawada,16.48505973815918,80.65714263916016,HIGH,HIGH,HIGH
2025-05-24 10:00,32.35,63.73661,8.0899935,641.0,Vijayawada,16.48505973815918,80.65714263916016,HIGH,HIGH,HIGH
2025-05-24 11:00,33.45,57.622356,7.570707,722.0,Vijayawada,16.48505973815918,80.65714263916016,HIGH,HIGH,HIGH
2025-05-24 12:00,34.3,54.785362,7.587806,794.0,Vijayawada,16.48505973815918,80.65714263916016,HIGH,HIGH,HIGH
2025-05-24 13:00,34.75,52.317707,9.927779,811.0,Vijayawada,16.48505973815918,80.65714263916016,HIGH,HIGH,HIGH
2025-05-24 14:00,35.0,50.824955,7.9220443,725.0,Vijayawada,16.48505973815918,80.65714263916016,HIGH,HIGH,HIGH
2025-05-24 15:00,34.85,52.185215,8.311245,607.0,Vijayawada,16.48505973815918,80.65714263916016,HIGH,HIGH,HIGH
2025-05-24 16:00,33.5,55.254738,12.534257,404.0,Vijayawada,16.48505973815918,80.65714263916016,HIGH,HIGH,HIGH
2025-05-24 17:00,32.2,63.704838,9.144637,152.0,Vijayawada,16.48505973815918,80.65714263916016,HIGH,HIGH,HIGH
2025-05-24 18:00,31.1,67.00221,8.12197,49.0,Vijayawada,16.48505973815918,80.65714263916016,HIGH,HIGH,HIGH
2025-05-24 19:00,30.8,67.954994,9.172938,0.0,Vijayawada,16.48505973815918,80.65714263916016,HIGH,HIGH,HIGH
2025-05-24 20:00,30.2,71.177826,9.96524,0.0,Vijayawada,16.48505973815918,80.65714263916016,HIGH,HIGH,HIGH
2025-05-24 21:00,29.85,74.3816,10.24578,0.0,Vijayawada,16.48505973815918,80.65714263916016,HIGH,HIGH,HIGH
2025-05-24 22:00,29.5,76.35059,10.920824,0.0,Vijayawada,16.48505973815918,80.65714263916016,HIGH,HIGH,HIGH
2025-05-24 23:00,29.2,81.22969,8.596766,0.0,Vijayawada,16.48505973815918,80.65714263916016,HIGH,HIGH,HIGH
2025-05-25 00:00,29.0,86.15735,10.105681,0.0,Vijayawada,16.48505973815918,80.65714263916016,HIGH,HIGH,HIGH
2025-05-25 01:00,29.3,86.43968,11.679213,0.0,Vijayawada,16.48505973815918,80.65714263916016,HIGH,HIGH,HIGH
2025-05-25 02:00,28.9,80.47079,10.825469,0.0,Vijayawada,16.48505973815918,80.65714263916016,HIGH,HIGH,HIGH
2025-05-25 03:00,28.35,79.681274,8.775807,0.0,Vijayawada,16.48505973815918,80.65714263916016,HIGH,HIGH,HIGH
2025-05-25 04:00,27.6,83.74339,4.186693,0.0,Vijayawada,16.48505973815918,80.65714263916016,HIGH,HIGH,HIGH
2025-05-25 05:00,27.5,82.98366,6.444905,0.0,Vijayawada,16.48505973815918,80.65714263916016,HIGH,HIGH,HIGH
2025-05-25 06:00,28.15,88.92689,6.7469993,31.0,Vijayawada,16.48505973815918,80.65714263916016,HIGH,HIGH,HIGH
2025-05-25 07:00,29.25,82.204605,7.5213294,148.0,Vijayawada,16.48505973815918,80.65714263916016,HIGH,HIGH,HIGH
2025-05-25 08:00,30.7,71.05484,11.052058,360.0,Vijayawada,16.48505973815918,80.65714263916016,HIGH,HIGH,HIGH
2025-05-25 09:00,31.85,65.174545,9.801326,518.0,Vijayawada,16.48505973815918,80.65714263916016,HIGH,HIGH,HIGH
2025-05-25 10:00,33.1,60.917572,9.391102,725.0,Vijayawada,16.48505973815918,80.65714263916016,HIGH,HIGH,HIGH
2025-05-25 11:00,33.95,56.880543,10.24578,849.0,Vijayawada,16.48505973815918,80.65714263916016,HIGH,HIGH,HIGH
2025-05-25 12:00,34.4,54.4812,11.799271,792.0,Vijayawada,16.48505973815918,80.65714263916016,HIGH,HIGH,HIGH
2025-05-25 13:00,34.7,53.419315,10.337078,785.0,Vijayawada,16.48505973815918,80.65714263916016,HIGH,HIGH,HIGH
2025-05-25 14:00,33.8,56.16604,12.399113,687.0,Vijayawada,16.48505973815918,80.65714263916016,HIGH,HIGH,HIGH
2025-05-25 15:00,32.25,63.906303,7.771331,465.0,Vijayawada,16.48505973815918,80.65714263916016,HIGH,HIGH,HIGH
2025-05-25 16:00,32.35,62.41474,10.1456785,298.0,Vijayawada,16.48505973815918,80.65714263916016,HIGH,HIGH,HIGH
2025-05-25 17:00,27.25,89.92014,17.47484,174.0,Vijayawada,16.48505973815918,80.65714263916016,HIGH,HIGH,HIGH
2025-05-25 18:00,29.9,79.416626,1.9386592,42.0,Vijayawada,16.48505973815918,80.65714263916016,HIGH,HIGH,HIGH
2025-05-25 19:00,29.5,77.728035,4.2021422,0.0,Vijayawada,16.48505973815918,80.65714263916016,HIGH,HIGH,HIGH
2025-05-25 20:00,29.5,74.99459,8.297589,0.0,Vijayawada,16.48505973815918,80.65714263916016,HIGH,HIGH,HIGH
2025-05-25 21:00,29.35,74.29998,11.16145,0.0,Vijayawada,16.48505973815918,80.65714263916016,HIGH,HIGH,HIGH
2025-05-25 22:00,28.7,80.444855,9.67657,0.0,Vijayawada,16.48505973815918,80.65714263916016,HIGH,HIGH,HIGH
2025-05-25 23:00,28.35,83.82589,9.82279,0.0,Vijayawada,16.48505973815918,80.65714263916016,HIGH,HIGH,HIGH
2025-05-26 00:00,28.1,85.56186,12.972494,0.0,Vijayawada,16.48505973815918,80.65714263916016,HIGH,HIGH,HIGH
2025-05-26 01:00,26.55,90.40857,12.224107,0.0,Vijayawada,16.48505973815918,80.65714263916016,HIGH,HIGH,HIGH
2025-05-26 02:00,26.4,90.12864,8.2584505,0.0,Vijayawada,16.48505973815918,80.65714263916016,HIGH,HIGH,HIGH
2025-05-26 03:00,26.65,89.342415,7.748368,0.0,Vijayawada,16.48505973815918,80.65714263916016,HIGH,HIGH,HIGH
2025-05-26 04:00,26.65,88.016914,9.3340025,0.0,Vijayawada,16.48505973815918,80.65714263916016,HIGH,HIGH,HIGH
2025-05-26 05:00,26.65,86.190125,7.386582,0.0,Vijayawada,16.48505973815918,80.65714263916016,HIGH,HIGH,HIGH
2025-05-26 06:00,27.6,82.49959,8.019601,27.0,Vijayawada,16.48505973815918,80.65714263916016,HIGH,HIGH,HIGH
2025-05-26 07:00,28.75,78.084885,7.145796,164.0,Vijayawada,16.48505973815918,80.65714263916016,HIGH,HIGH,HIGH
2025-05-26 08:00,30.05,70.93797,12.325728,364.0,Vijayawada,16.48505973815918,80.65714263916016,HIGH,HIGH,HIGH
2025-05-26 09:00,30.75,66.132225,12.641076,384.0,Vijayawada,16.48505973815918,80.65714263916016,HIGH,HIGH,HIGH
2025-05-26 10:00,32.05,60.50069,13.327294,618.0,Vijayawada,16.48505973815918,80.65714263916016,HIGH,HIGH,HIGH
2025-05-26 11:00,32.85,55.938805,14.288191,684.0,Vijayawada,16.48505973815918,80.65714263916016,HIGH,HIGH,HIGH
2025-05-26 12:00,32.75,55.240543,15.042659,575.0,Vijayawada,16.48505973815918,80.65714263916016,HIGH,HIGH,HIGH
2025-05-26 13:00,33.15,53.848064,14.677451,654.0,Vijayawada,16.48505973815918,80.65714263916016,HIGH,HIGH,HIGH
2025-05-26 14:00,33.6,52.826256,13.581354,699.0,Vijayawada,16.48505973815918,80.65714263916016,HIGH,HIGH,HIGH
2025-05-26 15:00,33.55,51.7021,11.832176,536.0,Vijayawada,16.48505973815918,80.65714263916016,HIGH,HIGH,HIGH
2025-05-26 16:00,33.55,52.017624,7.7420926,392.0,Vijayawada,16.48505973815918,80.65714263916016,HIGH,HIGH,HIGH
2025-05-26 17:00,32.75,58.861404,3.604497,166.0,Vijayawada,16.48505973815918,80.65714263916016,HIGH,HIGH,HIGH
2025-05-26 18:00,31.15,61.034122,9.1958685,46.0,Vijayawada,16.48505973815918,80.65714263916016,HIGH,HIGH,HIGH
2025-05-26 19:00,30.1,64.61566,9.807935,0.0,Vijayawada,16.48505973815918,80.65714263916016,HIGH,HIGH,HIGH
2025-05-26 20:00,29.4,69.130905,5.994297,0.0,Vijayawada,16.48505973815918,80.65714263916016,HIGH,HIGH,HIGH
2025-05-26 21:00,28.9,69.035934,12.387348,0.0,Vijayawada,16.48505973815918,80.65714263916016,HIGH,HIGH,HIGH
2025-05-26 22:00,28.1,70.15487,11.500296,0.0,Vijayawada,16.48505973815918,80.65714263916016,HIGH,HIGH,HIGH
2025-05-26 23:00,27.45,72.869446,9.867218,0.0,Vijayawada,16.48505973815918,80.65714263916016,HIGH,HIGH,HIGH
2025-05-27 00:00,27.25,74.17866,9.485504,0.0,Vijayawada,16.48505973815918,80.65714263916016,HIGH,HIGH,HIGH
2025-05-27 01:00,27.05,75.51235,8.538149,0.0,Vijayawada,16.48505973815918,80.65714263916016,HIGH,HIGH,HIGH
2025-05-27 02:00,26.95,76.42042,9.3962755,0.0,Vijayawada,16.48505973815918,80.65714263916016,HIGH,HIGH,HIGH
2025-05-27 03:00,26.75,77.559814,9.734987,0.0,Vijayawada,16.48505973815918,80.65714263916016,HIGH,HIGH,HIGH
2025-05-27 04:00,26.85,77.57454,8.688613,0.0,Vijayawada,16.48505973815918,80.65714263916016,HIGH,HIGH,HIGH
2025-05-27 05:00,27.0,77.596596,9.867218,0.0,Vijayawada,16.48505973815918,80.65714263916016,HIGH,HIGH,HIGH
2025-05-27 06:00,27.8,77.24657,11.409785,37.0,Vijayawada,16.48505973815918,80.65714263916016,HIGH,HIGH,HIGH
2025-05-27 07:00,28.9,72.89763,13.159711,174.0,Vijayawada,16.48505973815918,80.65714263916016,HIGH,HIGH,HIGH
2025-05-27 08:00,29.95,65.96978,15.481048,325.0,Vijayawada,16.48505973815918,80.65714263916016,HIGH,HIGH,HIGH
2025-05-27 09:00,31.4,60.537495,17.026896,520.0,Vijayawada,16.48505973815918,80.65714263916016,HIGH,HIGH,HIGH
2025-05-27 10:00,32.25,57.514603,17.214249,569.0,Vijayawada,16.48505973815918,80.65714263916016,HIGH,HIGH,HIGH
2025-05-27 11:00,33.45,53.596012,15.7754345,730.0,Vijayawada,16.48505973815918,80.65714263916016,HIGH,HIGH,HIGH
2025-05-27 12:00,34.45,50.226482,14.156058,833.0,Vijayawada,16.48505973815918,80.65714263916016,HIGH,HIGH,HIGH
2025-05-27 13:00,34.7,49.683945,14.292725,783.0,Vijayawada,16.48505973815918,80.65714263916016,HIGH,HIGH,HIGH
2025-05-27 14:00,35.05,50.075493,12.093535,726.0,Vijayawada,16.48505973815918,80.65714263916016,HIGH,HIGH,HIGH
2025-05-27 15:00,35.5,48.111095,12.673074,616.0,Vijayawada,16.48505973815918,80.65714263916016,HIGH,HIGH,HIGH
2025-05-27 16:00,35.15,48.90261,11.885453,388.0,Vijayawada,16.48505973815918,80.65714263916016,HIGH,HIGH,HIGH
2025-05-27 17:00,32.75,59.39527,14.813682,171.0,Vijayawada,16.48505973815918,80.65714263916016,HIGH,HIGH,HIGH
2025-05-27 18:00,31.25,62.36332,20.031824,43.0,Vijayawada,16.48505973815918,80.65714263916016,HIGH,HIGH,HIGH
2025-05-27 19:00,29.2,71.42756,15.156386,0.0,Vijayawada,16.48505973815918,80.65714263916016,HIGH,HIGH,HIGH
2025-05-27 20:00,29.55,71.27525,15.009236,0.0,Vijayawada,16.48505973815918,80.65714263916016,HIGH,HIGH,HIGH
2025-05-27 21:00,28.8,76.70204,11.364259,0.0,Vijayawada,16.48505973815918,80.65714263916016,HIGH,HIGH,HIGH
2025-05-27 22:00,28.05,79.8801,12.5807,0.0,Vijayawada,16.48505973815918,80.65714263916016,HIGH,HIGH,HIGH
2025-05-27 23:00,27.5,83.232544,12.632101,0.0,Vijayawada,16.48505973815918,80.65714263916016,HIGH,HIGH,HIGH
2025-05-28 00:00,27.4,82.47596,11.207801,0.0,Vijayawada,16.48505973815918,80.65714263916016,HIGH,HIGH,HIGH
2025-05-28 01:00,27.35,81.976326,9.278297,0.0,Vijayawada,16.48505973815918,80.65714263916016,HIGH,HIGH,HIGH
2025-05-28 02:00,27.2,82.94904,7.2805495,0.0,Vijayawada,16.48505973815918,80.65714263916016,HIGH,HIGH,HIGH
2025-05-28 03:00,27.15,83.6936,7.748368,0.0,Vijayawada,16.48505973815918,80.65714263916016,HIGH,HIGH,HIGH
2025-05-28 04:00,27.15,83.94504,7.7420926,0.0,Vijayawada,16.48505973815918,80.65714263916016,HIGH,HIGH,HIGH
2025-05-28 05:00,27.3,81.72429,10.2742,0.0,Vijayawada,16.48505973815918,80.65714263916016,HIGH,HIGH,HIGH
2025-05-28 06:00,28.05,76.81957,14.087228,31.0,Vijayawada,16.48505973815918,80.65714263916016,HIGH,HIGH,HIGH
2025-05-28 07:00,28.9,74.003334,12.641076,157.0,Vijayawada,16.48505973815918,80.65714263916016,HIGH,HIGH,HIGH
2025-05-28 08:00,29.35,71.239426,19.694992,274.0,Vijayawada,16.48505973815918,80.65714263916016,HIGH,HIGH,HIGH
2025-05-28 09:00,28.95,74.906456,15.224637,403.0,Vijayawada,16.48505973815918,80.65714263916016,HIGH,HIGH,HIGH
2025-05-28 10:00,30.45,68.09133,16.79314,452.0,Vijayawada,16.48505973815918,80.65714263916016,HIGH,HIGH,HIGH
2025-05-28 11:00,32.45,56.182827,19.171478,623.0,Vijayawada,16.48505973815918,80.65714263916016,HIGH,HIGH,HIGH
2025-05-28 12:00,33.25,52.10075,20.775774,679.0,Vijayawada,16.48505973815918,80.65714263916016,HIGH,HIGH,HIGH
2025-05-28 13:00,33.75,48.689762,20.696087,683.0,Vijayawada,16.48505973815918,80.65714263916016,HIGH,HIGH,HIGH
2025-05-28 14:00,31.9,57.957844,19.477463,431.0,Vijayawada,16.48505973815918,80.65714263916016,HIGH,HIGH,HIGH
2025-05-28 15:00,32.25,56.305744,17.149193,449.0,Vijayawada,16.48505973815918,80.65714263916016,HIGH,HIGH,HIGH
2025-05-28 16:00,31.3,60.331764,16.6896,250.0,Vijayawada,16.48505973815918,80.65714263916016,HIGH,HIGH,HIGH
2025-05-28 17:00,30.2,66.02064,12.991212,96.0,Vijayawada,16.48505973815918,80.65714263916016,HIGH,HIGH,HIGH
2025-05-28 18:00,29.9,72.84981,6.0721655,24.0,Vijayawada,16.48505973815918,80.65714263916016,HIGH,HIGH,HIGH
2025-05-28 19:00,29.45,76.11543,7.2022495,0.0,Vijayawada,16.48505973815918,80.65714263916016,HIGH,HIGH,HIGH
2025-05-28 20:00,29.3,77.46773,7.5170207,0.0,Vijayawada,16.48505973815918,80.65714263916016,HIGH,HIGH,HIGH
2025-05-28 21:00,29.2,75.84969,7.44121,0.0,Vijayawada,16.48505973815918,80.65714263916016,HIGH,HIGH,HIGH
2025-05-28 22:00,29.3,74.069405,10.656547,0.0,Vijayawada,16.48505973815918,80.65714263916016,HIGH,HIGH,HIGH
2025-05-28 23:00,29.65,68.5546,14.120539,0.0,Vijayawada,16.48505973815918,80.65714263916016,HIGH,HIGH,HIGH
2025-05-29 00:00,29.2,69.934044,13.627795,0.0,Vijayawada,16.48505973815918,80.65714263916016,HIGH,HIGH,HIGH
2025-05-29 01:00,28.75,72.652374,14.081478,0.0,Vijayawada,16.48505973815918,80.65714263916016,HIGH,HIGH,HIGH
2025-05-29 02:00,28.35,75.71709,13.5,0.0,Vijayawada,16.48505973815918,80.65714263916016,HIGH,HIGH,HIGH
2025-05-29 03:00,27.9,78.197685,13.14493,0.0,Vijayawada,16.48505973815918,80.65714263916016,HIGH,HIGH,HIGH
2025-05-29 04:00,27.65,79.10941,13.737904,0.0,Vijayawada,16.48505973815918,80.65714263916016,HIGH,HIGH,HIGH
2025-05-29 05:00,27.6,79.10248,12.061341,0.0,Vijayawada,16.48505973815918,80.65714263916016,HIGH,HIGH,HIGH
2025-05-29 06:00,28.8,73.54254,15.301059,24.0,Vijayawada,16.48505973815918,80.65714263916016,HIGH,HIGH,HIGH
2025-05-29 07:00,29.55,72.13738,16.280798,132.0,Vijayawada,16.48505973815918,80.65714263916016,HIGH,HIGH,HIGH
2025-05-29 08:00,29.95,71.99117,16.697365,213.0,Vijayawada,16.48505973815918,80.65714263916016,HIGH,HIGH,HIGH
2025-05-29 09:00,31.0,68.19765,18.179998,364.0,Vijayawada,16.48505973815918,80.65714263916016,HIGH,HIGH,HIGH
2025-05-29 10:00,31.8,64.19532,17.438646,425.0,Vijayawada,16.48505973815918,80.65714263916016,HIGH,HIGH,HIGH
2025-05-29 11:00,31.8,63.42927,15.463244,323.0,Vijayawada,16.48505973815918,80.65714263916016,HIGH,HIGH,HIGH
2025-05-29 12:00,32.05,62.913822,13.184308,288.0,Vijayawada,16.48505973815918,80.65714263916016,HIGH,HIGH,HIGH
2025-05-29 13:00,33.05,59.64236,12.750811,374.0,Vijayawada,16.48505973815918,80.65714263916016,HIGH,HIGH,HIGH
2025-05-29 14:00,33.0,59.096214,15.779543,632.0,Vijayawada,16.48505973815918,80.65714263916016,HIGH,HIGH,HIGH
2025-05-29 15:00,31.8,64.19532,6.452441,357.0,Vijayawada,16.48505973815918,80.65714263916016,HIGH,HIGH,HIGH
2025-05-29 16:00,33.3,57.587257,9.779817,298.0,Vijayawada,16.48505973815918,80.65714263916016,HIGH,HIGH,HIGH
2025-05-29 17:00,32.1,61.80077,9.3340025,150.0,Vijayawada,16.48505973815918,80.65714263916016,HIGH,HIGH,HIGH
2025-05-29 18:00,29.15,79.788345,5.854844,40.0,Vijayawada,16.48505973815918,80.65714263916016,HIGH,HIGH,HIGH
2025-05-29 19:00,28.8,81.42154,7.120815,0.0,Vijayawada,16.48505973815918,80.65714263916016,HIGH,HIGH,HIGH
2025-05-29 20:00,28.55,82.12101,7.0107627,0.0,Vijayawada,16.48505973815918,80.65714263916016,HIGH,HIGH,HIGH
2025-05-29 21:00,28.4,82.103,6.391901,0.0,Vijayawada,16.48505973815918,80.65714263916016,HIGH,HIGH,HIGH
2025-05-29 22:00,28.2,82.078964,8.139901,0.0,Vijayawada,16.48505973815918,80.65714263916016,HIGH,HIGH,HIGH
2025-05-29 23:00,28.25,80.38634,10.233123,0.0,Vijayawada,16.48505973815918,80.65714263916016,HIGH,HIGH,HIGH
2025-05-30 00:00,28.15,79.65438,9.82114,0.0,Vijayawada,16.48505973815918,80.65714263916016,HIGH,HIGH,HIGH
2025-05-30 01:00,28.2,78.24049,10.484903,0.0,Vijayawada,16.48505973815918,80.65714263916016,HIGH,HIGH,HIGH
2025-05-30 02:00,28.2,77.07366,11.841756,0.0,Vijayawada,16.48505973815918,80.65714263916016,HIGH,HIGH,HIGH
2025-05-30 03:00,28.1,76.365585,12.007498,0.0,Vijayawada,16.48505973815918,80.65714263916016,HIGH,HIGH,HIGH
2025-05-30 04:00,27.85,77.25395,11.351422,0.0,Vijayawada,16.48505973815918,80.65714263916016,HIGH,HIGH,HIGH
2025-05-30 05:00,27.5,78.61326,10.787993,0.0,Vijayawada,16.48505973815918,80.65714263916016,HIGH,HIGH,HIGH
2025-05-30 06:00,29.2,73.16854,11.788281,36.0,Vijayawada,16.48505973815918,80.65714263916016,HIGH,HIGH,HIGH
2025-05-30 07:00,30.3,68.88584,9.885262,177.0,Vijayawada,16.48505973815918,80.65714263916016,HIGH,HIGH,HIGH
2025-05-30 08:00,31.05,65.5988,13.83192,280.0,Vijayawada,16.48505973815918,80.65714263916016,HIGH,HIGH,HIGH
2025-05-30 09:00,32.5,60.783962,15.646544,493.0,Vijayawada,16.48505973815918,80.65714263916016,HIGH,HIGH,HIGH
2025-05-30 10:00,33.8,56.5047,15.702356,671.0,Vijayawada,16.48505973815918,80.65714263916016,HIGH,HIGH,HIGH
2025-05-30 11:00,35.05,53.025864,17.02404,851.0,Vijayawada,16.48505973815918,80.65714263916016,HIGH,HIGH,HIGH
2025-05-30 12:00,35.3,51.51736,14.083778,766.0,Vijayawada,16.48505973815918,80.65714263916016,HIGH,HIGH,HIGH
2025-05-30 13:00,36.2,49.766525,13.789691,793.0,Vijayawada,16.48505973815918,80.65714263916016,HIGH,HIGH,HIGH
2025-05-30 14:00,36.2,48.730194,15.095336,676.0,Vijayawada,16.48505973815918,80.65714263916016,HIGH,HIGH,HIGH
2025-05-30 15:00,34.35,55.29338,7.5685663,495.0,Vijayawada,16.48505973815918,80.65714263916016,HIGH,HIGH,HIGH
2025-05-30 16:00,35.25,50.429863,8.641874,315.0,Vijayawada,16.48505973815918,80.65714263916016,HIGH,HIGH,HIGH
2025-05-30 17:00,30.95,70.67714,12.295462,174.0,Vijayawada,16.48505973815918,80.65714263916016,HIGH,HIGH,HIGH
2025-05-30 18:00,31.8,67.5421,14.264361,44.0,Vijayawada,16.48505973815918,80.65714263916016,HIGH,HIGH,HIGH
2025-05-30 19:00,29.4,72.54596,15.552041,0.0,Vijayawada,16.48505973815918,80.65714263916016,HIGH,HIGH,HIGH
2025-05-30 20:00,28.85,80.944756,9.931042,0.0,Vijayawada,16.48505973815918,80.65714263916016,HIGH,HIGH,HIGH
2025-05-30 21:00,28.85,77.63357,14.986553,0.0,Vijayawada,16.48505973815918,80.65714263916016,HIGH,HIGH,HIGH
2025-05-30 22:00,28.1,73.87053,13.306615,0.0,Vijayawada,16.48505973815918,80.65714263916016,HIGH,HIGH,HIGH
2025-05-30 23:00,28.5,72.17124,11.19189,0.0,Vijayawada,16.48505973815918,80.65714263916016,HIGH,HIGH,HIGH
2025-05-31 00:00,28.55,71.96196,10.00256,0.0,Vijayawada,16.48505973815918,80.65714263916016,HIGH,HIGH,HIGH
2025-05-31 01:00,28.55,73.72263,8.827343,0.0,Vijayawada,16.48505973815918,80.65714263916016,HIGH,HIGH,HIGH
2025-05-31 02:00,28.7,76.91722,11.556504,0.0,Vijayawada,16.48505973815918,80.65714263916016,HIGH,HIGH,HIGH
2025-05-31 03:00,28.6,76.442,10.094454,0.0,Vijayawada,16.48505973815918,80.65714263916016,HIGH,HIGH,HIGH
2025-05-31 04:00,28.4,75.497284,10.8672905,0.0,Vijayawada,16.48505973815918,80.65714263916016,HIGH,HIGH,HIGH
2025-05-31 05:00,28.75,71.5632,12.662843,0.0,Vijayawada,16.48505973815918,80.65714263916016,HIGH,HIGH,HIGH
2025-05-31 06:00,28.45,74.37619,13.529966,15.0,Vijayawada,16.48505973815918,80.65714263916016,HIGH,HIGH,HIGH
2025-05-31 07:00,29.9,67.77963,14.238215,88.0,Vijayawada,16.48505973815918,80.65714263916016,HIGH,HIGH,HIGH
2025-05-31 08:00,31.7,58.618916,17.161469,264.0,Vijayawada,16.48505973815918,80.65714263916016,HIGH,HIGH,HIGH
2025-05-31 09:00,32.65,53.88874,19.357323,465.0,Vijayawada,16.48505973815918,80.65714263916016,HIGH,HIGH,HIGH
2025-05-31 10:00,33.7,50.958675,17.762634,578.0,Vijayawada,16.48505973815918,80.65714263916016,HIGH,HIGH,HIGH
2025-05-31 11:00,34.45,48.870743,17.82727,616.0,Vijayawada,16.48505973815918,80.65714263916016,HIGH,HIGH,HIGH
2025-05-31 12:00,35.45,46.23552,17.5931,664.0,Vijayawada,16.48505973815918,80.65714263916016,HIGH,HIGH,HIGH
2025-05-31 13:00,36.2,43.294907,18.193361,740.0,Vijayawada,16.48505973815918,80.65714263916016,HIGH,HIGH,HIGH
2025-05-31 14:00,36.7,40.23211,16.478603,693.0,Vijayawada,16.48505973815918,80.65714263916016,HIGH,HIGH,HIGH
2025-05-31 15:00,36.85,38.21908,16.077536,578.0,Vijayawada,16.48505973815918,80.65714263916016,HIGH,HIGH,HIGH
2025-05-31 16:00,36.65,38.16487,13.379461,388.0,Vijayawada,16.48505973815918,80.65714263916016,HIGH,HIGH,HIGH
2025-05-31 17:00,35.7,42.504116,10.99769,221.0,Vijayawada,16.48505973815918,80.65714263916016,HIGH,HIGH,HIGH
2025-05-31 18:00,33.35,49.035446,7.555712,57.0,Vijayawada,16.48505973815918,80.65714263916016,HIGH,HIGH,HIGH
2025-05-31 19:00,31.85,54.02105,10.310402,0.0,Vijayawada,16.48505973815918,80.65714263916016,HIGH,HIGH,HIGH
2025-05-31 20:00,31.85,48.494995,11.843124,0.0,Vijayawada,16.48505973815918,80.65714263916016,HIGH,HIGH,HIGH
2025-05-31 21:00,30.55,52.547127,8.714677,0.0,Vijayawada,16.48505973815918,80.65714263916016,HIGH,HIGH,HIGH
2025-05-31 22:00,29.65,58.499603,7.8954163,0.0,Vijayawada,16.48505973815918,80.65714263916016,HIGH,HIGH,HIGH
2025-05-31 23:00,29.65,58.140182,9.403169,0.0,Vijayawada,16.48505973815918,80.65714263916016,HIGH,HIGH,HIGH
2025-06-01 00:00,29.2,58.394142,8.490582,0.0,Vijayawada,16.48505973815918,80.65714263916016,HIGH,HIGH,HIGH
2025-06-01 01:00,28.65,59.175175,8.019601,0.0,Vijayawada,16.48505973815918,80.65714263916016,HIGH,HIGH,HIGH
2025-06-01 02:00,28.15,60.16978,8.431228,0.0,Vijayawada,16.48505973815918,80.65714263916016,HIGH,HIGH,HIGH
2025-06-01 03:00,27.7,61.00795,9.144637,0.0,Vijayawada,16.48505973815918,80.65714263916016,HIGH,HIGH,HIGH
2025-06-01 04:00,27.5,60.773224,11.159999,0.0,Vijayawada,16.48505973815918,80.65714263916016,HIGH,HIGH,HIGH
2025-06-01 05:00,27.45,59.822105,11.892265,0.0,Vijayawada,16.48505973815918,80.65714263916016,HIGH,HIGH,HIGH
2025-06-01 06:00,29.3,60.432068,12.971244,33.0,Vijayawada,16.48505973815918,80.65714263916016,HIGH,HIGH,HIGH
2025-06-01 07:00,31.15,58.669678,14.156058,179.0,Vijayawada,16.48505973815918,80.65714263916016,HIGH,HIGH,HIGH
2025-06-01 08:00,32.4,55.32371,18.947083,350.0,Vijayawada,16.48505973815918,80.65714263916016,HIGH,HIGH,HIGH
2025-06-01 09:00,33.7,51.89735,20.778112,573.0,Vijayawada,16.48505973815918,80.65714263916016,HIGH,HIGH,HIGH
2025-06-01 10:00,34.95,46.95656,19.721298,730.0,Vijayawada,16.48505973815918,80.65714263916016,HIGH,HIGH,HIGH
2025-06-01 11:00,36.15,42.105446,19.121557,851.0,Vijayawada,16.48505973815918,80.65714263916016,HIGH,HIGH,HIGH
2025-06-01 12:00,37.05,38.037838,18.624563,881.0,Vijayawada,16.48505973815918,80.65714263916016,HIGH,HIGH,HIGH
2025-06-01 13:00,37.6,35.459465,17.563608,832.0,Vijayawada,16.48505973815918,80.65714263916016,HIGH,HIGH,HIGH
2025-06-01 14:00,37.75,32.842323,16.813387,685.0,Vijayawada,16.48505973815918,80.65714263916016,HIGH,HIGH,HIGH
2025-06-01 15:00,37.75,32.535446,15.655861,587.0,Vijayawada,16.48505973815918,80.65714263916016,HIGH,HIGH,HIGH
2025-06-01 16:00,37.1,34.346233,12.410866,371.0,Vijayawada,16.48505973815918,80.65714263916016,HIGH,HIGH,HIGH
2025-06-01 17:00,35.85,42.675068,5.5596404,209.0,Vijayawada,16.48505973815918,80.65714263916016,HIGH,HIGH,HIGH
2025-06-01 18:00,33.65,52.35983,3.8773184,44.0,Vijayawada,16.48505973815918,80.65714263916016,HIGH,HIGH,HIGH
2025-06-01 19:00,32.95,48.03581,10.3621235,0.0,Vijayawada,16.48505973815918,80.65714263916016,HIGH,HIGH,HIGH
2025-06-01 20:00,32.5,45.031837,10.446206,0.0,Vijayawada,16.48505973815918,80.65714263916016,HIGH,HIGH,HIGH
2025-06-01 21:00,31.05,50.90935,7.388775,0.0,Vijayawada,16.48505973815918,80.65714263916016,HIGH,HIGH,HIGH
2025-06-01 22:00,31.1,50.45029,10.464798,0.0,Vijayawada,16.48505973815918,80.65714263916016,HIGH,HIGH,HIGH
2025-06-01 23:00,30.45,52.521866,9.335737,0.0,Vijayawada,16.48505973815918,80.65714263916016,HIGH,HIGH,HIGH
2025-06-02 00:00,30.0,55.93577,10.105681,0.0,Vijayawada,16.48505973815918,80.65714263916016,HIGH,HIGH,HIGH
2025-06-02 01:00,29.6,57.949398,9.926147,0.0,Vijayawada,16.48505973815918,80.65714263916016,HIGH,HIGH,HIGH
2025-06-02 02:00,29.3,58.779427,9.422101,0.0,Vijayawada,16.48505973815918,80.65714263916016,HIGH,HIGH,HIGH
2025-06-02 03:00,29.0,59.439713,9.3669195,0.0,Vijayawada,16.48505973815918,80.65714263916016,HIGH,HIGH,HIGH
2025-06-02 04:00,28.75,60.12089,9.266067,0.0,Vijayawada,16.48505973815918,80.65714263916016,HIGH,HIGH,HIGH
2025-06-02 05:00,28.55,61.01091,10.120098,0.0,Vijayawada,16.48505973815918,80.65714263916016,HIGH,HIGH,HIGH
2025-06-02 06:00,29.7,65.918785,10.3621235,38.0,Vijayawada,16.48505973815918,80.65714263916016,HIGH,HIGH,HIGH
2025-06-02 07:00,31.3,60.14902,12.815443,203.0,Vijayawada,16.48505973815918,80.65714263916016,HIGH,HIGH,HIGH
2025-06-02 08:00,32.4,53.827072,17.823635,415.0,Vijayawada,16.48505973815918,80.65714263916016,HIGH,HIGH,HIGH
2025-06-02 09:00,33.6,48.205315,16.928614,614.0,Vijayawada,16.48505973815918,80.65714263916016,HIGH,HIGH,HIGH
2025-06-02 10:00,34.75,44.114155,15.546833,772.0,Vijayawada,16.48505973815918,80.65714263916016,HIGH,HIGH,HIGH
2025-06-02 11:00,35.8,40.361523,15.922626,876.0,Vijayawada,16.48505973815918,80.65714263916016,HIGH,HIGH,HIGH
2025-06-02 12:00,36.7,37.013836,14.292725,915.0,Vijayawada,16.48505973815918,80.65714263916016,HIGH,HIGH,HIGH
2025-06-02 13:00,37.2,35.793312,13.339445,893.0,Vijayawada,16.48505973815918,80.65714263916016,HIGH,HIGH,HIGH
2025-06-02 14:00,37.4,35.625797,12.979984,796.0,Vijayawada,16.48505973815918,80.65714263916016,HIGH,HIGH,HIGH
2025-06-02 15:00,37.2,37.961224,10.948973,641.0,Vijayawada,16.48505973815918,80.65714263916016,HIGH,HIGH,HIGH
2025-06-02 16:00,36.25,41.363922,11.385622,436.0,Vijayawada,16.48505973815918,80.65714263916016,HIGH,HIGH,HIGH
2025-06-02 17:00,34.75,46.47608,12.440851,212.0,Vijayawada,16.48505973815918,80.65714263916016,HIGH,HIGH,HIGH
2025-06-02 18:00,33.45,49.06128,6.924738,47.0,Vijayawada,16.48505973815918,80.65714263916016,HIGH,HIGH,HIGH
2025-06-02 19:00,32.75,51.65798,8.699793,0.0,Vijayawada,16.48505973815918,80.65714263916016,HIGH,HIGH,HIGH
2025-06-02 20:00,31.6,59.491596,14.081478,0.0,Vijayawada,16.48505973815918,80.65714263916016,HIGH,HIGH,HIGH
2025-06-02 21:00,30.85,64.18859,11.212135,0.0,Vijayawada,16.48505973815918,80.65714263916016,HIGH,HIGH,HIGH
2025-06-02 22:00,30.6,68.32517,11.631956,0.0,Vijayawada,16.48505973815918,80.65714263916016,HIGH,HIGH,HIGH
2025-06-02 23:00,30.6,69.14972,11.679213,0.0,Vijayawada,16.48505973815918,80.65714263916016,HIGH,HIGH,HIGH
2025-06-03 00:00,30.3,69.7181,14.88242,0.0,Vijayawada,16.48505973815918,80.65714263916016,HIGH,HIGH,HIGH
2025-06-03 01:00,29.8,71.96489,9.432412,0.0,Vijayawada,16.48505973815918,80.65714263916016,HIGH,HIGH,HIGH
2025-06-03 02:00,29.25,72.73845,10.548061,0.0,Vijayawada,16.48505973815918,80.65714263916016,HIGH,HIGH,HIGH
2025-06-03 03:00,28.75,69.638695,9.292255,0.0,Vijayawada,16.48505973815918,80.65714263916016,HIGH,HIGH,HIGH
2025-06-03 04:00,28.5,66.68478,6.7469993,0.0,Vijayawada,16.48505973815918,80.65714263916016,HIGH,HIGH,HIGH
2025-06-03 05:00,28.3,66.237595,5.937272,0.0,Vijayawada,16.48505973815918,80.65714263916016,HIGH,HIGH,HIGH
2025-06-03 06:00,29.5,64.293434,9.743304,39.0,Vijayawada,16.48505973815918,80.65714263916016,HIGH,HIGH,HIGH
2025-06-03 07:00,31.2,57.61752,10.814989,200.0,Vijayawada,16.48505973815918,80.65714263916016,HIGH,HIGH,HIGH
2025-06-03 08:00,32.65,51.160175,17.108522,406.0,Vijayawada,16.48505973815918,80.65714263916016,HIGH,HIGH,HIGH
2025-06-03 09:00,33.85,46.66788,16.499237,607.0,Vijayawada,16.48505973815918,80.65714263916016,HIGH,HIGH,HIGH
2025-06-03 10:00,34.85,43.19944,16.557064,738.0,Vijayawada,16.48505973815918,80.65714263916016,HIGH,HIGH,HIGH
2025-06-03 11:00,35.65,39.948296,15.779544,787.0,Vijayawada,16.48505973815918,80.65714263916016,HIGH,HIGH,HIGH
2025-06-03 12:00,36.4,37.861565,15.3264475,830.0,Vijayawada,16.48505973815918,80.65714263916016,HIGH,HIGH,HIGH
2025-06-03 13:00,36.9,37.18316,14.637663,815.0,Vijayawada,16.48505973815918,80.65714263916016,HIGH,HIGH,HIGH
2025-06-03 14:00,36.9,37.18316,13.207634,665.0,Vijayawada,16.48505973815918,80.65714263916016,HIGH,HIGH,HIGH
2025-06-03 15:00,36.85,37.284943,12.410866,538.0,Vijayawada,16.48505973815918,80.65714263916016,HIGH,HIGH,HIGH
2025-06-03 16:00,36.35,37.965588,13.1041975,364.0,Vijayawada,16.48505973815918,80.65714263916016,HIGH,HIGH,HIGH
2025-06-03 17:00,35.75,38.99647,10.587917,196.0,Vijayawada,16.48505973815918,80.65714263916016,HIGH,HIGH,HIGH
2025-06-03 18:00,34.45,41.777138,9.585739,56.0,Vijayawada,16.48505973815918,80.65714263916016,HIGH,HIGH,HIGH
2025-06-03 19:00,33.4,46.69312,3.5864744,0.0,Vijayawada,16.48505973815918,80.65714263916016,HIGH,HIGH,HIGH
2025-06-03 20:00,32.5,50.188004,2.9522195,0.0,Vijayawada,16.48505973815918,80.65714263916016,HIGH,HIGH,HIGH
2025-06-03 21:00,32.15,49.78981,6.9270773,0.0,Vijayawada,16.48505973815918,80.65714263916016,HIGH,HIGH,HIGH
2025-06-03 22:00,31.5,51.658985,9.47012,0.0,Vijayawada,16.48505973815918,80.65714263916016,HIGH,HIGH,HIGH
2025-06-03 23:00,30.35,66.853065,12.632101,0.0,Vijayawada,16.48505973815918,80.65714263916016,HIGH,HIGH,HIGH
2025-06-04 00:00,29.85,74.15983,10.829959,0.0,Vijayawada,16.48505973815918,80.65714263916016,HIGH,HIGH,HIGH
2025-06-04 01:00,29.6,75.23497,10.070353,0.0,Vijayawada,16.48505973815918,80.65714263916016,HIGH,HIGH,HIGH
2025-06-04 02:00,29.35,75.64651,8.775807,0.0,Vijayawada,16.48505973815918,80.65714263916016,HIGH,HIGH,HIGH
2025-06-04 03:00,29.1,75.60736,8.777654,0.0,Vijayawada,16.48505973815918,80.65714263916016,HIGH,HIGH,HIGH
2025-06-04 04:00,28.8,75.787445,7.9932966,0.0,Vijayawada,16.48505973815918,80.65714263916016,HIGH,HIGH,HIGH
2025-06-04 05:00,28.5,73.937035,6.6624317,0.0,Vijayawada,16.48505973815918,80.65714263916016,HIGH,HIGH,HIGH
2025-06-04 06:00,30.45,68.29628,8.297589,33.0,Vijayawada,16.48505973815918,80.65714263916016,HIGH,HIGH,HIGH
2025-06-04 07:00,31.6,60.58244,9.6228485,125.0,Vijayawada,16.48505973815918,80.65714263916016,HIGH,HIGH,HIGH
2025-06-04 08:00,33.2,51.299706,14.766584,272.0,Vijayawada,16.48505973815918,80.65714263916016,HIGH,HIGH,HIGH
2025-06-04 09:00,34.5,44.86905,19.130875,553.0,Vijayawada,16.48505973815918,80.65714263916016,HIGH,HIGH,HIGH
2025-06-04 10:00,35.85,39.632908,18.116623,748.0,Vijayawada,16.48505973815918,80.65714263916016,HIGH,HIGH,HIGH
2025-06-04 11:00,37.0,36.41161,16.454992,870.0,Vijayawada,16.48505973815918,80.65714263916016,HIGH,HIGH,HIGH
2025-06-04 12:00,37.7,34.724003,14.57889,910.0,Vijayawada,16.48505973815918,80.65714263916016,HIGH,HIGH,HIGH
2025-06-04 13:00,38.35,33.83521,13.4903965,882.0,Vijayawada,16.48505973815918,80.65714263916016,HIGH,HIGH,HIGH
2025-06-04 14:00,38.4,33.8487,12.881008,760.0,Vijayawada,16.48505973815918,80.65714263916016,HIGH,HIGH,HIGH
2025-06-04 15:00,38.25,34.124546,11.885453,615.0,Vijayawada,16.48505973815918,80.65714263916016,HIGH,HIGH,HIGH
2025-06-04 16:00,37.5,34.77788,9.449572,410.0,Vijayawada,16.48505973815918,80.65714263916016,HIGH,HIGH,HIGH
2025-06-04 17:00,35.6,38.95574,16.165964,178.0,Vijayawada,16.48505973815918,80.65714263916016,HIGH,HIGH,HIGH
2025-06-04 18:00,35.5,38.80768,7.44121,55.0,Vijayawada,16.48505973815918,80.65714263916016,HIGH,HIGH,HIGH
2025-06-04 19:00,33.45,45.566433,13.288341,0.0,Vijayawada,16.48505973815918,80.65714263916016,HIGH,HIGH,HIGH
2025-06-04 20:00,32.05,49.91796,5.7964473,0.0,Vijayawada,16.48505973815918,80.65714263916016,HIGH,HIGH,HIGH
2025-06-04 21:00,31.2,54.19273,2.8460498,0.0,Vijayawada,16.48505973815918,80.65714263916016,HIGH,HIGH,HIGH
2025-06-04 22:00,30.9,54.789536,3.9966483,0.0,Vijayawada,16.48505973815918,80.65714263916016,HIGH,HIGH,HIGH
2025-06-04 23:00,30.6,56.42683,7.344794,0.0,Vijayawada,16.48505973815918,80.65714263916016,HIGH,HIGH,HIGH
2025-06-05 00:00,30.2,60.821228,6.4924874,0.0,Vijayawada,16.48505973815918,80.65714263916016,HIGH,HIGH,HIGH
2025-06-05 01:00,29.8,68.790596,7.8149853,0.0,Vijayawada,16.48505973815918,80.65714263916016,HIGH,HIGH,HIGH
2025-06-05 02:00,29.7,73.9138,9.12513,0.0,Vijayawada,16.48505973815918,80.65714263916016,HIGH,HIGH,HIGH
2025-06-05 03:00,29.6,73.89728,9.335737,0.0,Vijayawada,16.48505973815918,80.65714263916016,HIGH,HIGH,HIGH
2025-06-05 04:00,29.15,75.389084,3.143565,0.0,Vijayawada,16.48505973815918,80.65714263916016,HIGH,HIGH,HIGH
2025-06-05 05:00,28.85,76.02291,4.7110505,0.0,Vijayawada,16.48505973815918,80.65714263916016,HIGH,HIGH,HIGH
2025-06-05 06:00,30.4,58.31614,12.074766,39.0,Vijayawada,16.48505973815918,80.65714263916016,HIGH,HIGH,HIGH
2025-06-05 07:00,31.65,52.17725,14.0734215,202.0,Vijayawada,16.48505973815918,80.65714263916016,HIGH,HIGH,HIGH
2025-06-05 08:00,33.1,47.779613,16.746773,412.0,Vijayawada,16.48505973815918,80.65714263916016,HIGH,HIGH,HIGH
2025-06-05 09:00,34.3,44.540413,17.065859,612.0,Vijayawada,16.48505973815918,80.65714263916016,HIGH,HIGH,HIGH
2025-06-05 10:00,35.5,41.80178,12.632101,765.0,Vijayawada,16.48505973815918,80.65714263916016,HIGH,HIGH,HIGH
2025-06-05 11:00,36.6,38.388065,10.404249,854.0,Vijayawada,16.48505973815918,80.65714263916016,HIGH,HIGH,HIGH
2025-06-05 12:00,37.45,36.08407,11.032987,894.0,Vijayawada,16.48505973815918,80.65714263916016,HIGH,HIGH,HIGH
2025-06-05 13:00,37.9,34.67037,10.234705,860.0,Vijayawada,16.48505973815918,80.65714263916016,HIGH,HIGH,HIGH
2025-06-05 14:00,38.3,33.612267,8.643749,794.0,Vijayawada,16.48505973815918,80.65714263916016,HIGH,HIGH,HIGH
2025-06-05 15:00,38.1,33.558277,9.109138,626.0,Vijayawada,16.48505973815918,80.65714263916016,HIGH,HIGH,HIGH
2025-06-05 16:00,37.55,34.041286,8.641874,410.0,Vijayawada,16.48505973815918,80.65714263916016,HIGH,HIGH,HIGH
2025-06-05 17:00,37.0,35.18693,7.7420926,226.0,Vijayawada,16.48505973815918,80.65714263916016,HIGH,HIGH,HIGH
2025-06-05 18:00,36.15,35.1758,5.315336,63.0,Vijayawada,16.48505973815918,80.65714263916016,HIGH,HIGH,HIGH
2025-06-05 19:00,34.95,42.302616,2.9522195,0.0,Vijayawada,16.48505973815918,80.65714263916016,HIGH,HIGH,HIGH
2025-06-05 20:00,34.25,45.778492,0.25455844,0.0,Vijayawada,16.48505973815918,80.65714263916016,HIGH,HIGH,HIGH
2025-06-05 21:00,33.2,45.641174,2.7534704,0.0,Vijayawada,16.48505973815918,80.65714263916016,HIGH,HIGH,HIGH
2025-06-05 22:00,32.35,48.325573,3.604497,0.0,Vijayawada,16.48505973815918,80.65714263916016,HIGH,HIGH,HIGH
2025-06-05 23:00,31.55,51.353603,3.964089,0.0,Vijayawada,16.48505973815918,80.65714263916016,HIGH,HIGH,HIGH
2025-06-06 00:00,30.95,54.297985,4.6452556,0.0,Vijayawada,16.48505973815918,80.65714263916016,HIGH,HIGH,HIGH
2025-06-06 01:00,30.5,55.19988,9.504272,0.0,Vijayawada,16.48505973815918,80.65714263916016,HIGH,HIGH,HIGH
2025-06-06 02:00,30.0,58.94229,7.5105524,0.0,Vijayawada,16.48505973815918,80.65714263916016,HIGH,HIGH,HIGH
2025-06-06 03:00,29.5,62.169342,7.570707,0.0,Vijayawada,16.48505973815918,80.65714263916016,HIGH,HIGH,HIGH
2025-06-06 04:00,29.15,62.28301,7.486788,0.0,Vijayawada,16.48505973815918,80.65714263916016,HIGH,HIGH,HIGH
2025-06-06 05:00,28.75,62.578617,6.4624763,0.0,Vijayawada,16.48505973815918,80.65714263916016,HIGH,HIGH,HIGH
2025-06-06 06:00,30.85,57.008766,9.437563,40.0,Vijayawada,16.48505973815918,80.65714263916016,HIGH,HIGH,HIGH
2025-06-06 07:00,32.7,52.923973,9.5535755,204.0,Vijayawada,16.48505973815918,80.65714263916016,HIGH,HIGH,HIGH
2025-06-06 08:00,34.9,44.56306,9.807935,415.0,Vijayawada,16.48505973815918,80.65714263916016,HIGH,HIGH,HIGH
2025-06-06 09:00,36.7,36.44332,7.42159,613.0,Vijayawada,16.48505973815918,80.65714263916016,HIGH,HIGH,HIGH
2025-06-06 10:00,37.75,31.72937,5.8409934,730.0,Vijayawada,16.48505973815918,80.65714263916016,HIGH,HIGH,HIGH
2025-06-06 11:00,38.65,29.65514,5.2939587,863.0,Vijayawada,16.48505973815918,80.65714263916016,HIGH,HIGH,HIGH
2025-06-06 12:00,39.55,28.431515,5.506941,910.0,Vijayawada,16.48505973815918,80.65714263916016,HIGH,HIGH,HIGH
2025-06-06 13:00,39.55,28.700928,6.391901,769.0,Vijayawada,16.48505973815918,80.65714263916016,HIGH,HIGH,HIGH
2025-06-06 14:00,39.1,29.68159,6.873078,648.0,Vijayawada,16.48505973815918,80.65714263916016,HIGH,HIGH,HIGH
2025-06-06 15:00,38.65,30.601675,3.4388947,596.0,Vijayawada,16.48505973815918,80.65714263916016,HIGH,HIGH,HIGH
2025-06-06 16:00,38.25,31.270615,0.17999999,410.0,Vijayawada,16.48505973815918,80.65714263916016,HIGH,HIGH,HIGH
2025-06-06 17:00,37.7,31.517164,1.9386592,222.0,Vijayawada,16.48505973815918,80.65714263916016,HIGH,HIGH,HIGH
2025-06-06 18:00,37.1,31.854296,4.7521367,62.0,Vijayawada,16.48505973815918,80.65714263916016,HIGH,HIGH,HIGH
2025-06-06 19:00,35.85,36.212044,2.4216523,0.0,Vijayawada,16.48505973815918,80.65714263916016,HIGH,HIGH,HIGH
2025-06-06 20:00,34.6,40.791344,7.7400002,0.0,Vijayawada,16.48505973815918,80.65714263916016,HIGH,HIGH,HIGH
2025-06-06 21:00,32.95,50.457817,8.149847,0.0,Vijayawada,16.48505973815918,80.65714263916016,HIGH,HIGH,HIGH
2025-06-06 22:00,31.8,60.080177,6.7205353,0.0,Vijayawada,16.48505973815918,80.65714263916016,HIGH,HIGH,HIGH
2025-06-06 23:00,31.0,64.999016,7.2359104,0.0,Vijayawada,16.48505973815918,80.65714263916016,HIGH,HIGH,HIGH
2025-06-07 00:00,30.45,68.70775,10.564942,0.0,Vijayawada,16.48505973815918,80.65714263916016,HIGH,HIGH,HIGH
2025-06-07 01:00,30.1,74.42226,11.103243,0.0,Vijayawada,16.48505973815918,80.65714263916016,HIGH,HIGH,HIGH
2025-06-07 02:00,29.75,78.46005,10.365251,0.0,Vijayawada,16.48505973815918,80.65714263916016,HIGH,HIGH,HIGH
2025-06-07 03:00,29.55,77.50429,8.211235,0.0,Vijayawada,16.48505973815918,80.65714263916016,HIGH,HIGH,HIGH
2025-06-07 04:00,29.35,77.24438,7.10031,0.0,Vijayawada,16.48505973815918,80.65714263916016,HIGH,HIGH,HIGH
2025-06-07 05:00,29.1,77.66997,5.6521144,0.0,Vijayawada,16.48505973815918,80.65714263916016,HIGH,HIGH,HIGH
2025-06-07 06:00,30.7,73.20333,6.151683,40.0,Vijayawada,16.48505973815918,80.65714263916016,HIGH,HIGH,HIGH
2025-06-07 07:00,32.4,65.4823,7.8149853,202.0,Vijayawada,16.48505973815918,80.65714263916016,HIGH,HIGH,HIGH
2025-06-07 08:00,35.0,50.824955,10.644379,408.0,Vijayawada,16.48505973815918,80.65714263916016,HIGH,HIGH,HIGH
2025-06-07 09:00,34.95,47.53251,11.592895,594.0,Vijayawada,16.48505973815918,80.65714263916016,HIGH,HIGH,HIGH
2025-06-07 10:00,34.55,48.30451,11.16145,494.0,Vijayawada,16.48505973815918,80.65714263916016,HIGH,HIGH,HIGH
2025-06-07 11:00,36.85,43.60029,8.6193495,812.0,Vijayawada,16.48505973815918,80.65714263916016,HIGH,HIGH,HIGH
2025-06-07 12:00,38.2,40.51205,8.027678,862.0,Vijayawada,16.48505973815918,80.65714263916016,HIGH,HIGH,HIGH
2025-06-07 13:00,39.1,36.64185,8.467655,797.0,Vijayawada,16.48505973815918,80.65714263916016,HIGH,HIGH,HIGH
2025-06-07 14:00,39.0,34.010452,11.157097,725.0,Vijayawada,16.48505973815918,80.65714263916016,HIGH,HIGH,HIGH
2025-06-07 15:00,38.8,33.2283,9.215226,600.0,Vijayawada,16.48505973815918,80.65714263916016,HIGH,HIGH,HIGH
2025-06-07 16:00,38.65,32.880016,8.187527,416.0,Vijayawada,16.48505973815918,80.65714263916016,HIGH,HIGH,HIGH
2025-06-07 17:00,35.85,39.632908,4.863332,233.0,Vijayawada,16.48505973815918,80.65714263916016,HIGH,HIGH,HIGH
2025-06-07 18:00,33.0,54.46892,10.9859,48.0,Vijayawada,16.48505973815918,80.65714263916016,HIGH,HIGH,HIGH
2025-06-07 19:00,33.55,55.937572,8.9873905,0.0,Vijayawada,16.48505973815918,80.65714263916016,HIGH,HIGH,HIGH
2025-06-07 20:00,33.2,54.024075,8.64,0.0,Vijayawada,16.48505973815918,80.65714263916016,HIGH,HIGH,HIGH
2025-06-07 21:00,33.0,54.13915,9.437563,0.0,Vijayawada,16.48505973815918,80.65714263916016,HIGH,HIGH,HIGH
2025-06-07 22:00,32.85,51.841515,9.016185,0.0,Vijayawada,16.48505973815918,80.65714263916016,HIGH,HIGH,HIGH
2025-06-07 23:00,32.3,53.474545,6.4323244,0.0,Vijayawada,16.48505973815918,80.65714263916016,HIGH,HIGH,HIGH
2025-06-08 00:00,31.9,54.866127,6.6794305,0.0,Vijayawada,16.48505973815918,80.65714263916016,HIGH,HIGH,HIGH
2025-06-08 01:00,31.4,56.10177,6.6087217,0.0,Vijayawada,16.48505973815918,80.65714263916016,HIGH,HIGH,HIGH
2025-06-08 02:00,30.95,57.38274,7.596341,0.0,Vijayawada,16.48505973815918,80.65714263916016,HIGH,HIGH,HIGH
2025-06-08 03:00,30.65,58.374588,7.2044983,0.0,Vijayawada,16.48505973815918,80.65714263916016,HIGH,HIGH,HIGH
2025-06-08 04:00,30.3,59.738724,6.849467,0.0,Vijayawada,16.48505973815918,80.65714263916016,HIGH,HIGH,HIGH
2025-06-08 05:00,29.9,62.067554,7.208994,0.0,Vijayawada,16.48505973815918,80.65714263916016,HIGH,HIGH,HIGH
2025-06-08 06:00,30.85,63.225952,6.8423676,39.0,Vijayawada,16.48505973815918,80.65714263916016,HIGH,HIGH,HIGH
2025-06-08 07:00,32.6,55.37217,10.735306,199.0,Vijayawada,16.48505973815918,80.65714263916016,HIGH,HIGH,HIGH
2025-06-08 08:00,34.0,51.345684,14.986553,404.0,Vijayawada,16.48505973815918,80.65714263916016,HIGH,HIGH,HIGH
2025-06-08 09:00,35.45,46.23552,14.092978,584.0,Vijayawada,16.48505973815918,80.65714263916016,HIGH,HIGH,HIGH
2025-06-08 10:00,36.95,40.921513,13.036026,759.0,Vijayawada,16.48505973815918,80.65714263916016,HIGH,HIGH,HIGH
2025-06-08 11:00,38.3,36.091145,11.870451,855.0,Vijayawada,16.48505973815918,80.65714263916016,HIGH,HIGH,HIGH
2025-06-08 12:00,39.1,33.61949,11.5887,815.0,Vijayawada,16.48505973815918,80.65714263916016,HIGH,HIGH,HIGH
2025-06-08 13:00,39.4,32.37268,11.457958,764.0,Vijayawada,16.48505973815918,80.65714263916016,HIGH,HIGH,HIGH
2025-06-08 14:00,39.6,31.436432,10.819482,726.0,Vijayawada,16.48505973815918,80.65714263916016,HIGH,HIGH,HIGH
2025-06-08 15:00,39.6,31.14469,11.079873,614.0,Vijayawada,16.48505973815918,80.65714263916016,HIGH,HIGH,HIGH
2025-06-08 16:00,39.0,31.373686,10.464797,430.0,Vijayawada,16.48505973815918,80.65714263916016,HIGH,HIGH,HIGH
2025-06-08 17:00,38.5,31.931065,10.285232,242.0,Vijayawada,16.48505973815918,80.65714263916016,HIGH,HIGH,HIGH
2025-06-08 18:00,34.6,38.56255,9.567131,37.0,Vijayawada,16.48505973815918,80.65714263916016,HIGH,HIGH,HIGH
2025-06-08 19:00,33.9,43.48066,7.6409945,0.0,Vijayawada,16.48505973815918,80.65714263916016,HIGH,HIGH,HIGH
2025-06-08 20:00,33.6,45.60628,10.1902895,0.0,Vijayawada,16.48505973815918,80.65714263916016,HIGH,HIGH,HIGH
2025-06-08 21:00,32.95,49.842503,9.044888,0.0,Vijayawada,16.48505973815918,80.65714263916016,HIGH,HIGH,HIGH
2025-06-08 22:00,32.8,50.72974,9.292254,0.0,Vijayawada,16.48505973815918,80.65714263916016,HIGH,HIGH,HIGH
2025-06-08 23:00,32.25,52.811626,10.163227,0.0,Vijayawada,16.48505973815918,80.65714263916016,HIGH,HIGH,HIGH
2025-06-09 00:00,31.75,56.357506,8.936778,0.0,Vijayawada,16.48505973815918,80.65714263916016,HIGH,HIGH,HIGH
2025-06-09 01:00,31.3,59.24258,8.39657,0.0,Vijayawada,16.48505973815918,80.65714263916016,HIGH,HIGH,HIGH
2025-06-09 02:00,30.95,60.620033,8.996398,0.0,Vijayawada,16.48505973815918,80.65714263916016,HIGH,HIGH,HIGH
2025-06-09 03:00,30.65,61.107903,10.028439,0.0,Vijayawada,16.48505973815918,80.65714263916016,HIGH,HIGH,HIGH
2025-06-09 04:00,30.5,60.33432,13.31635,0.0,Vijayawada,16.48505973815918,80.65714263916016,HIGH,HIGH,HIGH
2025-06-09 05:00,30.35,61.04081,3.5455887,0.0,Vijayawada,16.48505973815918,80.65714263916016,HIGH,HIGH,HIGH
2025-06-09 06:00,30.2,64.44097,14.941083,38.0,Vijayawada,16.48505973815918,80.65714263916016,HIGH,HIGH,HIGH
2025-06-09 07:00,31.2,57.793625,21.857958,202.0,Vijayawada,16.48505973815918,80.65714263916016,HIGH,HIGH,HIGH
2025-06-09 08:00,32.0,53.72818,22.724243,399.0,Vijayawada,16.48505973815918,80.65714263916016,HIGH,HIGH,HIGH
2025-06-09 09:00,33.0,50.9364,20.556284,511.0,Vijayawada,16.48505973815918,80.65714263916016,HIGH,HIGH,HIGH
2025-06-09 10:00,34.8,47.060753,17.441433,729.0,Vijayawada,16.48505973815918,80.65714263916016,HIGH,HIGH,HIGH
2025-06-09 11:00,36.35,42.28834,16.423458,781.0,Vijayawada,16.48505973815918,80.65714263916016,HIGH,HIGH,HIGH
2025-06-09 12:00,38.05,37.6098,15.914484,919.0,Vijayawada,16.48505973815918,80.65714263916016,HIGH,HIGH,HIGH
2025-06-09 13:00,38.95,34.84646,15.856354,885.0,Vijayawada,16.48505973815918,80.65714263916016,HIGH,HIGH,HIGH
2025-06-09 14:00,39.0,34.539223,15.580141,769.0,Vijayawada,16.48505973815918,80.65714263916016,HIGH,HIGH,HIGH
2025-06-09 15:00,38.75,35.11584,14.98331,608.0,Vijayawada,16.48505973815918,80.65714263916016,HIGH,HIGH,HIGH
2025-06-09 16:00,38.2,34.32337,15.273505,431.0,Vijayawada,16.48505973815918,80.65714263916016,HIGH,HIGH,HIGH
2025-06-09 17:00,37.25,35.695858,14.50983,238.0,Vijayawada,16.48505973815918,80.65714263916016,HIGH,HIGH,HIGH
2025-06-09 18:00,35.7,39.1041,13.466357,63.0,Vijayawada,16.48505973815918,80.65714263916016,HIGH,HIGH,HIGH
2025-06-09 19:00,34.25,45.357967,11.753876,0.0,Vijayawada,16.48505973815918,80.65714263916016,HIGH,HIGH,HIGH
2025-06-09 20:00,33.45,48.611954,12.007498,0.0,Vijayawada,16.48505973815918,80.65714263916016,HIGH,HIGH,HIGH
2025-06-09 21:00,32.95,50.612694,11.996699,0.0,Vijayawada,16.48505973815918,80.65714263916016,HIGH,HIGH,HIGH
2025-06-09 22:00,32.45,51.899395,11.212135,0.0,Vijayawada,16.48505973815918,80.65714263916016,HIGH,HIGH,HIGH
2025-06-09 23:00,32.1,52.612537,11.481968,0.0,Vijayawada,16.48505973815918,80.65714263916016,HIGH,HIGH,HIGH
2025-06-10 00:00,31.8,53.678642,13.200273,0.0,Vijayawada,16.48505973815918,80.65714263916016,HIGH,HIGH,HIGH
2025-06-10 01:00,31.35,55.918354,13.200273,0.0,Vijayawada,16.48505973815918,80.65714263916016,HIGH,HIGH,HIGH
2025-06-10 02:00,30.9,58.07703,12.273043,0.0,Vijayawada,16.48505973815918,80.65714263916016,HIGH,HIGH,HIGH
2025-06-10 03:00,30.5,59.967243,11.570515,0.0,Vijayawada,16.48505973815918,80.65714263916016,HIGH,HIGH,HIGH
2025-06-10 04:00,30.2,61.944553,12.576836,0.0,Vijayawada,16.48505973815918,80.65714263916016,HIGH,HIGH,HIGH
2025-06-10 05:00,29.9,64.57374,14.578888,0.0,Vijayawada,16.48505973815918,80.65714263916016,HIGH,HIGH,HIGH
2025-06-10 06:00,30.65,64.14643,13.306615,39.0,Vijayawada,16.48505973815918,80.65714263916016,HIGH,HIGH,HIGH
2025-06-10 07:00,31.9,57.606945,14.787414,195.0,Vijayawada,16.48505973815918,80.65714263916016,HIGH,HIGH,HIGH
2025-06-10 08:00,33.1,51.43129,15.602999,343.0,Vijayawada,16.48505973815918,80.65714263916016,HIGH,HIGH,HIGH
2025-06-10 09:00,34.75,46.05139,16.548256,594.0,Vijayawada,16.48505973815918,80.65714263916016,HIGH,HIGH,HIGH
2025-06-10 10:00,36.2,42.638042,15.561413,750.0,Vijayawada,16.48505973815918,80.65714263916016,HIGH,HIGH,HIGH
2025-06-10 11:00,37.35,39.793636,14.581111,777.0,Vijayawada,16.48505973815918,80.65714263916016,HIGH,HIGH,HIGH
2025-06-10 12:00,38.25,37.663773,13.615902,789.0,Vijayawada,16.48505973815918,80.65714263916016,HIGH,HIGH,HIGH
2025-06-10 13:00,38.55,36.71827,13.276144,695.0,Vijayawada,16.48505973815918,80.65714263916016,HIGH,HIGH,HIGH
2025-06-10 14:00,38.7,36.31047,9.82279,580.0,Vijayawada,16.48505973815918,80.65714263916016,HIGH,HIGH,HIGH
2025-06-10 15:00,38.65,35.63356,6.989936,471.0,Vijayawada,16.48505973815918,80.65714263916016,HIGH,HIGH,HIGH
2025-06-10 16:00,37.8,36.968796,3.964089,212.0,Vijayawada,16.48505973815918,80.65714263916016,HIGH,HIGH,HIGH
2025-06-10 17:00,37.6,37.603783,4.6452556,117.0,Vijayawada,16.48505973815918,80.65714263916016,HIGH,HIGH,HIGH
2025-06-10 18:00,34.5,48.883663,5.2694216,32.0,Vijayawada,16.48505973815918,80.65714263916016,HIGH,HIGH,HIGH
2025-06-10 19:00,34.0,51.658325,5.3305535,0.0,Vijayawada,16.48505973815918,80.65714263916016,HIGH,HIGH,HIGH
2025-06-10 20:00,32.35,62.41474,12.996201,0.0,Vijayawada,16.48505973815918,80.65714263916016,HIGH,HIGH,HIGH
2025-06-10 21:00,30.75,76.3142,8.936778,0.0,Vijayawada,16.48505973815918,80.65714263916016,HIGH,HIGH,HIGH
2025-06-10 22:00,30.2,81.593864,5.020677,0.0,Vijayawada,16.48505973815918,80.65714263916016,HIGH,HIGH,HIGH
2025-06-10 23:00,29.15,83.913246,7.353611,0.0,Vijayawada,16.48505973815918,80.65714263916016,HIGH,HIGH,HIGH
2025-06-11 00:00,26.3,91.205605,4.5322843,0.0,Vijayawada,16.48505973815918,80.65714263916016,HIGH,HIGH,HIGH
2025-06-11 01:00,26.55,90.40857,4.2366967,0.0,Vijayawada,16.48505973815918,80.65714263916016,HIGH,HIGH,HIGH
2025-06-11 02:00,26.6,91.769394,4.6277857,0.0,Vijayawada,16.48505973815918,80.65714263916016,HIGH,HIGH,HIGH
2025-06-11 03:00,26.75,91.77818,3.01735,0.0,Vijayawada,16.48505973815918,80.65714263916016,HIGH,HIGH,HIGH
2025-06-11 04:00,26.7,91.50255,2.1749482,0.0,Vijayawada,16.48505973815918,80.65714263916016,HIGH,HIGH,HIGH
2025-06-11 05:00,26.45,92.58445,3.494968,0.0,Vijayawada,16.48505973815918,80.65714263916016,HIGH,HIGH,HIGH
2025-06-11 06:00,26.25,87.71963,5.6920996,12.0,Vijayawada,16.48505973815918,80.65714263916016,HIGH,HIGH,HIGH
2025-06-11 07:00,26.6,87.22542,5.232399,47.0,Vijayawada,16.48505973815918,80.65714263916016,HIGH,HIGH,HIGH
2025-06-11 08:00,27.1,88.05445,7.748368,131.0,Vijayawada,16.48505973815918,80.65714263916016,HIGH,HIGH,HIGH
2025-06-11 09:00,28.8,80.45785,8.821836,366.0,Vijayawada,16.48505973815918,80.65714263916016,HIGH,HIGH,HIGH
2025-06-11 10:00,30.95,69.83873,11.225132,596.0,Vijayawada,16.48505973815918,80.65714263916016,HIGH,HIGH,HIGH
2025-06-11 11:00,31.85,64.39853,11.7,528.0,Vijayawada,16.48505973815918,80.65714263916016,HIGH,HIGH,HIGH
2025-06-11 12:00,32.1,62.736042,11.019764,450.0,Vijayawada,16.48505973815918,80.65714263916016,HIGH,HIGH,HIGH
2025-06-11 13:00,33.1,57.367302,7.587806,430.0,Vijayawada,16.48505973815918,80.65714263916016,HIGH,HIGH,HIGH
2025-06-11 14:00,33.9,54.359394,8.688613,574.0,Vijayawada,16.48505973815918,80.65714263916016,HIGH,HIGH,HIGH
2025-06-11 15:00,31.55,64.33575,12.348051,440.0,Vijayawada,16.48505973815918,80.65714263916016,HIGH,HIGH,HIGH
2025-06-11 16:00,31.4,65.08176,5.7964473,294.0,Vijayawada,16.48505973815918,80.65714263916016,HIGH,HIGH,HIGH
2025-06-11 17:00,31.65,64.16378,4.514377,196.0,Vijayawada,16.48505973815918,80.65714263916016,HIGH,HIGH,HIGH
2025-06-11 18:00,28.25,89.461296,2.4482648,64.0,Vijayawada,16.48505973815918,80.65714263916016,HIGH,HIGH,HIGH
2025-06-11 19:00,27.7,93.47355,4.6277857,0.0,Vijayawada,16.48505973815918,80.65714263916016,HIGH,HIGH,HIGH
2025-06-11 20:00,27.6,93.7449,5.223103,0.0,Vijayawada,16.48505973815918,80.65714263916016,HIGH,HIGH,HIGH
2025-06-11 21:00,27.3,93.73145,4.1046314,0.0,Vijayawada,16.48505973815918,80.65714263916016,HIGH,HIGH,HIGH
2025-06-11 22:00,27.0,94.27438,1.2979984,0.0,Vijayawada,16.48505973815918,80.65714263916016,HIGH,HIGH,HIGH
2025-06-11 23:00,26.7,95.66881,1.4399999,0.0,Vijayawada,16.48505973815918,80.65714263916016,HIGH,HIGH,HIGH
2025-06-12 00:00,26.65,95.667244,0.40249225,0.0,Vijayawada,16.48505973815918,80.65714263916016,HIGH,HIGH,HIGH
2025-06-12 01:00,26.5,95.662506,2.3469126,0.0,Vijayawada,16.48505973815918,80.65714263916016,HIGH,HIGH,HIGH
2025-06-12 02:00,26.45,95.660934,2.1674871,0.0,Vijayawada,16.48505973815918,80.65714263916016,HIGH,HIGH,HIGH
2025-06-12 03:00,26.45,94.53203,1.5379207,0.0,Vijayawada,16.48505973815918,80.65714263916016,HIGH,HIGH,HIGH
2025-06-12 04:00,26.35,95.65778,3.6,0.0,Vijayawada,16.48505973815918,80.65714263916016,HIGH,HIGH,HIGH
2025-06-12 05:00,26.05,96.79225,5.6521144,0.0,Vijayawada,16.48505973815918,80.65714263916016,HIGH,HIGH,HIGH
2025-06-12 06:00,27.45,86.26616,4.752136,35.0,Vijayawada,16.48505973815918,80.65714263916016,HIGH,HIGH,HIGH
2025-06-12 07:00,28.5,82.85142,2.1674871,190.0,Vijayawada,16.48505973815918,80.65714263916016,HIGH,HIGH,HIGH
2025-06-12 08:00,29.95,74.39787,1.9881649,373.0,Vijayawada,16.48505973815918,80.65714263916016,HIGH,HIGH,HIGH
2025-06-12 09:00,31.15,69.25326,3.4247334,559.0,Vijayawada,16.48505973815918,80.65714263916016,HIGH,HIGH,HIGH
2025-06-12 10:00,32.2,66.82062,2.6208394,705.0,Vijayawada,16.48505973815918,80.65714263916016,HIGH,HIGH,HIGH
2025-06-12 11:00,32.85,64.60683,0.9,830.0,Vijayawada,16.48505973815918,80.65714263916016,HIGH,HIGH,HIGH
2025-06-12 12:00,33.3,62.620045,1.3104197,800.0,Vijayawada,16.48505973815918,80.65714263916016,HIGH,HIGH,HIGH
2025-06-12 13:00,33.85,59.82345,2.226477,789.0,Vijayawada,16.48505973815918,80.65714263916016,HIGH,HIGH,HIGH
2025-06-12 14:00,34.1,58.643433,3.8856654,757.0,Vijayawada,16.48505973815918,80.65714263916016,HIGH,HIGH,HIGH
2025-06-12 15:00,33.85,59.290306,5.3517847,610.0,Vijayawada,16.48505973815918,80.65714263916016,HIGH,HIGH,HIGH
2025-06-12 16:00,33.3,60.237465,7.3997297,422.0,Vijayawada,16.48505973815918,80.65714263916016,HIGH,HIGH,HIGH
2025-06-12 17:00,31.95,65.195114,9.648067,203.0,Vijayawada,16.48505973815918,80.65714263916016,HIGH,HIGH,HIGH
2025-06-12 18:00,28.1,91.85664,2.50064,46.0,Vijayawada,16.48505973815918,80.65714263916016,HIGH,HIGH,HIGH
2025-06-12 19:00,27.4,92.908905,7.4932766,0.0,Vijayawada,16.48505973815918,80.65714263916016,HIGH,HIGH,HIGH
2025-06-12 20:00,27.15,94.00229,1.3104197,0.0,Vijayawada,16.48505973815918,80.65714263916016,HIGH,HIGH,HIGH
2025-06-12 21:00,26.85,93.989296,1.08,0.0,Vijayawada,16.48505973815918,80.65714263916016,HIGH,HIGH,HIGH
2025-06-12 22:00,27.05,94.555695,2.4149535,0.0,Vijayawada,16.48505973815918,80.65714263916016,HIGH,HIGH,HIGH
2025-06-12 23:00,26.9,94.83003,8.849339,0.0,Vijayawada,16.48505973815918,80.65714263916016,HIGH,HIGH,HIGH
2025-06-13 00:00,26.65,92.32013,4.514377,0.0,Vijayawada,16.48505973815918,80.65714263916016,HIGH,HIGH,HIGH
2025-06-13 01:00,26.45,95.37759,2.3051248,0.0,Vijayawada,16.48505973815918,80.65714263916016,HIGH,HIGH,HIGH
2025-06-13 02:00,26.35,96.799255,2.19718,0.0,Vijayawada,16.48505973815918,80.65714263916016,HIGH,HIGH,HIGH
2025-06-13 03:00,26.3,96.79813,1.609969,0.0,Vijayawada,16.48505973815918,80.65714263916016,HIGH,HIGH,HIGH
2025-06-13 04:00,26.2,97.08329,3.244996,0.0,Vijayawada,16.48505973815918,80.65714263916016,HIGH,HIGH,HIGH
2025-06-13 05:00,26.1,95.93462,7.9036193,0.0,Vijayawada,16.48505973815918,80.65714263916016,HIGH,HIGH,HIGH
2025-06-13 06:00,27.75,89.42434,6.330782,35.0,Vijayawada,16.48505973815918,80.65714263916016,HIGH,HIGH,HIGH
2025-06-13 07:00,28.9,83.14371,6.1858225,191.0,Vijayawada,16.48505973815918,80.65714263916016,HIGH,HIGH,HIGH
2025-06-13 08:00,30.4,74.029274,5.48631,400.0,Vijayawada,16.48505973815918,80.65714263916016,HIGH,HIGH,HIGH
2025-06-13 09:00,31.7,67.12087,6.4624763,536.0,Vijayawada,16.48505973815918,80.65714263916016,HIGH,HIGH,HIGH
2025-06-13 10:00,32.8,62.69919,5.6521144,698.0,Vijayawada,16.48505973815918,80.65714263916016,HIGH,HIGH,HIGH
2025-06-13 11:00,33.8,59.456196,6.341009,816.0,Vijayawada,16.48505973815918,80.65714263916016,HIGH,HIGH,HIGH
2025-06-13 12:00,33.85,59.290306,6.7397914,783.0,Vijayawada,16.48505973815918,80.65714263916016,HIGH,HIGH,HIGH
2025-06-13 13:00,34.35,56.296932,5.257109,806.0,Vijayawada,16.48505973815918,80.65714263916016,HIGH,HIGH,HIGH
2025-06-13 14:00,34.75,54.077423,5.994297,710.0,Vijayawada,16.48505973815918,80.65714263916016,HIGH,HIGH,HIGH
2025-06-13 15:00,34.8,54.089622,8.187527,610.0,Vijayawada,16.48505973815918,80.65714263916016,HIGH,HIGH,HIGH
2025-06-13 16:00,34.15,54.74899,9.339208,415.0,Vijayawada,16.48505973815918,80.65714263916016,HIGH,HIGH,HIGH
2025-06-13 17:00,33.4,56.750515,13.040997,230.0,Vijayawada,16.48505973815918,80.65714263916016,HIGH,HIGH,HIGH
2025-06-13 18:00,30.35,78.08126,8.490582,41.0,Vijayawada,16.48505973815918,80.65714263916016,HIGH,HIGH,HIGH
2025-06-13 19:00,30.15,78.284195,7.208994,0.0,Vijayawada,16.48505973815918,80.65714263916016,HIGH,HIGH,HIGH
2025-06-13 20:00,29.75,78.92698,7.754637,0.0,Vijayawada,16.48505973815918,80.65714263916016,HIGH,HIGH,HIGH
2025-06-13 21:00,29.45,74.7626,8.643749,0.0,Vijayawada,16.48505973815918,80.65714263916016,HIGH,HIGH,HIGH
2025-06-13 22:00,28.9,76.25887,8.297589,0.0,Vijayawada,16.48505973815918,80.65714263916016,HIGH,HIGH,HIGH
2025-06-13 23:00,28.6,80.43186,7.5363917,0.0,Vijayawada,16.48505973815918,80.65714263916016,HIGH,HIGH,HIGH
2025-06-14 00:00,28.25,83.565865,4.8366103,0.0,Vijayawada,16.48505973815918,80.65714263916016,HIGH,HIGH,HIGH
2025-06-14 01:00,28.0,86.06204,5.12289,0.0,Vijayawada,16.48505973815918,80.65714263916016,HIGH,HIGH,HIGH
2025-06-14 02:00,27.8,87.59107,3.671294,0.0,Vijayawada,16.48505973815918,80.65714263916016,HIGH,HIGH,HIGH
2025-06-14 03:00,27.65,89.152214,4.198285,0.0,Vijayawada,16.48505973815918,80.65714263916016,HIGH,HIGH,HIGH
2025-06-14 04:00,27.4,91.00393,4.327493,0.0,Vijayawada,16.48505973815918,80.65714263916016,HIGH,HIGH,HIGH
2025-06-14 05:00,27.3,92.355675,4.1046314,0.0,Vijayawada,16.48505973815918,80.65714263916016,HIGH,HIGH,HIGH
2025-06-14 06:00,28.85,87.422966,5.318383,33.0,Vijayawada,16.48505973815918,80.65714263916016,HIGH,HIGH,HIGH
2025-06-14 07:00,30.05,82.05755,4.32,162.0,Vijayawada,16.48505973815918,80.65714263916016,HIGH,HIGH,HIGH
2025-06-14 08:00,30.7,78.82497,1.484318,275.0,Vijayawada,16.48505973815918,80.65714263916016,HIGH,HIGH,HIGH
2025-06-14 09:00,31.45,76.195755,4.0249224,377.0,Vijayawada,16.48505973815918,80.65714263916016,HIGH,HIGH,HIGH
2025-06-14 10:00,32.9,69.17058,5.232399,592.0,Vijayawada,16.48505973815918,80.65714263916016,HIGH,HIGH,HIGH
2025-06-14 11:00,33.5,62.663055,6.9480934,658.0,Vijayawada,16.48505973815918,80.65714263916016,HIGH,HIGH,HIGH
2025-06-14 12:00,34.15,57.785652,5.8603754,671.0,Vijayawada,16.48505973815918,80.65714263916016,HIGH,HIGH,HIGH
2025-06-14 13:00,35.15,54.500008,5.2939587,813.0,Vijayawada,16.48505973815918,80.65714263916016,HIGH,HIGH,HIGH
2025-06-14 14:00,35.0,53.332806,4.4565907,694.0,Vijayawada,16.48505973815918,80.65714263916016,HIGH,HIGH,HIGH
2025-06-14 15:00,35.1,51.622417,4.913044,473.0,Vijayawada,16.48505973815918,80.65714263916016,HIGH,HIGH,HIGH
2025-06-14 16:00,29.05,84.15088,10.837435,123.0,Vijayawada,16.48505973815918,80.65714263916016,HIGH,HIGH,HIGH
2025-06-14 17:00,28.65,85.61612,8.827344,18.0,Vijayawada,16.48505973815918,80.65714263916016,HIGH,HIGH,HIGH
2025-06-14 18:00,30.75,73.64809,3.8268526,47.0,Vijayawada,16.48505973815918,80.65714263916016,HIGH,HIGH,HIGH
2025-06-14 19:00,30.45,75.369156,4.542994,0.0,Vijayawada,16.48505973815918,80.65714263916016,HIGH,HIGH,HIGH
2025-06-14 20:00,30.5,72.73495,12.346741,0.0,Vijayawada,16.48505973815918,80.65714263916016,HIGH,HIGH,HIGH
2025-06-14 21:00,29.05,84.4,11.53265,0.0,Vijayawada,16.48505973815918,80.65714263916016,HIGH,HIGH,HIGH
2025-06-14 22:00,28.15,90.7835,11.079873,0.0,Vijayawada,16.48505973815918,80.65714263916016,HIGH,HIGH,HIGH
2025-06-14 23:00,28.0,92.393616,10.948973,0.0,Vijayawada,16.48505973815918,80.65714263916016,HIGH,HIGH,HIGH
2025-06-15 00:00,27.75,92.92659,5.0816135,0.0,Vijayawada,16.48505973815918,80.65714263916016,HIGH,HIGH,HIGH
2025-06-15 01:00,27.85,95.14442,9.741642,0.0,Vijayawada,16.48505973815918,80.65714263916016,HIGH,HIGH,HIGH
2025-06-15 02:00,27.6,94.85607,9.688281,0.0,Vijayawada,16.48505973815918,80.65714263916016,HIGH,HIGH,HIGH
2025-06-15 03:00,27.45,91.819016,7.2403865,0.0,Vijayawada,16.48505973815918,80.65714263916016,HIGH,HIGH,HIGH
2025-06-15 04:00,27.5,88.876495,4.913044,0.0,Vijayawada,16.48505973815918,80.65714263916016,HIGH,HIGH,HIGH
2025-06-15 05:00,27.35,88.07523,3.7971036,0.0,Vijayawada,16.48505973815918,80.65714263916016,HIGH,HIGH,HIGH
2025-06-15 06:00,28.3,79.67458,5.8048253,33.0,Vijayawada,16.48505973815918,80.65714263916016,HIGH,HIGH,HIGH
2025-06-15 07:00,29.55,73.889,7.029225,160.0,Vijayawada,16.48505973815918,80.65714263916016,HIGH,HIGH,HIGH
2025-06-15 08:00,31.1,63.855064,12.456468,342.0,Vijayawada,16.48505973815918,80.65714263916016,HIGH,HIGH,HIGH
2025-06-15 09:00,32.4,57.899242,16.22498,556.0,Vijayawada,16.48505973815918,80.65714263916016,HIGH,HIGH,HIGH
2025-06-15 10:00,33.35,55.2185,15.484185,683.0,Vijayawada,16.48505973815918,80.65714263916016,HIGH,HIGH,HIGH
2025-06-15 11:00,34.2,52.33856,15.3802595,817.0,Vijayawada,16.48505973815918,80.65714263916016,HIGH,HIGH,HIGH
2025-06-15 12:00,34.5,50.852203,15.233148,757.0,Vijayawada,16.48505973815918,80.65714263916016,HIGH,HIGH,HIGH
2025-06-15 13:00,34.8,50.16348,14.224556,732.0,Vijayawada,16.48505973815918,80.65714263916016,HIGH,HIGH,HIGH
2025-06-15 14:00,35.0,48.863995,13.971757,675.0,Vijayawada,16.48505973815918,80.65714263916016,HIGH,HIGH,HIGH
2025-06-15 15:00,34.5,50.39186,16.056362,544.0,Vijayawada,16.48505973815918,80.65714263916016,HIGH,HIGH,HIGH
2025-06-15 16:00,32.5,60.783962,17.235882,334.0,Vijayawada,16.48505973815918,80.65714263916016,HIGH,HIGH,HIGH
2025-06-15 17:00,30.8,68.15906,21.26744,214.0,Vijayawada,16.48505973815918,80.65714263916016,HIGH,HIGH,HIGH
2025-06-15 18:00,31.15,63.29034,14.145756,54.0,Vijayawada,16.48505973815918,80.65714263916016,HIGH,HIGH,HIGH
2025-06-15 19:00,29.45,73.87242,19.82453,0.0,Vijayawada,16.48505973815918,80.65714263916016,HIGH,HIGH,HIGH
2025-06-15 20:00,28.25,80.8685,12.860871,0.0,Vijayawada,16.48505973815918,80.65714263916016,HIGH,HIGH,HIGH
2025-06-15 21:00,28.2,84.81253,10.534229,0.0,Vijayawada,16.48505973815918,80.65714263916016,HIGH,HIGH,HIGH
2025-06-15 22:00,28.4,86.35567,7.9383874,0.0,Vijayawada,16.48505973815918,80.65714263916016,HIGH,HIGH,HIGH
2025-06-15 23:00,28.5,83.84232,13.044722,0.0,Vijayawada,16.48505973815918,80.65714263916016,HIGH,HIGH,HIGH
2025-06-16 00:00,28.2,79.422775,13.369771,0.0,Vijayawada,16.48505973815918,80.65714263916016,HIGH,HIGH,HIGH
2025-06-16 01:00,27.95,77.73558,14.957339,0.0,Vijayawada,16.48505973815918,80.65714263916016,HIGH,HIGH,HIGH
2025-06-16 02:00,27.65,76.527534,15.013554,0.0,Vijayawada,16.48505973815918,80.65714263916016,HIGH,HIGH,HIGH
2025-06-16 03:00,27.6,74.4621,15.4642935,0.0,Vijayawada,16.48505973815918,80.65714263916016,HIGH,HIGH,HIGH
2025-06-16 04:00,27.6,72.89526,14.410121,0.0,Vijayawada,16.48505973815918,80.65714263916016,HIGH,HIGH,HIGH
2025-06-16 05:00,27.55,72.223915,15.210799,0.0,Vijayawada,16.48505973815918,80.65714263916016,HIGH,HIGH,HIGH
2025-06-16 06:00,28.25,69.54472,11.525623,32.0,Vijayawada,16.48505973815918,80.65714263916016,HIGH,HIGH,HIGH
2025-06-16 07:00,29.35,67.87727,10.703569,165.0,Vijayawada,16.48505973815918,80.65714263916016,HIGH,HIGH,HIGH
2025-06-16 08:00,30.65,62.99182,17.571909,357.0,Vijayawada,16.48505973815918,80.65714263916016,HIGH,HIGH,HIGH
2025-06-16 09:00,32.0,57.281532,18.300787,579.0,Vijayawada,16.48505973815918,80.65714263916016,HIGH,HIGH,HIGH
2025-06-16 10:00,33.35,53.247124,16.383955,731.0,Vijayawada,16.48505973815918,80.65714263916016,HIGH,HIGH,HIGH
2025-06-16 11:00,34.55,50.4046,17.229301,855.0,Vijayawada,16.48505973815918,80.65714263916016,HIGH,HIGH,HIGH
2025-06-16 12:00,35.2,48.619892,16.985933,856.0,Vijayawada,16.48505973815918,80.65714263916016,HIGH,HIGH,HIGH
2025-06-16 13:00,35.7,46.30113,19.179081,812.0,Vijayawada,16.48505973815918,80.65714263916016,HIGH,HIGH,HIGH
2025-06-16 14:00,32.2,62.569622,12.483748,466.0,Vijayawada,16.48505973815918,80.65714263916016,HIGH,HIGH,HIGH
2025-06-16 15:00,32.05,63.67306,18.624563,506.0,Vijayawada,16.48505973815918,80.65714263916016,HIGH,HIGH,HIGH
2025-06-16 16:00,30.7,69.58393,13.346729,306.0,Vijayawada,16.48505973815918,80.65714263916016,HIGH,HIGH,HIGH
2025-06-16 17:00,28.35,82.34203,7.8728137,183.0,Vijayawada,16.48505973815918,80.65714263916016,HIGH,HIGH,HIGH
2025-06-16 18:00,29.95,72.858315,8.766573,62.0,Vijayawada,16.48505973815918,80.65714263916016,HIGH,HIGH,HIGH
2025-06-16 19:00,29.4,74.754555,4.278551,1.0,Vijayawada,16.48505973815918,80.65714263916016,HIGH,HIGH,HIGH
2025-06-16 20:00,29.25,74.9546,6.391901,0.0,Vijayawada,16.48505973815918,80.65714263916016,HIGH,HIGH,HIGH
2025-06-16 21:00,29.25,75.63086,8.626865,0.0,Vijayawada,16.48505973815918,80.65714263916016,HIGH,HIGH,HIGH
2025-06-16 22:00,29.1,77.66997,9.299225,0.0,Vijayawada,16.48505973815918,80.65714263916016,HIGH,HIGH,HIGH
2025-06-16 23:00,28.95,80.47725,9.12513,0.0,Vijayawada,16.48505973815918,80.65714263916016,HIGH,HIGH,HIGH
2025-06-17 00:00,28.75,82.389404,9.582358,0.0,Vijayawada,16.48505973815918,80.65714263916016,HIGH,HIGH,HIGH
2025-06-17 01:00,29.5,64.88368,15.1884165,0.0,Vijayawada,16.48505973815918,80.65714263916016,HIGH,HIGH,HIGH
2025-06-17 02:00,29.65,59.224297,16.85669,0.0,Vijayawada,16.48505973815918,80.65714263916016,HIGH,HIGH,HIGH
2025-06-17 03:00,29.3,60.80481,16.1198,0.0,Vijayawada,16.48505973815918,80.65714263916016,HIGH,HIGH,HIGH
2025-06-17 04:00,28.85,63.1798,14.008811,0.0,Vijayawada,16.48505973815918,80.65714263916016,HIGH,HIGH,HIGH
2025-06-17 05:00,28.45,65.46152,13.934605,0.0,Vijayawada,16.48505973815918,80.65714263916016,HIGH,HIGH,HIGH
2025-06-17 06:00,28.65,67.12339,12.483748,30.0,Vijayawada,16.48505973815918,80.65714263916016,HIGH,HIGH,HIGH
2025-06-17 07:00,29.55,65.68831,10.962281,138.0,Vijayawada,16.48505973815918,80.65714263916016,HIGH,HIGH,HIGH
2025-06-17 08:00,30.85,60.413475,13.926464,320.0,Vijayawada,16.48505973815918,80.65714263916016,HIGH,HIGH,HIGH
2025-06-17 09:00,32.15,55.600845,16.120808,554.0,Vijayawada,16.48505973815918,80.65714263916016,HIGH,HIGH,HIGH
2025-06-17 10:00,33.3,51.639084,15.941944,651.0,Vijayawada,16.48505973815918,80.65714263916016,HIGH,HIGH,HIGH
2025-06-17 11:00,34.8,45.78335,19.281015,803.0,Vijayawada,16.48505973815918,80.65714263916016,HIGH,HIGH,HIGH
2025-06-17 12:00,34.75,46.33413,17.893484,733.0,Vijayawada,16.48505973815918,80.65714263916016,HIGH,HIGH,HIGH
2025-06-17 13:00,35.65,44.625668,16.572712,780.0,Vijayawada,16.48505973815918,80.65714263916016,HIGH,HIGH,HIGH
2025-06-17 14:00,36.0,43.374027,16.068466,696.0,Vijayawada,16.48505973815918,80.65714263916016,HIGH,HIGH,HIGH
2025-06-17 15:00,36.0,41.423874,16.418526,563.0,Vijayawada,16.48505973815918,80.65714263916016,HIGH,HIGH,HIGH
2025-06-17 16:00,35.7,42.504116,15.053425,400.0,Vijayawada,16.48505973815918,80.65714263916016,HIGH,HIGH,HIGH
2025-06-17 17:00,34.75,46.192574,12.409561,196.0,Vijayawada,16.48505973815918,80.65714263916016,HIGH,HIGH,HIGH
2025-06-17 18:00,33.1,50.650978,8.783189,69.0,Vijayawada,16.48505973815918,80.65714263916016,HIGH,HIGH,HIGH
2025-06-17 19:00,31.6,57.361362,8.067936,1.0,Vijayawada,16.48505973815918,80.65714263916016,HIGH,HIGH,HIGH
2025-06-17 20:00,31.1,58.83708,8.707237,0.0,Vijayawada,16.48505973815918,80.65714263916016,HIGH,HIGH,HIGH
2025-06-17 21:00,30.85,58.59996,10.484903,0.0,Vijayawada,16.48505973815918,80.65714263916016,HIGH,HIGH,HIGH
2025-06-17 22:00,30.7,55.078823,10.685391,0.0,Vijayawada,16.48505973815918,80.65714263916016,HIGH,HIGH,HIGH
2025-06-17 23:00,29.95,58.210682,9.227524,0.0,Vijayawada,16.48505973815918,80.65714263916016,HIGH,HIGH,HIGH
2025-06-18 00:00,29.25,69.10246,9.693296,0.0,Vijayawada,16.48505973815918,80.65714263916016,HIGH,HIGH,HIGH
2025-06-18 01:00,29.5,63.513805,11.9140415,0.0,Vijayawada,16.48505973815918,80.65714263916016,HIGH,HIGH,HIGH
2025-06-18 02:00,29.65,60.141216,13.504799,0.0,Vijayawada,16.48505973815918,80.65714263916016,HIGH,HIGH,HIGH
2025-06-18 03:00,29.5,60.663418,14.288191,0.0,Vijayawada,16.48505973815918,80.65714263916016,HIGH,HIGH,HIGH
2025-06-18 04:00,29.2,61.723255,14.450537,0.0,Vijayawada,16.48505973815918,80.65714263916016,HIGH,HIGH,HIGH
2025-06-18 05:00,28.85,62.408478,14.827893,0.0,Vijayawada,16.48505973815918,80.65714263916016,HIGH,HIGH,HIGH
2025-06-18 06:00,29.35,64.654945,13.701299,32.0,Vijayawada,16.48505973815918,80.65714263916016,HIGH,HIGH,HIGH
2025-06-18 07:00,30.4,61.61249,14.650938,175.0,Vijayawada,16.48505973815918,80.65714263916016,HIGH,HIGH,HIGH
2025-06-18 08:00,31.1,57.770107,17.294992,302.0,Vijayawada,16.48505973815918,80.65714263916016,HIGH,HIGH,HIGH
2025-06-18 09:00,32.45,54.003914,15.941944,566.0,Vijayawada,16.48505973815918,80.65714263916016,HIGH,HIGH,HIGH
2025-06-18 10:00,33.65,50.790977,15.451717,723.0,Vijayawada,16.48505973815918,80.65714263916016,HIGH,HIGH,HIGH
2025-06-18 11:00,34.7,48.34337,14.068816,807.0,Vijayawada,16.48505973815918,80.65714263916016,HIGH,HIGH,HIGH
2025-06-18 12:00,35.8,45.767456,16.595179,877.0,Vijayawada,16.48505973815918,80.65714263916016,HIGH,HIGH,HIGH
2025-06-18 13:00,36.35,44.53937,16.954432,807.0,Vijayawada,16.48505973815918,80.65714263916016,HIGH,HIGH,HIGH
2025-06-18 14:00,36.7,43.16446,16.248924,718.0,Vijayawada,16.48505973815918,80.65714263916016,HIGH,HIGH,HIGH
2025-06-18 15:00,36.75,42.008842,15.808263,558.0,Vijayawada,16.48505973815918,80.65714263916016,HIGH,HIGH,HIGH
2025-06-18 16:00,36.65,40.59093,12.549757,356.0,Vijayawada,16.48505973815918,80.65714263916016,HIGH,HIGH,HIGH
2025-06-18 17:00,35.6,45.29865,9.1641035,155.0,Vijayawada,16.48505973815918,80.65714263916016,HIGH,HIGH,HIGH
2025-06-18 18:00,32.65,56.572426,17.22742,48.0,Vijayawada,16.48505973815918,80.65714263916016,HIGH,HIGH,HIGH
2025-06-18 19:00,31.75,56.01475,9.826088,1.0,Vijayawada,16.48505973815918,80.65714263916016,HIGH,HIGH,HIGH
2025-06-18 20:00,31.1,61.022934,11.183201,0.0,Vijayawada,16.48505973815918,80.65714263916016,HIGH,HIGH,HIGH
2025-06-18 21:00,30.75,70.01066,13.75558,0.0,Vijayawada,16.48505973815918,80.65714263916016,HIGH,HIGH,HIGH
2025-06-18 22:00,30.65,71.89878,12.108261,0.0,Vijayawada,16.48505973815918,80.65714263916016,HIGH,HIGH,HIGH
2025-06-18 23:00,30.3,74.23351,10.538843,0.0,Vijayawada,16.48505973815918,80.65714263916016,HIGH,HIGH,HIGH
2025-06-19 00:00,30.05,75.30616,10.070353,0.0,Vijayawada,16.48505973815918,80.65714263916016,HIGH,HIGH,HIGH
2025-06-19 01:00,29.85,72.841255,11.1090765,0.0,Vijayawada,16.48505973815918,80.65714263916016,HIGH,HIGH,HIGH
2025-06-19 02:00,30.4,57.95962,15.536408,0.0,Vijayawada,16.48505973815918,80.65714263916016,HIGH,HIGH,HIGH
2025-06-19 03:00,30.45,55.18766,17.193533,0.0,Vijayawada,16.48505973815918,80.65714263916016,HIGH,HIGH,HIGH
2025-06-19 04:00,30.05,56.993126,15.312701,0.0,Vijayawada,16.48505973815918,80.65714263916016,HIGH,HIGH,HIGH
2025-06-19 05:00,29.5,59.55505,15.198012,0.0,Vijayawada,16.48505973815918,80.65714263916016,HIGH,HIGH,HIGH
2025-06-19 06:00,29.95,62.840298,14.01806,32.0,Vijayawada,16.48505973815918,80.65714263916016,HIGH,HIGH,HIGH
2025-06-19 07:00,31.1,59.016567,14.628807,168.0,Vijayawada,16.48505973815918,80.65714263916016,HIGH,HIGH,HIGH
2025-06-19 08:00,32.05,55.57668,16.224981,350.0,Vijayawada,16.48505973815918,80.65714263916016,HIGH,HIGH,HIGH
2025-06-19 09:00,33.2,51.92967,16.071491,544.0,Vijayawada,16.48505973815918,80.65714263916016,HIGH,HIGH,HIGH
2025-06-19 10:00,34.0,49.959236,15.978484,644.0,Vijayawada,16.48505973815918,80.65714263916016,HIGH,HIGH,HIGH
2025-06-19 11:00,34.9,47.086903,17.986494,686.0,Vijayawada,16.48505973815918,80.65714263916016,HIGH,HIGH,HIGH
2025-06-19 12:00,35.7,44.367035,18.790829,694.0,Vijayawada,16.48505973815918,80.65714263916016,HIGH,HIGH,HIGH
2025-06-19 13:00,36.25,42.91309,17.339897,701.0,Vijayawada,16.48505973815918,80.65714263916016,HIGH,HIGH,HIGH
2025-06-19 14:00,36.6,41.71265,16.141893,667.0,Vijayawada,16.48505973815918,80.65714263916016,HIGH,HIGH,HIGH
2025-06-19 15:00,36.25,42.521114,14.1102085,427.0,Vijayawada,16.48505973815918,80.65714263916016,HIGH,HIGH,HIGH
2025-06-19 16:00,35.5,44.043373,14.652045,337.0,Vijayawada,16.48505973815918,80.65714263916016,HIGH,HIGH,HIGH
2025-06-19 17:00,35.0,44.726673,15.233148,164.0,Vijayawada,16.48505973815918,80.65714263916016,HIGH,HIGH,HIGH
2025-06-19 18:00,34.7,44.922188,12.218805,40.0,Vijayawada,16.48505973815918,80.65714263916016,HIGH,HIGH,HIGH
2025-06-19 19:00,32.8,55.252655,13.861168,1.0,Vijayawada,16.48505973815918,80.65714263916016,HIGH,HIGH,HIGH
2025-06-19 20:00,31.45,64.50832,14.027302,0.0,Vijayawada,16.48505973815918,80.65714263916016,HIGH,HIGH,HIGH
2025-06-19 21:00,31.5,63.174717,13.277364,0.0,Vijayawada,16.48505973815918,80.65714263916016,HIGH,HIGH,HIGH
2025-06-19 22:00,30.75,67.7417,14.05845,0.0,Vijayawada,16.48505973815918,80.65714263916016,HIGH,HIGH,HIGH
2025-06-19 23:00,30.55,68.11073,10.564942,0.0,Vijayawada,16.48505973815918,80.65714263916016,HIGH,HIGH,HIGH
2025-06-20 00:00,30.45,67.07472,13.789691,0.0,Vijayawada,16.48505973815918,80.65714263916016,HIGH,HIGH,HIGH
2025-06-20 01:00,30.85,56.834316,12.37819,0.0,Vijayawada,16.48505973815918,80.65714263916016,HIGH,HIGH,HIGH
2025-06-20 02:00,30.3,54.47334,9.9571085,0.0,Vijayawada,16.48505973815918,80.65714263916016,HIGH,HIGH,HIGH
2025-06-20 03:00,29.9,55.56669,11.052058,0.0,Vijayawada,16.48505973815918,80.65714263916016,HIGH,HIGH,HIGH
2025-06-20 04:00,29.65,57.073536,10.9859,0.0,Vijayawada,16.48505973815918,80.65714263916016,HIGH,HIGH,HIGH
2025-06-20 05:00,29.35,58.24918,11.866355,0.0,Vijayawada,16.48505973815918,80.65714263916016,HIGH,HIGH,HIGH
2025-06-20 06:00,29.9,59.830227,12.6462,36.0,Vijayawada,16.48505973815918,80.65714263916016,HIGH,HIGH,HIGH
2025-06-20 07:00,31.4,55.759544,15.009236,170.0,Vijayawada,16.48505973815918,80.65714263916016,HIGH,HIGH,HIGH
2025-06-20 08:00,32.35,51.241104,21.978434,336.0,Vijayawada,16.48505973815918,80.65714263916016,HIGH,HIGH,HIGH
2025-06-20 09:00,33.3,48.722443,20.008356,514.0,Vijayawada,16.48505973815918,80.65714263916016,HIGH,HIGH,HIGH
2025-06-20 10:00,34.45,45.550743,17.640919,661.0,Vijayawada,16.48505973815918,80.65714263916016,HIGH,HIGH,HIGH
2025-06-20 11:00,34.9,44.837498,17.160524,614.0,Vijayawada,16.48505973815918,80.65714263916016,HIGH,HIGH,HIGH
2025-06-20 12:00,35.75,42.91082,19.443333,728.0,Vijayawada,16.48505973815918,80.65714263916016,HIGH,HIGH,HIGH
2025-06-20 13:00,36.25,42.13227,17.288435,751.0,Vijayawada,16.48505973815918,80.65714263916016,HIGH,HIGH,HIGH
2025-06-20 14:00,35.2,43.828663,20.345573,643.0,Vijayawada,16.48505973815918,80.65714263916016,HIGH,HIGH,HIGH
2025-06-20 15:00,35.25,44.793034,12.182955,447.0,Vijayawada,16.48505973815918,80.65714263916016,HIGH,HIGH,HIGH
2025-06-20 16:00,34.3,47.653603,15.546833,340.0,Vijayawada,16.48505973815918,80.65714263916016,HIGH,HIGH,HIGH
2025-06-20 17:00,32.9,51.223663,9.449572,168.0,Vijayawada,16.48505973815918,80.65714263916016,HIGH,HIGH,HIGH
2025-06-20 18:00,33.05,53.49723,9.847496,60.0,Vijayawada,16.48505973815918,80.65714263916016,HIGH,HIGH,HIGH
2025-06-20 19:00,31.95,57.61869,10.337079,1.0,Vijayawada,16.48505973815918,80.65714263916016,HIGH,HIGH,HIGH
2025-06-20 20:00,31.15,61.219395,7.2359104,0.0,Vijayawada,16.48505973815918,80.65714263916016,HIGH,HIGH,HIGH
2025-06-20 21:00,30.9,59.15049,8.827343,0.0,Vijayawada,16.48505973815918,80.65714263916016,HIGH,HIGH,HIGH
2025-06-20 22:00,30.35,64.2775,7.5019197,0.0,Vijayawada,16.48505973815918,80.65714263916016,HIGH,HIGH,HIGH
2025-06-20 23:00,30.05,70.09147,14.120539,0.0,Vijayawada,16.48505973815918,80.65714263916016,HIGH,HIGH,HIGH
2025-06-21 00:00,29.9,67.16813,10.228373,0.0,Vijayawada,16.48505973815918,80.65714263916016,HIGH,HIGH,HIGH
2025-06-21 01:00,29.05,64.98774,15.266079,0.0,Vijayawada,16.48505973815918,80.65714263916016,HIGH,HIGH,HIGH
2025-06-21 02:00,27.85,70.32266,14.003028,0.0,Vijayawada,16.48505973815918,80.65714263916016,HIGH,HIGH,HIGH
2025-06-21 03:00,27.25,74.631355,12.616702,0.0,Vijayawada,16.48505973815918,80.65714263916016,HIGH,HIGH,HIGH
2025-06-21 04:00,26.95,76.42042,12.124306,0.0,Vijayawada,16.48505973815918,80.65714263916016,HIGH,HIGH,HIGH
2025-06-21 05:00,27.1,76.2117,11.53265,0.0,Vijayawada,16.48505973815918,80.65714263916016,HIGH,HIGH,HIGH
2025-06-21 06:00,28.85,69.65746,11.465024,31.0,Vijayawada,16.48505973815918,80.65714263916016,HIGH,HIGH,HIGH
2025-06-21 07:00,30.5,63.920902,11.050591,179.0,Vijayawada,16.48505973815918,80.65714263916016,HIGH,HIGH,HIGH
2025-06-21 08:00,32.15,54.59295,22.277134,346.0,Vijayawada,16.48505973815918,80.65714263916016,HIGH,HIGH,HIGH
2025-06-21 09:00,32.95,52.50388,22.087988,517.0,Vijayawada,16.48505973815918,80.65714263916016,HIGH,HIGH,HIGH
2025-06-21 10:00,33.85,49.768776,20.83806,594.0,Vijayawada,16.48505973815918,80.65714263916016,HIGH,HIGH,HIGH
2025-06-21 11:00,35.0,44.864048,19.05281,678.0,Vijayawada,16.48505973815918,80.65714263916016,HIGH,HIGH,HIGH
2025-06-21 12:00,36.0,41.043205,19.15288,814.0,Vijayawada,16.48505973815918,80.65714263916016,HIGH,HIGH,HIGH
2025-06-21 13:00,36.2,40.845062,16.813387,729.0,Vijayawada,16.48505973815918,80.65714263916016,HIGH,HIGH,HIGH
2025-06-21 14:00,36.85,39.9033,16.039202,720.0,Vijayawada,16.48505973815918,80.65714263916016,HIGH,HIGH,HIGH
2025-06-21 15:00,36.8,40.012573,16.13286,580.0,Vijayawada,16.48505973815918,80.65714263916016,HIGH,HIGH,HIGH
2025-06-21 16:00,36.75,39.509995,14.027302,425.0,Vijayawada,16.48505973815918,80.65714263916016,HIGH,HIGH,HIGH
2025-06-21 17:00,36.2,39.3612,15.24909,239.0,Vijayawada,16.48505973815918,80.65714263916016,HIGH,HIGH,HIGH
2025-06-21 18:00,34.4,45.53751,6.7205353,68.0,Vijayawada,16.48505973815918,80.65714263916016,HIGH,HIGH,HIGH
2025-06-21 19:00,33.45,46.275955,11.157097,1.0,Vijayawada,16.48505973815918,80.65714263916016,HIGH,HIGH,HIGH
2025-06-21 20:00,32.4,48.78902,6.8423676,0.0,Vijayawada,16.48505973815918,80.65714263916016,HIGH,HIGH,HIGH
2025-06-21 21:00,30.45,66.47116,13.151091,0.0,Vijayawada,16.48505973815918,80.65714263916016,HIGH,HIGH,HIGH
2025-06-21 22:00,30.4,63.899685,12.7279215,0.0,Vijayawada,16.48505973815918,80.65714263916016,HIGH,HIGH,HIGH
2025-06-21 23:00,29.95,64.97746,8.305396,0.0,Vijayawada,16.48505973815918,80.65714263916016,HIGH,HIGH,HIGH
2025-06-22 00:00,29.0,69.05497,12.20023,0.0,Vijayawada,16.48505973815918,80.65714263916016,HIGH,HIGH,HIGH
2025-06-22 01:00,28.85,68.608505,13.779114,0.0,Vijayawada,16.48505973815918,80.65714263916016,HIGH,HIGH,HIGH
2025-06-22 02:00,28.65,70.68396,11.212135,0.0,Vijayawada,16.48505973815918,80.65714263916016,HIGH,HIGH,HIGH
2025-06-22 03:00,28.65,67.74005,11.609651,0.0,Vijayawada,16.48505973815918,80.65714263916016,HIGH,HIGH,HIGH
2025-06-22 04:00,29.05,61.311768,13.533558,0.0,Vijayawada,16.48505973815918,80.65714263916016,HIGH,HIGH,HIGH
2025-06-22 05:00,29.3,60.432068,14.761098,0.0,Vijayawada,16.48505973815918,80.65714263916016,HIGH,HIGH,HIGH
2025-06-22 06:00,29.9,62.067554,15.329618,33.0,Vijayawada,16.48505973815918,80.65714263916016,HIGH,HIGH,HIGH
2025-06-22 07:00,31.0,58.10045,18.204933,186.0,Vijayawada,16.48505973815918,80.65714263916016,HIGH,HIGH,HIGH
2025-06-22 08:00,31.95,53.5515,21.629978,398.0,Vijayawada,16.48505973815918,80.65714263916016,HIGH,HIGH,HIGH
2025-06-22 09:00,32.95,50.457817,21.461555,586.0,Vijayawada,16.48505973815918,80.65714263916016,HIGH,HIGH,HIGH
2025-06-22 10:00,34.0,47.139545,20.36865,740.0,Vijayawada,16.48505973815918,80.65714263916016,HIGH,HIGH,HIGH
2025-06-22 11:00,35.3,41.747925,20.94507,850.0,Vijayawada,16.48505973815918,80.65714263916016,HIGH,HIGH,HIGH
2025-06-22 12:00,36.1,39.578117,19.483284,831.0,Vijayawada,16.48505973815918,80.65714263916016,HIGH,HIGH,HIGH
2025-06-22 13:00,36.7,38.77268,19.42416,852.0,Vijayawada,16.48505973815918,80.65714263916016,HIGH,HIGH,HIGH
2025-06-22 14:00,36.45,39.18626,18.119305,684.0,Vijayawada,16.48505973815918,80.65714263916016,HIGH,HIGH,HIGH
2025-06-22 15:00,36.15,39.226162,16.902758,437.0,Vijayawada,16.48505973815918,80.65714263916016,HIGH,HIGH,HIGH
2025-06-22 16:00,36.35,39.280346,15.496736,384.0,Vijayawada,16.48505973815918,80.65714263916016,HIGH,HIGH,HIGH
2025-06-22 17:00,35.4,41.77485,14.668619,201.0,Vijayawada,16.48505973815918,80.65714263916016,HIGH,HIGH,HIGH
2025-06-22 18:00,34.75,42.51093,11.879999,62.0,Vijayawada,16.48505973815918,80.65714263916016,HIGH,HIGH,HIGH
2025-06-22 19:00,33.05,47.766537,9.9408245,1.0,Vijayawada,16.48505973815918,80.65714263916016,HIGH,HIGH,HIGH
2025-06-22 20:00,32.15,51.983055,8.297589,0.0,Vijayawada,16.48505973815918,80.65714263916016,HIGH,HIGH,HIGH
2025-06-22 21:00,31.8,52.215084,10.837435,0.0,Vijayawada,16.48505973815918,80.65714263916016,HIGH,HIGH,HIGH
2025-06-22 22:00,30.95,55.309685,9.102021,0.0,Vijayawada,16.48505973815918,80.65714263916016,HIGH,HIGH,HIGH
2025-06-22 23:00,30.85,55.115498,5.9834766,0.0,Vijayawada,16.48505973815918,80.65714263916016,HIGH,HIGH,HIGH
2025-06-23 00:00,30.05,59.681442,4.3832865,0.0,Vijayawada,16.48505973815918,80.65714263916016,HIGH,HIGH,HIGH
2025-06-23 01:00,29.4,60.82735,7.748368,0.0,Vijayawada,16.48505973815918,80.65714263916016,HIGH,HIGH,HIGH
2025-06-23 02:00,29.0,61.489418,6.130579,0.0,Vijayawada,16.48505973815918,80.65714263916016,HIGH,HIGH,HIGH
2025-06-23 03:00,28.8,64.53927,5.2478566,0.0,Vijayawada,16.48505973815918,80.65714263916016,HIGH,HIGH,HIGH
2025-06-23 04:00,28.95,63.78518,9.885262,0.0,Vijayawada,16.48505973815918,80.65714263916016,HIGH,HIGH,HIGH
2025-06-23 05:00,29.25,62.496204,12.632101,0.0,Vijayawada,16.48505973815918,80.65714263916016,HIGH,HIGH,HIGH
2025-06-23 06:00,30.0,59.305153,17.1,7.0,Vijayawada,16.48505973815918,80.65714263916016,HIGH,HIGH,HIGH
2025-06-23 07:00,29.9,59.830227,18.22361,47.0,Vijayawada,16.48505973815918,80.65714263916016,HIGH,HIGH,HIGH
2025-06-23 08:00,30.45,56.91339,21.1896,152.0,Vijayawada,16.48505973815918,80.65714263916016,HIGH,HIGH,HIGH
2025-06-23 09:00,31.05,55.334038,21.152872,304.0,Vijayawada,16.48505973815918,80.65714263916016,HIGH,HIGH,HIGH
2025-06-23 10:00,31.05,56.017426,19.885721,308.0,Vijayawada,16.48505973815918,80.65714263916016,HIGH,HIGH,HIGH
2025-06-23 11:00,30.85,57.534904,21.04461,237.0,Vijayawada,16.48505973815918,80.65714263916016,HIGH,HIGH,HIGH
2025-06-23 12:00,31.4,56.96539,18.172869,434.0,Vijayawada,16.48505973815918,80.65714263916016,HIGH,HIGH,HIGH
2025-06-23 13:00,31.45,55.771614,12.791403,219.0,Vijayawada,16.48505973815918,80.65714263916016,HIGH,HIGH,HIGH
2025-06-23 14:00,33.0,50.316162,14.934577,397.0,Vijayawada,16.48505973815918,80.65714263916016,HIGH,HIGH,HIGH
2025-06-23 15:00,32.65,51.160175,14.408997,263.0,Vijayawada,16.48505973815918,80.65714263916016,HIGH,HIGH,HIGH
2025-06-23 16:00,31.75,55.504063,12.399113,164.0,Vijayawada,16.48505973815918,80.65714263916016,HIGH,HIGH,HIGH
2025-06-23 17:00,30.7,60.93345,11.886816,58.0,Vijayawada,16.48505973815918,80.65714263916016,HIGH,HIGH,HIGH
2025-06-23 18:00,29.75,68.36708,18.448023,22.0,Vijayawada,16.48505973815918,80.65714263916016,HIGH,HIGH,HIGH
2025-06-23 19:00,27.7,78.169,14.471821,0.0,Vijayawada,16.48505973815918,80.65714263916016,HIGH,HIGH,HIGH
2025-06-23 20:00,27.45,80.76615,11.901798,0.0,Vijayawada,16.48505973815918,80.65714263916016,HIGH,HIGH,HIGH
2025-06-23 21:00,28.1,74.76944,13.752048,0.0,Vijayawada,16.48505973815918,80.65714263916016,HIGH,HIGH,HIGH
2025-06-23 22:00,28.5,69.803604,13.504799,0.0,Vijayawada,16.48505973815918,80.65714263916016,HIGH,HIGH,HIGH
2025-06-23 23:00,28.25,67.24885,15.767219,0.0,Vijayawada,16.48505973815918,80.65714263916016,HIGH,HIGH,HIGH
2025-06-24 00:00,27.3,71.740524,15.94804,0.0,Vijayawada,16.48505973815918,80.65714263916016,HIGH,HIGH,HIGH
2025-06-24 01:00,26.5,77.52296,17.114204,0.0,Vijayawada,16.48505973815918,80.65714263916016,HIGH,HIGH,HIGH
2025-06-24 02:00,26.05,81.322716,15.086748,0.0,Vijayawada,16.48505973815918,80.65714263916016,HIGH,HIGH,HIGH
2025-06-24 03:00,25.15,89.76959,13.055896,0.0,Vijayawada,16.48505973815918,80.65714263916016,HIGH,HIGH,HIGH
2025-06-24 04:00,24.95,90.846016,13.055896,0.0,Vijayawada,16.48505973815918,80.65714263916016,HIGH,HIGH,HIGH
2025-06-24 05:00,24.85,91.66586,13.229694,0.0,Vijayawada,16.48505973815918,80.65714263916016,HIGH,HIGH,HIGH
2025-06-24 06:00,26.5,78.23354,16.87398,10.0,Vijayawada,16.48505973815918,80.65714263916016,HIGH,HIGH,HIGH
2025-06-24 07:00,26.75,80.189514,13.31635,67.0,Vijayawada,16.48505973815918,80.65714263916016,HIGH,HIGH,HIGH
2025-06-24 08:00,28.55,73.945366,11.995349,258.0,Vijayawada,16.48505973815918,80.65714263916016,HIGH,HIGH,HIGH
2025-06-24 09:00,28.95,72.24991,10.248941,182.0,Vijayawada,16.48505973815918,80.65714263916016,HIGH,HIGH,HIGH
2025-06-24 10:00,30.3,65.64309,13.154786,279.0,Vijayawada,16.48505973815918,80.65714263916016,HIGH,HIGH,HIGH
2025-06-24 11:00,32.35,54.309708,20.880775,555.0,Vijayawada,16.48505973815918,80.65714263916016,HIGH,HIGH,HIGH
2025-06-24 12:00,32.25,54.617413,20.57125,457.0,Vijayawada,16.48505973815918,80.65714263916016,HIGH,HIGH,HIGH
2025-06-24 13:00,31.15,62.153248,12.810386,371.0,Vijayawada,16.48505973815918,80.65714263916016,HIGH,HIGH,HIGH
2025-06-24 14:00,31.15,63.099552,7.458606,280.0,Vijayawada,16.48505973815918,80.65714263916016,HIGH,HIGH,HIGH
2025-06-24 15:00,31.45,59.819145,9.867218,190.0,Vijayawada,16.48505973815918,80.65714263916016,HIGH,HIGH,HIGH
2025-06-24 16:00,30.25,66.23059,12.325728,169.0,Vijayawada,16.48505973815918,80.65714263916016,HIGH,HIGH,HIGH
2025-06-24 17:00,29.3,72.74704,9.826088,141.0,Vijayawada,16.48505973815918,80.65714263916016,HIGH,HIGH,HIGH
2025-06-24 18:00,28.4,84.331024,11.480557,40.0,Vijayawada,16.48505973815918,80.65714263916016,HIGH,HIGH,HIGH
2025-06-24 19:00,27.6,83.24391,11.212135,0.0,Vijayawada,16.48505973815918,80.65714263916016,HIGH,HIGH,HIGH
2025-06-24 20:00,27.05,85.201935,10.837435,0.0,Vijayawada,16.48505973815918,80.65714263916016,HIGH,HIGH,HIGH
2025-06-24 21:00,27.3,82.71206,14.634343,0.0,Vijayawada,16.48505973815918,80.65714263916016,HIGH,HIGH,HIGH
2025-06-24 22:00,27.45,79.08177,14.650938,0.0,Vijayawada,16.48505973815918,80.65714263916016,HIGH,HIGH,HIGH
2025-06-24 23:00,27.25,78.57799,12.325728,0.0,Vijayawada,16.48505973815918,80.65714263916016,HIGH,HIGH,HIGH
2025-06-25 00:00,27.25,78.104385,14.411245,0.0,Vijayawada,16.48505973815918,80.65714263916016,HIGH,HIGH,HIGH
2025-06-25 01:00,27.35,75.33086,15.3264475,0.0,Vijayawada,16.48505973815918,80.65714263916016,HIGH,HIGH,HIGH
2025-06-25 02:00,27.35,73.96986,13.358861,0.0,Vijayawada,16.48505973815918,80.65714263916016,HIGH,HIGH,HIGH
2025-06-25 03:00,27.45,73.09169,12.525207,0.0,Vijayawada,16.48505973815918,80.65714263916016,HIGH,HIGH,HIGH
2025-06-25 04:00,27.5,72.87808,12.108261,0.0,Vijayawada,16.48505973815918,80.65714263916016,HIGH,HIGH,HIGH
2025-06-25 05:00,27.55,72.66519,13.021106,0.0,Vijayawada,16.48505973815918,80.65714263916016,HIGH,HIGH,HIGH
2025-06-25 06:00,27.2,80.97753,12.638512,13.0,Vijayawada,16.48505973815918,80.65714263916016,HIGH,HIGH,HIGH
2025-06-25 07:00,27.5,80.04711,12.534257,31.0,Vijayawada,16.48505973815918,80.65714263916016,HIGH,HIGH,HIGH
2025-06-25 08:00,28.9,74.89846,12.330985,154.0,Vijayawada,16.48505973815918,80.65714263916016,HIGH,HIGH,HIGH
2025-06-25 09:00,29.1,76.06152,10.97262,148.0,Vijayawada,16.48505973815918,80.65714263916016,HIGH,HIGH,HIGH
2025-06-25 10:00,30.15,68.65046,10.534229,207.0,Vijayawada,16.48505973815918,80.65714263916016,HIGH,HIGH,HIGH
2025-06-25 11:00,32.0,55.904316,14.764389,390.0,Vijayawada,16.48505973815918,80.65714263916016,HIGH,HIGH,HIGH
2025-06-25 12:00,31.8,55.34689,16.208996,247.0,Vijayawada,16.48505973815918,80.65714263916016,HIGH,HIGH,HIGH
2025-06-25 13:00,31.95,55.72216,16.167967,329.0,Vijayawada,16.48505973815918,80.65714263916016,HIGH,HIGH,HIGH
2025-06-25 14:00,30.15,69.69017,13.184308,259.0,Vijayawada,16.48505973815918,80.65714263916016,HIGH,HIGH,HIGH
2025-06-25 15:00,29.65,75.46784,9.67657,225.0,Vijayawada,16.48505973815918,80.65714263916016,HIGH,HIGH,HIGH
2025-06-25 16:00,28.5,89.479706,6.9480934,131.0,Vijayawada,16.48505973815918,80.65714263916016,HIGH,HIGH,HIGH
2025-06-25 17:00,28.15,92.13032,7.0407386,52.0,Vijayawada,16.48505973815918,80.65714263916016,HIGH,HIGH,HIGH
2025-06-25 18:00,26.45,91.487434,8.181589,22.0,Vijayawada,16.48505973815918,80.65714263916016,HIGH,HIGH,HIGH
2025-06-25 19:00,25.7,92.822014,6.725354,0.0,Vijayawada,16.48505973815918,80.65714263916016,HIGH,HIGH,HIGH
2025-06-25 20:00,25.8,93.66344,6.9899354,0.0,Vijayawada,16.48505973815918,80.65714263916016,HIGH,HIGH,HIGH
2025-06-25 21:00,26.05,93.67486,2.995797,0.0,Vijayawada,16.48505973815918,80.65714263916016,HIGH,HIGH,HIGH
2025-06-25 22:00,26.2,93.40294,2.3469126,0.0,Vijayawada,16.48505973815918,80.65714263916016,HIGH,HIGH,HIGH
2025-06-25 23:00,26.05,93.954575,6.552099,0.0,Vijayawada,16.48505973815918,80.65714263916016,HIGH,HIGH,HIGH
2025-06-26 00:00,25.95,93.950165,9.039514,0.0,Vijayawada,16.48505973815918,80.65714263916016,HIGH,HIGH,HIGH
2025-06-26 01:00,25.85,94.79058,8.43699,0.0,Vijayawada,16.48505973815918,80.65714263916016,HIGH,HIGH,HIGH
2025-06-26 02:00,25.75,95.35405,8.643749,0.0,Vijayawada,16.48505973815918,80.65714263916016,HIGH,HIGH,HIGH
2025-06-26 03:00,25.6,95.63401,9.085988,0.0,Vijayawada,16.48505973815918,80.65714263916016,HIGH,HIGH,HIGH
2025-06-26 04:00,25.5,95.061066,10.296251,0.0,Vijayawada,16.48505973815918,80.65714263916016,HIGH,HIGH,HIGH
2025-06-26 05:00,25.25,95.052055,10.564941,0.0,Vijayawada,16.48505973815918,80.65714263916016,HIGH,HIGH,HIGH
2025-06-26 06:00,26.0,90.37112,11.843124,9.0,Vijayawada,16.48505973815918,80.65714263916016,HIGH,HIGH,HIGH
2025-06-26 07:00,26.35,90.125145,10.195057,60.0,Vijayawada,16.48505973815918,80.65714263916016,HIGH,HIGH,HIGH
2025-06-26 08:00,27.3,86.7683,10.583326,163.0,Vijayawada,16.48505973815918,80.65714263916016,HIGH,HIGH,HIGH
2025-06-26 09:00,27.55,85.25258,10.837435,140.0,Vijayawada,16.48505973815918,80.65714263916016,HIGH,HIGH,HIGH
2025-06-26 10:00,28.1,81.82215,11.599879,199.0,Vijayawada,16.48505973815918,80.65714263916016,HIGH,HIGH,HIGH
2025-06-26 11:00,29.25,75.85744,11.226575,311.0,Vijayawada,16.48505973815918,80.65714263916016,HIGH,HIGH,HIGH
2025-06-26 12:00,29.8,72.8327,14.169785,349.0,Vijayawada,16.48505973815918,80.65714263916016,HIGH,HIGH,HIGH
2025-06-26 13:00,29.45,76.11543,11.7827835,304.0,Vijayawada,16.48505973815918,80.65714263916016,HIGH,HIGH,HIGH
2025-06-26 14:00,29.65,75.242905,9.741642,226.0,Vijayawada,16.48505973815918,80.65714263916016,HIGH,HIGH,HIGH
2025-06-26 15:00,30.25,70.97397,7.3997297,207.0,Vijayawada,16.48505973815918,80.65714263916016,HIGH,HIGH,HIGH
2025-06-26 16:00,31.3,64.67118,6.989936,210.0,Vijayawada,16.48505973815918,80.65714263916016,HIGH,HIGH,HIGH
2025-06-26 17:00,31.5,61.855244,9.913082,154.0,Vijayawada,16.48505973815918,80.65714263916016,HIGH,HIGH,HIGH
2025-06-26 18:00,30.75,66.5314,12.931218,64.0,Vijayawada,16.48505973815918,80.65714263916016,HIGH,HIGH,HIGH
2025-06-26 19:00,29.55,70.84761,7.771331,1.0,Vijayawada,16.48505973815918,80.65714263916016,HIGH,HIGH,HIGH
2025-06-26 20:00,27.95,77.969894,19.087639,0.0,Vijayawada,16.48505973815918,80.65714263916016,HIGH,HIGH,HIGH
2025-06-26 21:00,27.15,84.70327,12.535548,0.0,Vijayawada,16.48505973815918,80.65714263916016,HIGH,HIGH,HIGH
2025-06-26 22:00,27.0,87.000496,11.588701,0.0,Vijayawada,16.48505973815918,80.65714263916016,HIGH,HIGH,HIGH
2025-06-26 23:00,27.1,88.31738,10.621525,0.0,Vijayawada,16.48505973815918,80.65714263916016,HIGH,HIGH,HIGH
2025-06-27 00:00,27.2,87.01852,12.049249,0.0,Vijayawada,16.48505973815918,80.65714263916016,HIGH,HIGH,HIGH
2025-06-27 01:00,27.25,81.71815,14.581111,0.0,Vijayawada,16.48505973815918,80.65714263916016,HIGH,HIGH,HIGH
2025-06-27 02:00,27.25,75.77368,12.218805,0.0,Vijayawada,16.48505973815918,80.65714263916016,HIGH,HIGH,HIGH
2025-06-27 03:00,27.15,74.38828,12.261157,0.0,Vijayawada,16.48505973815918,80.65714263916016,HIGH,HIGH,HIGH
2025-06-27 04:00,27.0,74.81807,12.011544,0.0,Vijayawada,16.48505973815918,80.65714263916016,HIGH,HIGH,HIGH
2025-06-27 05:00,26.8,75.24305,10.711135,0.0,Vijayawada,16.48505973815918,80.65714263916016,HIGH,HIGH,HIGH
2025-06-27 06:00,27.6,72.67382,12.157663,23.0,Vijayawada,16.48505973815918,80.65714263916016,HIGH,HIGH,HIGH
2025-06-27 07:00,28.7,69.41826,11.190442,139.0,Vijayawada,16.48505973815918,80.65714263916016,HIGH,HIGH,HIGH
2025-06-27 08:00,30.0,64.20363,14.138882,328.0,Vijayawada,16.48505973815918,80.65714263916016,HIGH,HIGH,HIGH
2025-06-27 09:00,31.2,59.21955,14.800554,559.0,Vijayawada,16.48505973815918,80.65714263916016,HIGH,HIGH,HIGH
2025-06-27 10:00,32.2,56.636932,13.842457,701.0,Vijayawada,16.48505973815918,80.65714263916016,HIGH,HIGH,HIGH
2025-06-27 11:00,33.1,54.991188,11.91948,799.0,Vijayawada,16.48505973815918,80.65714263916016,HIGH,HIGH,HIGH
2025-06-27 12:00,33.85,52.72845,12.413476,792.0,Vijayawada,16.48505973815918,80.65714263916016,HIGH,HIGH,HIGH
2025-06-27 13:00,33.5,52.005047,14.120539,509.0,Vijayawada,16.48505973815918,80.65714263916016,HIGH,HIGH,HIGH
2025-06-27 14:00,33.6,50.9333,15.192682,509.0,Vijayawada,16.48505973815918,80.65714263916016,HIGH,HIGH,HIGH
2025-06-27 15:00,33.25,52.25969,14.539945,336.0,Vijayawada,16.48505973815918,80.65714263916016,HIGH,HIGH,HIGH
2025-06-27 16:00,33.15,53.52194,11.391313,257.0,Vijayawada,16.48505973815918,80.65714263916016,HIGH,HIGH,HIGH
2025-06-27 17:00,32.65,56.40134,6.3690495,154.0,Vijayawada,16.48505973815918,80.65714263916016,HIGH,HIGH,HIGH
2025-06-27 18:00,31.3,62.941654,8.731391,45.0,Vijayawada,16.48505973815918,80.65714263916016,HIGH,HIGH,HIGH
2025-06-27 19:00,30.9,60.978245,7.001514,1.0,Vijayawada,16.48505973815918,80.65714263916016,HIGH,HIGH,HIGH
2025-06-27 20:00,30.75,60.20727,10.185519,0.0,Vijayawada,16.48505973815918,80.65714263916016,HIGH,HIGH,HIGH
2025-06-27 21:00,29.85,64.56324,7.968939,0.0,Vijayawada,16.48505973815918,80.65714263916016,HIGH,HIGH,HIGH
2025-06-27 22:00,29.25,70.57989,7.689603,0.0,Vijayawada,16.48505973815918,80.65714263916016,HIGH,HIGH,HIGH
2025-06-27 23:00,28.9,73.78105,13.288341,0.0,Vijayawada,16.48505973815918,80.65714263916016,HIGH,HIGH,HIGH
2025-06-28 00:00,28.8,76.01519,12.522619,0.0,Vijayawada,16.48505973815918,80.65714263916016,HIGH,HIGH,HIGH
2025-06-28 01:00,28.45,81.86471,11.334285,0.0,Vijayawada,16.48505973815918,80.65714263916016,HIGH,HIGH,HIGH
2025-06-28 02:00,28.3,84.070076,10.234705,0.0,Vijayawada,16.48505973815918,80.65714263916016,HIGH,HIGH,HIGH
2025-06-28 03:00,28.2,81.10422,10.564942,0.0,Vijayawada,16.48505973815918,80.65714263916016,HIGH,HIGH,HIGH
2025-06-28 04:00,28.1,72.98108,10.088033,0.0,Vijayawada,16.48505973815918,80.65714263916016,HIGH,HIGH,HIGH
2025-06-28 05:00,27.75,68.81597,10.096059,0.0,Vijayawada,16.48505973815918,80.65714263916016,HIGH,HIGH,HIGH
2025-06-28 06:00,28.55,68.134445,11.656998,24.0,Vijayawada,16.48505973815918,80.65714263916016,HIGH,HIGH,HIGH
2025-06-28 07:00,29.75,66.32997,11.362834,176.0,Vijayawada,16.48505973815918,80.65714263916016,HIGH,HIGH,HIGH
2025-06-28 08:00,30.85,61.338535,16.63905,372.0,Vijayawada,16.48505973815918,80.65714263916016,HIGH,HIGH,HIGH
2025-06-28 09:00,31.75,58.630497,17.873556,572.0,Vijayawada,16.48505973815918,80.65714263916016,HIGH,HIGH,HIGH
2025-06-28 10:00,32.85,55.097374,17.81909,758.0,Vijayawada,16.48505973815918,80.65714263916016,HIGH,HIGH,HIGH
2025-06-28 11:00,33.9,51.320442,19.626604,818.0,Vijayawada,16.48505973815918,80.65714263916016,HIGH,HIGH,HIGH
2025-06-28 12:00,34.6,47.58633,18.913708,818.0,Vijayawada,16.48505973815918,80.65714263916016,HIGH,HIGH,HIGH
2025-06-28 13:00,35.05,46.697098,18.0036,774.0,Vijayawada,16.48505973815918,80.65714263916016,HIGH,HIGH,HIGH
2025-06-28 14:00,35.7,43.693657,17.339897,763.0,Vijayawada,16.48505973815918,80.65714263916016,HIGH,HIGH,HIGH
2025-06-28 15:00,35.7,43.42682,18.998314,601.0,Vijayawada,16.48505973815918,80.65714263916016,HIGH,HIGH,HIGH
2025-06-28 16:00,35.0,44.589645,16.595179,403.0,Vijayawada,16.48505973815918,80.65714263916016,HIGH,HIGH,HIGH
2025-06-28 17:00,34.05,51.670914,6.889557,211.0,Vijayawada,16.48505973815918,80.65714263916016,HIGH,HIGH,HIGH
2025-06-28 18:00,32.2,63.704838,3.3481934,60.0,Vijayawada,16.48505973815918,80.65714263916016,HIGH,HIGH,HIGH
2025-06-28 19:00,31.3,65.06113,1.5484185,1.0,Vijayawada,16.48505973815918,80.65714263916016,HIGH,HIGH,HIGH
2025-06-28 20:00,30.45,63.71693,6.384293,0.0,Vijayawada,16.48505973815918,80.65714263916016,HIGH,HIGH,HIGH
2025-06-28 21:00,30.2,61.007202,7.5105524,0.0,Vijayawada,16.48505973815918,80.65714263916016,HIGH,HIGH,HIGH
2025-06-28 22:00,30.1,59.69288,9.044888,0.0,Vijayawada,16.48505973815918,80.65714263916016,HIGH,HIGH,HIGH
2025-06-28 23:00,29.8,59.077175,8.641874,0.0,Vijayawada,16.48505973815918,80.65714263916016,HIGH,HIGH,HIGH
2025-06-29 00:00,29.25,60.98067,8.305396,0.0,Vijayawada,16.48505973815918,80.65714263916016,HIGH,HIGH,HIGH
2025-06-29 01:00,28.35,67.47459,11.103243,0.0,Vijayawada,16.48505973815918,80.65714263916016,HIGH,HIGH,HIGH
2025-06-29 02:00,28.2,71.90017,9.801326,0.0,Vijayawada,16.48505973815918,80.65714263916016,HIGH,HIGH,HIGH
2025-06-29 03:00,28.5,67.09343,12.241323,0.0,Vijayawada,16.48505973815918,80.65714263916016,HIGH,HIGH,HIGH
2025-06-29 04:00,28.85,62.408478,13.418153,0.0,Vijayawada,16.48505973815918,80.65714263916016,HIGH,HIGH,HIGH
2025-06-29 05:00,28.95,60.538826,14.260953,0.0,Vijayawada,16.48505973815918,80.65714263916016,HIGH,HIGH,HIGH
2025-06-29 06:00,29.75,60.534065,17.731598,30.0,Vijayawada,16.48505973815918,80.65714263916016,HIGH,HIGH,HIGH
2025-06-29 07:00,30.3,59.921642,18.998314,146.0,Vijayawada,16.48505973815918,80.65714263916016,HIGH,HIGH,HIGH
2025-06-29 08:00,30.75,58.93566,22.657845,276.0,Vijayawada,16.48505973815918,80.65714263916016,HIGH,HIGH,HIGH
2025-06-29 09:00,31.5,57.688175,21.068459,468.0,Vijayawada,16.48505973815918,80.65714263916016,HIGH,HIGH,HIGH
2025-06-29 10:00,32.45,54.168854,20.380579,605.0,Vijayawada,16.48505973815918,80.65714263916016,HIGH,HIGH,HIGH
2025-06-29 11:00,32.9,51.69586,19.41415,514.0,Vijayawada,16.48505973815918,80.65714263916016,HIGH,HIGH,HIGH
2025-06-29 12:00,33.4,49.958046,22.450264,521.0,Vijayawada,16.48505973815918,80.65714263916016,HIGH,HIGH,HIGH
2025-06-29 13:00,33.3,49.627476,19.48661,381.0,Vijayawada,16.48505973815918,80.65714263916016,HIGH,HIGH,HIGH
2025-06-29 14:00,33.85,48.1227,19.73854,354.0,Vijayawada,16.48505973815918,80.65714263916016,HIGH,HIGH,HIGH
2025-06-29 15:00,33.05,50.949127,16.895088,243.0,Vijayawada,16.48505973815918,80.65714263916016,HIGH,HIGH,HIGH
2025-06-29 16:00,33.05,51.89192,12.0653715,206.0,Vijayawada,16.48505973815918,80.65714263916016,HIGH,HIGH,HIGH
2025-06-29 17:00,32.35,56.32968,6.7205353,99.0,Vijayawada,16.48505973815918,80.65714263916016,HIGH,HIGH,HIGH
2025-06-29 18:00,30.55,62.021637,14.330079,35.0,Vijayawada,16.48505973815918,80.65714263916016,HIGH,HIGH,HIGH
2025-06-29 19:00,29.85,61.115368,14.138882,1.0,Vijayawada,16.48505973815918,80.65714263916016,HIGH,HIGH,HIGH
2025-06-29 20:00,28.65,69.831635,6.66,0.0,Vijayawada,16.48505973815918,80.65714263916016,HIGH,HIGH,HIGH
2025-06-29 21:00,28.15,73.211075,12.496718,0.0,Vijayawada,16.48505973815918,80.65714263916016,HIGH,HIGH,HIGH
2025-06-29 22:00,25.2,90.588936,13.036026,0.0,Vijayawada,16.48505973815918,80.65714263916016,HIGH,HIGH,HIGH
2025-06-29 23:00,25.15,91.683784,13.125196,0.0,Vijayawada,16.48505973815918,80.65714263916016,HIGH,HIGH,HIGH
2025-06-30 00:00,24.9,93.622086,9.914717,0.0,Vijayawada,16.48505973815918,80.65714263916016,HIGH,HIGH,HIGH
2025-06-30 01:00,25.25,89.506386,12.371645,0.0,Vijayawada,16.48505973815918,80.65714263916016,HIGH,HIGH,HIGH
2025-06-30 02:00,25.25,88.165054,13.154786,0.0,Vijayawada,16.48505973815918,80.65714263916016,HIGH,HIGH,HIGH
2025-06-30 03:00,25.25,87.36876,11.841756,0.0,Vijayawada,16.48505973815918,80.65714263916016,HIGH,HIGH,HIGH
2025-06-30 04:00,25.35,86.58808,9.567131,0.0,Vijayawada,16.48505973815918,80.65714263916016,HIGH,HIGH,HIGH
2025-06-30 05:00,25.45,85.81466,9.178235,0.0,Vijayawada,16.48505973815918,80.65714263916016,HIGH,HIGH,HIGH
2025-06-30 06:00,26.15,84.08879,12.108261,7.0,Vijayawada,16.48505973815918,80.65714263916016,HIGH,HIGH,HIGH
2025-06-30 07:00,26.6,83.63244,10.272623,47.0,Vijayawada,16.48505973815918,80.65714263916016,HIGH,HIGH,HIGH
2025-06-30 08:00,27.55,77.443,11.874544,100.0,Vijayawada,16.48505973815918,80.65714263916016,HIGH,HIGH,HIGH
2025-06-30 09:00,28.7,69.41826,11.265469,124.0,Vijayawada,16.48505973815918,80.65714263916016,HIGH,HIGH,HIGH
2025-06-30 10:00,29.7,62.403706,14.587776,204.0,Vijayawada,16.48505973815918,80.65714263916016,HIGH,HIGH,HIGH
2025-06-30 11:00,30.4,59.215908,17.381886,371.0,Vijayawada,16.48505973815918,80.65714263916016,HIGH,HIGH,HIGH
2025-06-30 12:00,29.9,63.98766,14.292725,360.0,Vijayawada,16.48505973815918,80.65714263916016,HIGH,HIGH,HIGH
2025-06-30 13:00,30.65,63.182995,13.88919,422.0,Vijayawada,16.48505973815918,80.65714263916016,HIGH,HIGH,HIGH
2025-06-30 14:00,30.95,61.73412,10.644379,233.0,Vijayawada,16.48505973815918,80.65714263916016,HIGH,HIGH,HIGH
2025-06-30 15:00,31.65,58.607323,9.555271,239.0,Vijayawada,16.48505973815918,80.65714263916016,HIGH,HIGH,HIGH
2025-06-30 16:00,31.55,57.00105,15.182015,132.0,Vijayawada,16.48505973815918,80.65714263916016,HIGH,HIGH,HIGH
2025-06-30 17:00,30.75,60.390896,13.202726,53.0,Vijayawada,16.48505973815918,80.65714263916016,HIGH,HIGH,HIGH
2025-06-30 18:00,29.95,65.37282,9.187056,32.0,Vijayawada,16.48505973815918,80.65714263916016,HIGH,HIGH,HIGH
2025-06-30 19:00,29.55,65.68831,11.165805,0.0,Vijayawada,16.48505973815918,80.65714263916016,HIGH,HIGH,HIGH
2025-06-30 20:00,28.95,68.62774,8.759178,0.0,Vijayawada,16.48505973815918,80.65714263916016,HIGH,HIGH,HIGH
2025-06-30 21:00,28.45,71.72674,6.8612823,0.0,Vijayawada,16.48505973815918,80.65714263916016,HIGH,HIGH,HIGH
2025-06-30 22:00,27.95,75.65436,7.968939,0.0,Vijayawada,16.48505973815918,80.65714263916016,HIGH,HIGH,HIGH
2025-06-30 23:00,27.2,80.97753,14.05845,0.0,Vijayawada,16.48505973815918,80.65714263916016,HIGH,HIGH,HIGH
